grup,arama,sira,baslik,kanal,izlenme,yayin,sure,video_id,url,tip,kanal_url,alakasiz,vitra_kanali,vitra_iliskili
Seçim ve karşılaştırma,asma klozet mi yerden klozet mi,1,ASMA KLOZET DÜŞER Mİ  Wall hung toilet is it safe,Tesisat Servisim,8665,7 yıl önce,2:12,q55anaKNh-c,https://www.youtube.com/watch?v=q55anaKNh-c,youtube_video,https://www.youtube.com/@tesisatservisim,False,False,False
Seçim ve karşılaştırma,asma klozet mi yerden klozet mi,2,Bien Asma Klozet Gizli Montajı,Bien Türkiye,489887,9 yıl önce,3:20,TzDTVuaZfoE,https://www.youtube.com/watch?v=TzDTVuaZfoE,youtube_video,https://www.youtube.com/@BienSeramik,False,False,False
Seçim ve karşılaştırma,asma klozet mi yerden klozet mi,3,ASMA KLOZET YÜKSEK YADA ALÇAK OLDU NE YAPMALIYIM,Tesisat Servisim,48986,4 yıl önce,12:22,K0STgTaM6ao,https://www.youtube.com/watch?v=K0STgTaM6ao,youtube_video,https://www.youtube.com/@tesisatservisim,False,False,False
Seçim ve karşılaştırma,asma klozet mi yerden klozet mi,4,BANYO DA KLOZET TERCİHİ NASIL OLMALI? / KLOZET TERCİHİ / KLOZET SEÇİMİ / KLOZET RENKLERİ / KLOZET,DEKORENZA İç Mimari Tasarım & Mobilya,20643,4 yıl önce,2:09,4pnaPqsEcDs,https://www.youtube.com/watch?v=4pnaPqsEcDs,youtube_video,https://www.youtube.com/@dekorenza,False,False,False
Seçim ve karşılaştırma,asma klozet mi yerden klozet mi,5,Duvara Sıfır Klozet Montajı 🚽 3 Tesisatçının Yapamadığı Klozet 🚾 Yanlış Açılan Wc Gideri  🪠⚡️👍,Cetotv,213256,4 yıl önce,5:39,CwUrMCzqVFM,https://www.youtube.com/watch?v=CwUrMCzqVFM,youtube_video,https://www.youtube.com/@cetotv4958,False,False,False
Seçim ve karşılaştırma,asma klozet mi yerden klozet mi,6,VitrA Rim-ex - Kirlere Yer Bırakmayan Kanalsız Klozet -,VitrA Türkiye,344455,7 yıl önce,0:16,-cd69ggAPzQ,https://www.youtube.com/watch?v=-cd69ggAPzQ,youtube_video,https://www.youtube.com/@VitrAT%C3%BCrkiye,False,True,False
Seçim ve karşılaştırma,asma klozet mi yerden klozet mi,7,Idevit Asma Klozet Montajı Videosu Hacede 4K,Hace De,6200,4 yıl önce,4:15,T8o68ubY2KY,https://www.youtube.com/watch?v=T8o68ubY2KY,youtube_video,https://www.youtube.com/@hacede,False,False,False
Seçim ve karşılaştırma,asma klozet mi yerden klozet mi,8,Eksantrik Asma Klozet Montaj Kiti 25 mm / Connection Set For Wall-Hung WC - 25 mm OFFSET,Izyapi Sanitaryware Equipments,20786,1 yıl önce,2:13,BDDcwoLpdPw,https://www.youtube.com/watch?v=BDDcwoLpdPw,youtube_video,https://www.youtube.com/@izyapisanitarywareequipment,False,False,False
Seçim ve karşılaştırma,asma klozet mi yerden klozet mi,9,ASMA KLOZETİ ALAFRANGAYA ÇEVİRMEK MÜMKÜN MÜ?,Tesisat Servisim,18370,8 yıl önce,1:26,XmLi5KP1vWk,https://www.youtube.com/watch?v=XmLi5KP1vWk,youtube_video,https://www.youtube.com/@tesisatservisim,False,False,False
Seçim ve karşılaştırma,asma klozet mi yerden klozet mi,10,Gizli Montajlı Asma Klozet Montajı | Kale Smart Sistem,Banyotrendy,358505,10 yıl önce,1:48,VWU2Af0ZEms,https://www.youtube.com/watch?v=VWU2Af0ZEms,youtube_video,https://www.youtube.com/@Banyotrendy,False,False,False
Seçim ve karşılaştırma,asma klozet mi yerden klozet mi,11,Asma Tuvalet Montajı - Asma Klozet Uygulaması - Gömme Rezervuar Takılışı,Mecit Korkut,150682,6 yıl önce,9:33,IYUidrI1zi8,https://www.youtube.com/watch?v=IYUidrI1zi8,youtube_video,https://www.youtube.com/@MecitKorkut,False,False,False
Seçim ve karşılaştırma,asma klozet mi yerden klozet mi,12,Kırıp Dökmeden Asma klozet / Gömme Rezarvuar Tadilatı.  How to repair a wall hung toilet,MekaTes,3520,3 yıl önce,2:17,skVmAMVsyAg,https://www.youtube.com/watch?v=skVmAMVsyAg,youtube_video,https://www.youtube.com/@Mehmet.Kavsara,False,False,False
Seçim ve karşılaştırma,gömme rezervuar mı normal rezervuar mı,1,Gömme Rezervuar Alınır mı? Duvarı Kırmadan Tamir Edilir mi? (Gömme Klozet Arızaları),Tesisatçı Genç,683,3 ay önce,3:44,ZfffaOH9qx4,https://www.youtube.com/watch?v=ZfffaOH9qx4,youtube_video,https://www.youtube.com/@tesisatc%C4%B1genc,False,False,False
Seçim ve karşılaştırma,gömme rezervuar mı normal rezervuar mı,2,GÖMME REZERVUAR MONTAJI NASIL YAPILIR ? DOĞRU BİLİNEN YANLIŞLAR !,KUMRAL TEKNİK,9943,1 yıl önce,6:21,TePYIggQX5E,https://www.youtube.com/watch?v=TePYIggQX5E,youtube_video,https://www.youtube.com/@kumralteknik,False,False,False
Seçim ve karşılaştırma,gömme rezervuar mı normal rezervuar mı,3,GÖMME REZERVUAR İÇ TAKIM FARKLI MARKA OLUR MU,Tesisat Servisim,20335,5 yıl önce,2:57,2i1iQmGES3U,https://www.youtube.com/watch?v=2i1iQmGES3U,youtube_video,https://www.youtube.com/@tesisatservisim,False,False,False
Seçim ve karşılaştırma,gömme rezervuar mı normal rezervuar mı,4,HANGİ MARKA GÖMME REZERVUAR TERCİH ETMELİYİM,Tesisat Servisim,12919,5 yıl önce,2:08,Ovl4WfAU0FY,https://www.youtube.com/watch?v=Ovl4WfAU0FY,youtube_video,https://www.youtube.com/@tesisatservisim,False,False,False
Seçim ve karşılaştırma,gömme rezervuar mı normal rezervuar mı,5,ASMA KLOZETİ ALAFRANGAYA ÇEVİRMEK MÜMKÜN MÜ?,Tesisat Servisim,18370,8 yıl önce,1:26,XmLi5KP1vWk,https://www.youtube.com/watch?v=XmLi5KP1vWk,youtube_video,https://www.youtube.com/@tesisatservisim,False,False,False
Seçim ve karşılaştırma,gömme rezervuar mı normal rezervuar mı,6,GÖMME REZERVUAR NASIL OLMALI?,Tesisat Servisim,4240,5 yıl önce,2:10,jNI-sHbInAw,https://www.youtube.com/watch?v=jNI-sHbInAw,youtube_video,https://www.youtube.com/@tesisatservisim,False,False,False
Seçim ve karşılaştırma,gömme rezervuar mı normal rezervuar mı,7,ASMA KLOZET DÜŞER Mİ  Wall hung toilet is it safe,Tesisat Servisim,8665,7 yıl önce,2:12,q55anaKNh-c,https://www.youtube.com/watch?v=q55anaKNh-c,youtube_video,https://www.youtube.com/@tesisatservisim,False,False,False
Seçim ve karşılaştırma,gömme rezervuar mı normal rezervuar mı,8,ASMA KLOZET DEĞİŞİMİ ALAFRANGAYA DÖNÜŞTÜRME,Tesisat Servisim,65304,7 yıl önce,2:32,8ZFNd451D40,https://www.youtube.com/watch?v=8ZFNd451D40,youtube_video,https://www.youtube.com/@tesisatservisim,False,False,False
Seçim ve karşılaştırma,gömme rezervuar mı normal rezervuar mı,9,VİTRA GÖMME REZERVUAR MONTAJI,Sıhhi Tesisat Ustaları,133804,5 yıl önce,2:50,6495TGVQPR4,https://www.youtube.com/watch?v=6495TGVQPR4,youtube_video,https://www.youtube.com/@sihhitesisatustalar3139,False,False,False
Seçim ve karşılaştırma,gömme rezervuar mı normal rezervuar mı,10,GÖMME REZERVUAR ALT KATA SU KAÇIRIYOR,Tesisat Servisim,30004,6 yıl önce,1:58,tTzfpIMuXkE,https://www.youtube.com/watch?v=tTzfpIMuXkE,youtube_video,https://www.youtube.com/@tesisatservisim,False,False,False
Seçim ve karşılaştırma,gömme rezervuar mı normal rezervuar mı,11,BANYO DUVARINI KIRMADAN GÖMME REZERVUAR KURULUMU VE MONTAJI BÖYLE YAPILIR!,KS Dekorasyon,92375,6 yıl önce,5:23,7mhXMjm-RBI,https://www.youtube.com/watch?v=7mhXMjm-RBI,youtube_video,https://www.youtube.com/@ksdekorasyon,False,False,False
Seçim ve karşılaştırma,gömme rezervuar mı normal rezervuar mı,12,VitrA V-Fix Prime 8 cm Gömme Rezervuar montajı nasıl yapılır? – Tuğla duvar,VitrA Türkiye,315507,5 yıl önce,7:16,2mzVnoBKXh4,https://www.youtube.com/watch?v=2mzVnoBKXh4,youtube_video,https://www.youtube.com/@VitrAT%C3%BCrkiye,False,True,False
Seçim ve karşılaştırma,gömme rezervuar mı normal rezervuar mı,13,Asma Tuvalet Montajı - Asma Klozet Uygulaması - Gömme Rezervuar Takılışı,Mecit Korkut,150681,6 yıl önce,9:33,IYUidrI1zi8,https://www.youtube.com/watch?v=IYUidrI1zi8,youtube_video,https://www.youtube.com/@MecitKorkut,False,False,False
Seçim ve karşılaştırma,gömme rezervuar mı normal rezervuar mı,14,Serel Gömme Rezervuar Su Kaçırıyor? Conta Değişimi!,Macit Tesisat,310818,2 yıl önce,3:35,eLA0UQvn-9U,https://www.youtube.com/watch?v=eLA0UQvn-9U,youtube_video,https://www.youtube.com/@MacitTesisat,False,False,False
Seçim ve karşılaştırma,gömme rezervuar mı normal rezervuar mı,15,ASMA KLOZET YÜKSEK YADA ALÇAK OLDU NE YAPMALIYIM,Tesisat Servisim,48983,4 yıl önce,12:22,K0STgTaM6ao,https://www.youtube.com/watch?v=K0STgTaM6ao,youtube_video,https://www.youtube.com/@tesisatservisim,False,False,False
Seçim ve karşılaştırma,gömme rezervuar mı normal rezervuar mı,16,ESKİ TUVALET TAŞI - GÖMME REZERVUAR’A NASIL DÖNÜŞTÜRÜLÜYOR,Barutoğlu Tesisat Sedat Barut,37221,5 yıl önce,4:02,B7bAm2sNtLA,https://www.youtube.com/watch?v=B7bAm2sNtLA,youtube_video,https://www.youtube.com/@BARUTOGLU,False,False,False
Seçim ve karşılaştırma,gömme rezervuar mı normal rezervuar mı,17,VİTRA GÖMME REZERVUAR MONTAJİ,Sıhhi Tesisat Ustaları,6907,2 yıl önce,1:57,R1s-Zbxmmxw,https://www.youtube.com/watch?v=R1s-Zbxmmxw,youtube_video,https://www.youtube.com/@sihhitesisatustalar3139,False,False,False
Seçim ve karşılaştırma,gömme rezervuar mı normal rezervuar mı,18,GÖMME REZERVUAR HAZNE ÇATLAK TESPİTİ NASIL YAPILIR,Tesisat Servisim,14453,5 yıl önce,4:29,3ifaoeUXS10,https://www.youtube.com/watch?v=3ifaoeUXS10,youtube_video,https://www.youtube.com/@tesisatservisim,False,False,False
Seçim ve karşılaştırma,gömme rezervuar mı normal rezervuar mı,19,GÖMME REZERVUARDAN ALT KATA SU AKIYOR NEDEN? GÖMME REZERVUAR SERVİSİ,Tesisat Servisim,25548,5 yıl önce,1:39,67m8yawQTlo,https://www.youtube.com/watch?v=67m8yawQTlo,youtube_video,https://www.youtube.com/@tesisatservisim,False,False,False
Seçim ve karşılaştırma,banyo dolabı nasıl seçilir,1,Banyo Dolaplarında hangisini seçmeliyiz?,LUDO TASARIM MOBİLYA ,302,1 yıl önce,2:19,bDssOfLlIu4,https://www.youtube.com/watch?v=bDssOfLlIu4,youtube_video,https://www.youtube.com/@LUDOTASARIMMOB%C4%B0LYA,False,False,False
Seçim ve karşılaştırma,banyo dolabı nasıl seçilir,2,Banyo dolabı seçerken nelere dikkat edilir? Lavabo seçiminde önemli detaylar,Banyo -Mutfak Mimarisi \ Burcu Tarkan,2680,3 yıl önce,2:12,Dnqw3zgm2tc,https://www.youtube.com/watch?v=Dnqw3zgm2tc,youtube_video,https://www.youtube.com/@BurcuTarkan,False,False,False
Seçim ve karşılaştırma,banyo dolabı nasıl seçilir,3,Hangi Lavabo Modelini Seçmeliyiz? Avantajları ve Dezavantajları Nelerdir?,decoverse,86726,3 yıl önce,4:43,54esDet6t7M,https://www.youtube.com/watch?v=54esDet6t7M,youtube_video,https://www.youtube.com/@decoversecom,False,False,False
Seçim ve karşılaştırma,banyo dolabı nasıl seçilir,4,Rani F1 Çok Amaçlı Dolap 2 Kapaklı Banyo Balkon Mutfak Dolabı Beyaz M1 Montaj Kurulum Videosu,Rani Mobilya,16750,5 yıl önce,1:56,M5LelZ-l1NU,https://www.youtube.com/watch?v=M5LelZ-l1NU,youtube_video,https://www.youtube.com/@RaniMobilya,False,False,False
Seçim ve karşılaştırma,banyo dolabı nasıl seçilir,5,VitrA Banyo Dolabı Montajı Nasıl Yapılır? | Adım Adım Kurulum,VitrA Türkiye,258496,1 yıl önce,1:26,b0w9MjCEDpk,https://www.youtube.com/watch?v=b0w9MjCEDpk,youtube_video,https://www.youtube.com/@VitrAT%C3%BCrkiye,False,True,False
Seçim ve karşılaştırma,banyo dolabı nasıl seçilir,6,Roomart Atlantik Seri Lavabolu Banyo Alt Dolabı Montaj Videosu,Roomart Türkiye,19423,3 yıl önce,2:15,QVbAQYEIvTk,https://www.youtube.com/watch?v=QVbAQYEIvTk,youtube_video,https://www.youtube.com/@roomart_tr,False,False,False
Seçim ve karşılaştırma,banyo dolabı nasıl seçilir,7,BANYO YENİLEME | BANYO DOLABI BOYAMA (UYGUN FİYATA DOLAPLARINIZI KENDİNİZ BOYAYIN),Sare's,28858,6 yıl önce,5:00,-oW4SaQVbAA,https://www.youtube.com/watch?v=-oW4SaQVbAA,youtube_video,https://www.youtube.com/@sares8922,False,False,False
Seçim ve karşılaştırma,banyo dolabı nasıl seçilir,8,LAVABO DOLABI NASIL YAPILIR VE MONTE EDİLİR?,Sait Toksöz,16677,1 yıl önce,4:13,EOaGl33f5pU,https://www.youtube.com/watch?v=EOaGl33f5pU,youtube_video,https://www.youtube.com/@saittoksoz,False,False,False
Seçim ve karşılaştırma,banyo dolabı nasıl seçilir,9,Uzun ömürlü banyo dolabı nasıl seçilir? | Kobos Banyo,Kobos Banyo,19,8 ay önce,0:17,QfmZYkT-Iw0,https://www.youtube.com/watch?v=QfmZYkT-Iw0,youtube_video,https://www.youtube.com/@kobosbanyo,False,False,False
Seçim ve karşılaştırma,banyo dolabı nasıl seçilir,10,Roomart Atria Seri Lavabolu Alt Dolap Montaj Videosu,Roomart Türkiye,4194,3 yıl önce,2:06,3IqgTYjK5FU,https://www.youtube.com/watch?v=3IqgTYjK5FU,youtube_video,https://www.youtube.com/@roomart_tr,False,False,False
Seçim ve karşılaştırma,banyo dolabı nasıl seçilir,11,DESSONI MODERN BANYO DOLABI AKRİLİK TEZGAH #dessoni,DESSONI,82616,6 yıl önce,1:11,88BcbwW2duo,https://www.youtube.com/watch?v=88BcbwW2duo,youtube_video,https://www.youtube.com/@dessonidesign,False,False,False
Seçim ve karşılaştırma,banyo dolabı nasıl seçilir,12,MRS-002 Mars Banyo Ula Asma Banyo Dolabı Takımı Montaj Videosu,marsbanyo,35199,4 yıl önce,3:17,vYiC1YQuAOQ,https://www.youtube.com/watch?v=vYiC1YQuAOQ,youtube_video,https://www.youtube.com/@marsbanyo1331,False,False,False
Seçim ve karşılaştırma,banyo dolabı nasıl seçilir,13,MRS-007 Mars Banyo Avşa Geniş Lavabolu Banyo Dolabı Takımı Montaj Videosu,marsbanyo,19812,4 yıl önce,2:43,ebfTzhqfd04,https://www.youtube.com/watch?v=ebfTzhqfd04,youtube_video,https://www.youtube.com/@marsbanyo1331,False,False,False
Seçim ve karşılaştırma,banyo dolabı nasıl seçilir,14,AYNALI BANYO DOLABI duvar montajı ve pleksi duvar raf montajı,serhat ayer,22409,3 yıl önce,7:36,ua14M6GhW4I,https://www.youtube.com/watch?v=ua14M6GhW4I,youtube_video,https://www.youtube.com/@seaeyed22,False,False,False
Seçim ve karşılaştırma,banyo dolabı nasıl seçilir,15,AYNALI RAFLI BANYO dolabı birleştirme montajı,serhat ayer,43234,3 yıl önce,5:59,p6TGxpdfThs,https://www.youtube.com/watch?v=p6TGxpdfThs,youtube_video,https://www.youtube.com/@seaeyed22,False,False,False
Seçim ve karşılaştırma,banyo dolabı nasıl seçilir,16,YILDIZ BANYO DOLABI KURULUMU (55-65-80CM ),ÖZCEDEN,7685,5 yıl önce,5:40,tx4YyHt4l6U,https://www.youtube.com/watch?v=tx4YyHt4l6U,youtube_video,https://www.youtube.com/@ozceden7200,False,False,False
Seçim ve karşılaştırma,banyo dolabı nasıl seçilir,17,BANYO DOLABI MONTAJI NASIL YAPILIR,BİZ DE YAPABİLİRİZ TEKNİK,225303,5 yıl önce,7:40,fudQSFnZjOs,https://www.youtube.com/watch?v=fudQSFnZjOs,youtube_video,https://www.youtube.com/@bizdeyapabilirizteknik,False,False,False
Seçim ve karşılaştırma,banyo dolabı nasıl seçilir,18,Dekorister Arizona 2 Kapaklı Çok Amaçlı Dolap + Montaj Vİdeosu + Banyo Dolabı Montajı,Dekorister Mobilya,14194,8 yıl önce,1:18,X0D5Qma2qck,https://www.youtube.com/watch?v=X0D5Qma2qck,youtube_video,https://www.youtube.com/@dekorister,False,False,False
Seçim ve karşılaştırma,banyo dolabı nasıl seçilir,19,BAUHAUS BANYO DOLAPLARI 2024 MODEL VE FİYATLARI,Kılıç Tadilat,8564,2 yıl önce,2:30,iYM2dj8XMeE,https://www.youtube.com/watch?v=iYM2dj8XMeE,youtube_video,https://www.youtube.com/@klctadilat572,False,False,False
Seçim ve karşılaştırma,banyo dolabı nasıl seçilir,20,Dekorister Benito Çamaşır Makinesi Alt Üst Dolap + Banyo Dolap Seti Kurulumu,Dekorister Mobilya,24891,8 yıl önce,2:29,iQgfCd_bFlo,https://www.youtube.com/watch?v=iQgfCd_bFlo,youtube_video,https://www.youtube.com/@dekorister,False,False,False
Seçim ve karşılaştırma,lavabo nasıl seçilir,1,Hangi Lavabo Modelini Seçmeliyiz? Avantajları ve Dezavantajları Nelerdir?,decoverse,86726,3 yıl önce,4:43,54esDet6t7M,https://www.youtube.com/watch?v=54esDet6t7M,youtube_video,https://www.youtube.com/@decoversecom,False,False,False
Seçim ve karşılaştırma,lavabo nasıl seçilir,2,Doğru lavabo nasıl seçilir? #lavabo #banyo #nasılyapılır #bathroom  #dekorasyon #evdekorasyonu,Banyo -Mutfak Mimarisi \ Burcu Tarkan,412,3 yıl önce,2:59,VAgisWrzJbw,https://www.youtube.com/watch?v=VAgisWrzJbw,youtube_video,https://www.youtube.com/@BurcuTarkan,False,False,False
Seçim ve karşılaştırma,lavabo nasıl seçilir,3,Mutfak Lavabosu (evye) nasıl yapıştırılır | Çelik silikon ile,kendin yaparsın,284771,6 yıl önce,2:54,lUyMd8sAzQo,https://www.youtube.com/watch?v=lUyMd8sAzQo,youtube_video,https://www.youtube.com/@kendinyaparsin,False,False,False
Seçim ve karşılaştırma,lavabo nasıl seçilir,4,Destekli Lavabo Kurulumu | Kendin Yap,SIKANA Türkçe,157683,9 yıl önce,4:23,Cu_HzvDHu-U,https://www.youtube.com/watch?v=Cu_HzvDHu-U,youtube_video,https://www.youtube.com/@sikanaTurkce,False,False,False
Seçim ve karşılaştırma,lavabo nasıl seçilir,5,TÜM DETAYLARI İLE ADIM ADIM AYAKLI LAVABO KURULUMU NASIL YAPILIR‼️ ,kendin yaparsın,2043,4 ay önce,7:20,O504tvYKAuw,https://www.youtube.com/watch?v=O504tvYKAuw,youtube_video,https://www.youtube.com/@kendinyaparsin,False,False,False
Seçim ve karşılaştırma,lavabo nasıl seçilir,6,"eviye lavabo nasıl takılır silikonlanır montaj, banyo dolabına eviye lavabo leğen nasıl takılır",İsmâil Hakkı FEYZİOĞLU,82319,5 yıl önce,5:02,dDhPiv6qSrY,https://www.youtube.com/watch?v=dDhPiv6qSrY,youtube_video,https://www.youtube.com/@%C4%B0sm%C3%A2ilHakk%C4%B1FEYZ%C4%B0O%C4%9ELU,False,False,False
Seçim ve karşılaştırma,lavabo nasıl seçilir,7,"AYAKLI LAVABO NASIL SÖKÜLÜR, NASIL DEĞISTIRILİR",kendin yaparsın,86980,6 yıl önce,2:44,0cgxnl4OD6A,https://www.youtube.com/watch?v=0cgxnl4OD6A,youtube_video,https://www.youtube.com/@kendinyaparsin,False,False,False
Seçim ve karşılaştırma,batarya nasıl seçilir,1,Batarya Gizemi: Modern Piller Nasıl Çalışıyor ve Neden Bu Kadar Az Gidiyor?,Evrim Ağacı,939517,3 yıl önce,18:08,kTmQAv6SO6E,https://www.youtube.com/watch?v=kTmQAv6SO6E,youtube_video,https://www.youtube.com/@evrimagaci,True,False,False
Seçim ve karşılaştırma,batarya nasıl seçilir,2,Bms Nedir? Bms Nasıl Seçilir? Li-ion Bms,Pil Adam,46578,4 yıl önce,8:40,_OnWQ9tFX-U,https://www.youtube.com/watch?v=_OnWQ9tFX-U,youtube_video,https://www.youtube.com/@PilAdam,True,False,False
Seçim ve karşılaştırma,batarya nasıl seçilir,3,Kaliteli Uzun Ömürlü Batarya Nasıl Yapılır,Pil Adam,46573,4 yıl önce,9:20,YJpneUHMmwE,https://www.youtube.com/watch?v=YJpneUHMmwE,youtube_video,https://www.youtube.com/@PilAdam,True,False,False
Seçim ve karşılaştırma,batarya nasıl seçilir,4,"SAKIN BU PİLLERİ ALMAYIN, Sahte Lityum Pil Nasıl Anlaşılır, Sahte 18650 Pil İnceleme",mehmet efe usta,88704,3 yıl önce,8:11,eC52B9n6xNk,https://www.youtube.com/watch?v=eC52B9n6xNk,youtube_video,https://www.youtube.com/@mehmetefeusta,False,False,False
Seçim ve karşılaştırma,batarya nasıl seçilir,5,Batarya Yönetme Sistemi yani BMS nedir ?,Can'ın Atölyesi,2139,9 ay önce,4:44,w4nFlJEFYAU,https://www.youtube.com/watch?v=w4nFlJEFYAU,youtube_video,https://www.youtube.com/@can%C4%B1natolyesi,True,False,False
Seçim ve karşılaştırma,batarya nasıl seçilir,6,Pil Nasıl Seçilir,Pil Adam,3286,1 yıl önce,19:00,wP9kBsVP3W4,https://www.youtube.com/watch?v=wP9kBsVP3W4,youtube_video,https://www.youtube.com/@PilAdam,True,False,False
Seçim ve karşılaştırma,batarya nasıl seçilir,7,Batarya Alırken Nelere Dikkat Edilmeli? ORJİNAL VE MUADİL BATARYALAR,Scroll.com.tr,91324,10 yıl önce,4:20,JhwF6Qkz1nk,https://www.youtube.com/watch?v=JhwF6Qkz1nk,youtube_video,https://www.youtube.com/@scrollvideo,False,False,False
Seçim ve karşılaştırma,batarya nasıl seçilir,8,GROHE BANYO BATARYASI MONTAJI Bath Mixer Installation,Tesisat Servisim,89827,5 yıl önce,3:30,5HZkJfASrx0,https://www.youtube.com/watch?v=5HZkJfASrx0,youtube_video,https://www.youtube.com/@tesisatservisim,False,False,False
Seçim ve karşılaştırma,batarya nasıl seçilir,9,ELEKTRİKLİ ARAÇ ALIRKEN BATARYA KONUSUNDA BİLMENİZ GEREKENLER!,Dolubatarya,176913,2 yıl önce,29:04,R14JJbCoenw,https://www.youtube.com/watch?v=R14JJbCoenw,youtube_video,https://www.youtube.com/@dolubatarya,False,False,False
Seçim ve karşılaştırma,batarya nasıl seçilir,10,iPhone İçin Kaliteli Batarya Nasıl Anlaşılır?,FPPRO,28996,6 yıl önce,2:54,xBoSz4y2ijw,https://www.youtube.com/watch?v=xBoSz4y2ijw,youtube_video,https://www.youtube.com/@FPPRO_TR,True,False,False
Seçim ve karşılaştırma,batarya nasıl seçilir,11,Banyo Bataryası Nasıl Değiştirilir - Banyo Musluğu Montajı - Bataryo Musluk Nasıl Takılır  Kendinyap,Yaşar Alanoğlu,79476,1 yıl önce,5:04,ftH0AyZZ04c,https://www.youtube.com/watch?v=ftH0AyZZ04c,youtube_video,https://www.youtube.com/@yasaralanoglu_office,False,False,False
Seçim ve karşılaştırma,batarya nasıl seçilir,12,Hangi Mutfak Bataryası Size Uygun? | Crauf Mutfak Rehberi,Crauf,1551,11 ay önce,5:55,hg2HkUfQCXk,https://www.youtube.com/watch?v=hg2HkUfQCXk,youtube_video,https://www.youtube.com/@CraufT%C3%BCrkiye,False,False,False
Seçim ve karşılaştırma,batarya nasıl seçilir,13,Lipo Pil Nedir? Lipo pil kullanımı ve güvenliği,Robotistan,107498,10 yıl önce,12:01,w4kxKJYPlTY,https://www.youtube.com/watch?v=w4kxKJYPlTY,youtube_video,https://www.youtube.com/@robotistan,False,False,False
Seçim ve karşılaştırma,batarya nasıl seçilir,14,Li-ion pil kullanım rehberi,Usta Tv,101917,5 yıl önce,20:13,dzA4EKCMnNg,https://www.youtube.com/watch?v=dzA4EKCMnNg,youtube_video,https://www.youtube.com/@Usta-Tv,True,False,False
Seçim ve karşılaştırma,batarya nasıl seçilir,15,BMS Neden Gereklidir? | 18650 Piller ve Tüm BMS Bağlantıları | Lityum Pil Koruma Kartı Kullanımı.,Ali Çelikkol,10012,4 ay önce,8:12,9SXXh_eHJVQ,https://www.youtube.com/watch?v=9SXXh_eHJVQ,youtube_video,https://www.youtube.com/@alicelikkol32,True,False,False
Seçim ve karşılaştırma,batarya nasıl seçilir,16,Lavabo Bataryası Nasıl Takılır? | VitrA Lavabo Bataryası Montajı,VitrA Türkiye,235782,1 yıl önce,1:15,FkqJvCVyaZ4,https://www.youtube.com/watch?v=FkqJvCVyaZ4,youtube_video,https://www.youtube.com/@VitrAT%C3%BCrkiye,False,True,False
Seçim ve karşılaştırma,batarya nasıl seçilir,17,MUTFAK BATARYA MONTAJI NASIL YAPILIR ? (Detaylı anlatım),Teknik Çözümler,174435,4 yıl önce,7:29,IAhNW1ar4S0,https://www.youtube.com/watch?v=IAhNW1ar4S0,youtube_video,https://www.youtube.com/@teknikcozumlerr,False,False,False
Seçim ve karşılaştırma,batarya nasıl seçilir,18,Telefon Bataryanızı Delerseniz Ne Olur?,Evrim Ağacı,1500271,3 yıl önce,1:00,UTzVFcN1ix4,https://www.youtube.com/shorts/UTzVFcN1ix4,youtube_video,https://www.youtube.com/@evrimagaci,True,False,False
Seçim ve karşılaştırma,batarya nasıl seçilir,19,DEJİ BATARYA KULLANIM TESTİ | Deji Batarya Yorumları,Mevlüt Aydemir,48654,4 yıl önce,3:57,uxabK71ofcw,https://www.youtube.com/watch?v=uxabK71ofcw,youtube_video,https://www.youtube.com/@Mevl%C3%BCtAydemir,False,False,False
Seçim ve karşılaştırma,batarya nasıl seçilir,20,Evye bataryası seç arıtmalı batarya arıtmalı evye bataryası mutfağımı yeniliyorum #mutfakdekorasyon,Buşra Mert,139879,3 yıl önce,0:26,Ed-095jiU_I,https://www.youtube.com/shorts/Ed-095jiU_I,youtube_video,https://www.youtube.com/@bm.sweethome,False,False,False
Seçim ve karşılaştırma,duşakabin nasıl seçilir,1,Duşakabin nasıl seçilir? Duşkabin seçerken neye dikkat edilir? #duşkabin #banyo #duşakabin #temper,Banyo -Mutfak Mimarisi \ Burcu Tarkan,33108,3 yıl önce,8:25,3W68yJPBz_Y,https://www.youtube.com/watch?v=3W68yJPBz_Y,youtube_video,https://www.youtube.com/@BurcuTarkan,False,False,False
Seçim ve karşılaştırma,duşakabin nasıl seçilir,2,Duşakabin nasıl seçilir? #duşakabin #banyo #bathroom #banyodekorasyonu #temizlik #duşkabin #bath,Banyo -Mutfak Mimarisi \ Burcu Tarkan,26888,2 yıl önce,1:01,IngeSJ64wCI,https://www.youtube.com/watch?v=IngeSJ64wCI,youtube_video,https://www.youtube.com/@BurcuTarkan,False,False,False
Seçim ve karşılaştırma,duşakabin nasıl seçilir,3,Duşakabin Alırken Yapılan 7 Büyük Hata (Almadan Önce İzleyin),Yıldırım Duş,9429,8 ay önce,4:30,pfW8Bmbk0kk,https://www.youtube.com/watch?v=pfW8Bmbk0kk,youtube_video,https://www.youtube.com/@Yildirimdus,False,False,False
Seçim ve karşılaştırma,duşakabin nasıl seçilir,4,Duş kabini alırken nelere dikkat edilmeli,fatih tiryaki,141619,15 yıl önce,1:19,xODZryhYf04,https://www.youtube.com/watch?v=xODZryhYf04,youtube_video,https://www.youtube.com/@fatihtiryaki,False,False,False
Seçim ve karşılaştırma,duşakabin nasıl seçilir,5,En Ucuz duşakabin nasıl seçilir?,Nokta duşakabin,89,11 yıl önce,1:11,3dpcyHQnwyA,https://www.youtube.com/watch?v=3dpcyHQnwyA,youtube_video,https://www.youtube.com/@Noktadu%C5%9Fakabin-w5c,False,False,False
Seçim ve karşılaştırma,duşakabin nasıl seçilir,6,Duşakabin mermeri nasıl konmalı ve silikon nasıl çekmeli,Özay Göçer,118606,7 yıl önce,1:05,LKbKXtacZHc,https://www.youtube.com/watch?v=LKbKXtacZHc,youtube_video,https://www.youtube.com/@ozaygocer248,False,False,False
Seçim ve karşılaştırma,duşakabin nasıl seçilir,7,İş'te Moda | Duşakabin seçimi nasıl olmalı?,Deniz Tunca Tv,5852,8 yıl önce,9:15,1a4isFCiAMw,https://www.youtube.com/watch?v=1a4isFCiAMw,youtube_video,https://www.youtube.com/@deniztuncatv,False,False,False
Seçim ve karşılaştırma,duşakabin nasıl seçilir,8,Banyo nasıl tasarlanır? Banyoda duş kabini nasıl seçilir? Oturmalı duş kabin tasarımı. #banyo,Banyo -Mutfak Mimarisi \ Burcu Tarkan,1015,3 yıl önce,3:37,dWT-wrqK-Eg,https://www.youtube.com/watch?v=dWT-wrqK-Eg,youtube_video,https://www.youtube.com/@BurcuTarkan,False,False,False
Seçim ve karşılaştırma,duşakabin nasıl seçilir,9,DUŞAKABİN MONTAJI NASIL YAPILIR? VİDEOSU- TEKNESİZ MONTAJ KILAVUZU,Yapı Dükkanım,341339,6 yıl önce,2:35,24wBbV83-0w,https://www.youtube.com/watch?v=24wBbV83-0w,youtube_video,https://www.youtube.com/@yapdukkanm5718,False,False,False
Seçim ve karşılaştırma,duşakabin nasıl seçilir,10,Duşakabin Ölçüsü Nasıl Alınır? Duşakabin Ölçü Alma Alma Tekniği - YapıDükkanım,Yapı Dükkanım,37573,6 yıl önce,4:13,iIE-eXcSzeQ,https://www.youtube.com/watch?v=iIE-eXcSzeQ,youtube_video,https://www.youtube.com/@yapdukkanm5718,False,False,False
Seçim ve karşılaştırma,duşakabin nasıl seçilir,11,Duşakabinin Kararmış Silikonlarını Ve Metal Kısımlarını Yeniledim!,Emine Deligoz,217748,4 yıl önce,17:18,3avgZm2DLIE,https://www.youtube.com/watch?v=3avgZm2DLIE,youtube_video,https://www.youtube.com/@EmineDeligoz,False,False,False
Seçim ve karşılaştırma,duşakabin nasıl seçilir,12,Banyo duşakabin montajı böyle yapılıyor! #jakuzi #Duşakabin #DuşTeknesi #Ebeveyn,şehmus kalkan,92300,5 yıl önce,8:12,4zx-8keiW48,https://www.youtube.com/watch?v=4zx-8keiW48,youtube_video,https://www.youtube.com/@SehmusKalkan,False,False,False
Seçim ve karşılaştırma,duşakabin nasıl seçilir,13,Duşakabin Silikon Çekme | Silikon Nasıl Çekilir?,Metin Aygun,244628,5 yıl önce,4:48,kgkp0QFsbjM,https://www.youtube.com/watch?v=kgkp0QFsbjM,youtube_video,https://www.youtube.com/@mtnaygn,False,False,False
Seçim ve karşılaştırma,duşakabin nasıl seçilir,14,Lüks Camlı Duşakabin,Ay Yapı Teknik Cam Balkon Sistemleri,2148,4 yıl önce,0:16,CpxvpeTFZ3U,https://www.youtube.com/shorts/CpxvpeTFZ3U,youtube_video,https://www.youtube.com/@cambalkoncu,False,False,False
Seçim ve karşılaştırma,duşakabin nasıl seçilir,15,Duşakabin içine fayans döşeme nasıl yapılır,KÖŞK DUŞAKABİN,138423,2 yıl önce,0:08,Eog8Cb21FiY,https://www.youtube.com/shorts/Eog8Cb21FiY,youtube_video,https://www.youtube.com/@yahyayavuz6634,False,False,False
Seçim ve karşılaştırma,duşakabin nasıl seçilir,16,Banyo tasarım projelerinizde duş dekorasyon çalışmalarınızda #duşakabin,Çamlıca Duşakabin,233560,2 yıl önce,0:12,ZgbwPR6a5ZQ,https://www.youtube.com/shorts/ZgbwPR6a5ZQ,youtube_video,https://www.youtube.com/@camdusakabin,False,False,False
Seçim ve karşılaştırma,duşakabin nasıl seçilir,17,Tavan Boy Seperatör Duşakabin || Dağılmaz Cam Teknolojisi 4+4 Lamine Temperli Cam #içmimarlık,Çamlıca Duşakabin,6786,2 yıl önce,0:33,kZ7Cer4m2kY,https://www.youtube.com/shorts/kZ7Cer4m2kY,youtube_video,https://www.youtube.com/@camdusakabin,False,False,False
Seçim ve karşılaştırma,duşakabin nasıl seçilir,18,Duşakabin seramik uygulaması #başarı #seramik #motivasyon #home,Dekorher,4752,11 ay önce,0:56,ILZqMpM4ixM,https://www.youtube.com/shorts/ILZqMpM4ixM,youtube_video,https://www.youtube.com/@Dekorasyon_Tadilat,False,False,False
Seçim ve karşılaştırma,duşakabin nasıl seçilir,19,QOREX DUŞAKABİN KURULUMU - PART 1 - DUVAR U PROFİLİ VİDALAMA,Qorex,65452,10 ay önce,0:27,3jBg89m_Jks,https://www.youtube.com/shorts/3jBg89m_Jks,youtube_video,https://www.youtube.com/@qorexcomtr,False,False,False
Seçim ve karşılaştırma,duşakabin nasıl seçilir,20,"Eski Duş Teknelerine Veda, Zeminden Seramikle Yenilikçi Çözüm! #zemindöşeme #duşakabin",BT BAYTES MEKANİK TESİSAT DOĞALGAZ İNŞAAT ,155355,1 yıl önce,0:17,Q1l736ML4KM,https://www.youtube.com/shorts/Q1l736ML4KM,youtube_video,https://www.youtube.com/@btbaytesmekaniktesisat,False,False,False
Seçim ve karşılaştırma,akıllı klozet alınır mı,1,V-care Akıllı Klozet İncelemesi,ShiftDelete.Net,143961,11 yıl önce,5:30,epyefABb_Yk,https://www.youtube.com/watch?v=epyefABb_Yk,youtube_video,https://www.youtube.com/@ShiftDeleteNet,False,False,False
Seçim ve karşılaştırma,akıllı klozet alınır mı,2,Akıllı Klozet Kapağı Çocuklar için Uygun Mudur ?,Şımart Teknoloji,316,1 yıl önce,5:06,8g49pRgbpaw,https://www.youtube.com/watch?v=8g49pRgbpaw,youtube_video,https://www.youtube.com/@%C5%9E%C4%B1martTeknoloji,False,False,False
Seçim ve karşılaştırma,akıllı klozet alınır mı,3,Vitra V Care Akıllı Klozet Tanıtım,YapıStil,55479,9 yıl önce,8:12,M_jVZSA91Cw,https://www.youtube.com/watch?v=M_jVZSA91Cw,youtube_video,https://www.youtube.com/@yapistil,False,False,False
Seçim ve karşılaştırma,akıllı klozet alınır mı,4,VitrA V-Care Akıllı Klozet | Akıllı Tuvalet Deneyimi,Banyotrendy,216139,9 yıl önce,0:38,E8Dz5MTFIBg,https://www.youtube.com/watch?v=E8Dz5MTFIBg,youtube_video,https://www.youtube.com/@Banyotrendy,False,False,False
Seçim ve karşılaştırma,akıllı klozet alınır mı,5,SensoWash® D Neo AKILLI KLOZET İlk Adımlar/Tanıtım,FATİH YAPI,376,1 yıl önce,3:12,nPEgqZrEmLI,https://www.youtube.com/watch?v=nPEgqZrEmLI,youtube_video,https://www.youtube.com/@FAT%C4%B0HYAPI94,False,False,False
Seçim ve karşılaştırma,akıllı klozet alınır mı,6,Geberit AquaClean Mera Akıllı Klozet Tanıtım,YapıStil,135470,9 yıl önce,2:50,FTsmxbADIvE,https://www.youtube.com/watch?v=FTsmxbADIvE,youtube_video,https://www.youtube.com/@yapistil,False,False,False
Seçim ve karşılaştırma,akıllı klozet alınır mı,7,Tuvalet Deneyimini Değiştiren İcat! 🚽 Şımart Akıllı Klozet Kapağı İncelemesi,Koray HAZAR,11295,3 hafta önce,11:23,t5oUkEQrxpU,https://www.youtube.com/watch?v=t5oUkEQrxpU,youtube_video,https://www.youtube.com/@KorayHAZAR,False,False,False
Seçim ve karşılaştırma,akıllı klozet alınır mı,8,AKILLI KLOZET,Mehmet Kabak,873,9 yıl önce,4:03,aGCjg7csRzY,https://www.youtube.com/watch?v=aGCjg7csRzY,youtube_video,https://www.youtube.com/@mehmetkabak637,False,False,False
Seçim ve karşılaştırma,akıllı klozet alınır mı,9,İnternetten klozet alınır mı ??? Kale İda Klozet Kutu Açılımı,EMRE YILMAZ,637,4 yıl önce,3:54,DVEZIVyz8Nw,https://www.youtube.com/watch?v=DVEZIVyz8Nw,youtube_video,https://www.youtube.com/@EMRE-YILMAZ,False,False,False
Seçim ve karşılaştırma,akıllı klozet alınır mı,10,Koresan 301Y Akıllı Klozet Yerden Gider Kurulum Videosu,Koresan,166,4 ay önce,3:33,cU-UXKvoUno,https://www.youtube.com/watch?v=cU-UXKvoUno,youtube_video,https://www.youtube.com/@ahmetcelik3076,False,False,False
Seçim ve karşılaştırma,akıllı klozet alınır mı,11,Kohler Akıllı Klozet Numi Ada Tipi Kompakt Set,Yütaş Yapı Ürünleri Tic.A.Ş.,1126,6 yıl önce,1:20,TJX1X08dtQY,https://www.youtube.com/watch?v=TJX1X08dtQY,youtube_video,https://www.youtube.com/@yutasyapurunleritic.a.s.5401,False,False,False
Seçim ve karşılaştırma,akıllı klozet alınır mı,12,Koresan 301A Asma Akıllı Klozet Kurulum Videosu,Koresan,342,5 ay önce,8:36,3vmm33hKJWE,https://www.youtube.com/watch?v=3vmm33hKJWE,youtube_video,https://www.youtube.com/@KORESAN-GROUP,False,False,False
Seçim ve karşılaştırma,akıllı klozet alınır mı,13,Qloset Akıllı Klozet Kapağı| Kaizen Hijyen ile,KAIZEN HİJYEN,271,7 ay önce,2:36,_ieTctiLfuA,https://www.youtube.com/watch?v=_ieTctiLfuA,youtube_video,https://www.youtube.com/@kaizenhijyen4645,False,False,False
Seçim ve karşılaştırma,akıllı klozet alınır mı,14,Şımart Akıllı Klozet Kapağı Kutu Açılışı ve İlk Kurulum,Şımart Teknoloji,11421,2 yıl önce,4:42,Tfkj1_CCEDU,https://www.youtube.com/watch?v=Tfkj1_CCEDU,youtube_video,https://www.youtube.com/@%C5%9E%C4%B1martTeknoloji,False,False,False
Seçim ve karşılaştırma,akıllı klozet alınır mı,15,X8623 ve X8624 Akıllı Otomatik Kedi Tuvaletleri,Xenon Smart,74384,1 yıl önce,10:27,MZdjNASHuHM,https://www.youtube.com/watch?v=MZdjNASHuHM,youtube_video,https://www.youtube.com/@xenonsmarthome,False,False,False
Seçim ve karşılaştırma,akıllı klozet alınır mı,16,"Comfort Plus DM-8088C Soft Banyo ve Tuvalet Sandalyesi | Yumuşak Oturaklı, Lazımlıklı ve 4 Frenli",Hakasmed,4,18 saat önce,1:56,LpNdhewvDVY,https://www.youtube.com/watch?v=LpNdhewvDVY,youtube_video,https://www.youtube.com/@Hakasmed,False,False,False
Seçim ve karşılaştırma,akıllı klozet alınır mı,17,Her Kedili Evde Olmalı! | UBPet C20 Akıllı Otomatik Kedi Tuvaleti İncelemesi,Hardware Plus,51895,1 yıl önce,18:28,fL9QMB8FxnU,https://www.youtube.com/watch?v=fL9QMB8FxnU,youtube_video,https://www.youtube.com/@EnYeniTeknoloji,False,False,False
Seçim ve karşılaştırma,akıllı klozet alınır mı,18,KEDİLERİME OTOMATİK AKILLI KEDİ TUVALETİ ALDIM !! - Ubtech Ucat C10 Pro,Mert Bayantemur,201416,3 yıl önce,17:07,wBGyr-G7iPM,https://www.youtube.com/watch?v=wBGyr-G7iPM,youtube_video,https://www.youtube.com/@MertBayantemur,False,False,False
Seçim ve karşılaştırma,akıllı klozet alınır mı,19,Qloset Akıllı Klozet Kapağı| Kaizen Hijyen ile,KAIZEN HİJYEN,47,7 ay önce,0:47,P3mb7zRSSgQ,https://www.youtube.com/watch?v=P3mb7zRSSgQ,youtube_video,https://www.youtube.com/@kaizenhijyen4645,False,False,False
Seçim ve karşılaştırma,akıllı klozet alınır mı,20,Qloset Akıllı Klozet Kapağı| Kaizen Hijyen ile,KAIZEN HİJYEN,96,7 ay önce,1:47,Vs7ufFKBzRo,https://www.youtube.com/watch?v=Vs7ufFKBzRo,youtube_video,https://www.youtube.com/@kaizenhijyen4645,False,False,False
Seçim ve karşılaştırma,banyo dolabı hangi malzeme,1,Banyo Dolaplarında hangisini seçmeliyiz?,LUDO TASARIM MOBİLYA ,302,1 yıl önce,2:19,bDssOfLlIu4,https://www.youtube.com/watch?v=bDssOfLlIu4,youtube_video,https://www.youtube.com/@LUDOTASARIMMOB%C4%B0LYA,False,False,False
Seçim ve karşılaştırma,banyo dolabı hangi malzeme,2,Banyo Dolabı (Alınan malzeme Özeti),FATTOSON,67,6 ay önce,5:20,AVqj19b2Nkg,https://www.youtube.com/watch?v=AVqj19b2Nkg,youtube_video,https://www.youtube.com/@fattoson,False,False,False
Seçim ve karşılaştırma,banyo dolabı hangi malzeme,3,BANYO DOLABI NASIL YAPILIR,BİZ DE YAPABİLİRİZ TEKNİK,35238,5 yıl önce,7:10,iqxK-Cnoi08,https://www.youtube.com/watch?v=iqxK-Cnoi08,youtube_video,https://www.youtube.com/@bizdeyapabilirizteknik,False,False,False
Seçim ve karşılaştırma,banyo dolabı hangi malzeme,4,Kale Banyo Dolabı Fabrikası | Üretim Gücü ve Marka Tanıtımı,Banyotrendy,2673,7 yıl önce,3:22,I4S7GhqPIIw,https://www.youtube.com/watch?v=I4S7GhqPIIw,youtube_video,https://www.youtube.com/@Banyotrendy,False,False,False
Seçim ve karşılaştırma,banyo dolabı hangi malzeme,5,DESSONI Banyo Dolabı Modeleri #dessoni,DESSONI,3162,8 yıl önce,1:01,iUWWKM2JT3o,https://www.youtube.com/watch?v=iUWWKM2JT3o,youtube_video,https://www.youtube.com/@dessonidesign,False,False,False
Seçim ve karşılaştırma,banyo dolabı hangi malzeme,6,DESSONI MODERN BANYO DOLABI AKRİLİK TEZGAH #dessoni,DESSONI,82614,6 yıl önce,1:11,88BcbwW2duo,https://www.youtube.com/watch?v=88BcbwW2duo,youtube_video,https://www.youtube.com/@dessonidesign,False,False,False
Seçim ve karşılaştırma,banyo dolabı hangi malzeme,7,DESSONI BANYO DOLABI LAKE  DEKTON TEZGAH #dessoni,DESSONI,1448,5 yıl önce,0:21,W3BiC-Zq2cw,https://www.youtube.com/watch?v=W3BiC-Zq2cw,youtube_video,https://www.youtube.com/@dessonidesign,False,False,False
Seçim ve karşılaştırma,banyo dolabı hangi malzeme,8,VitrA Banyo Dolabı Montajı Nasıl Yapılır? | Adım Adım Kurulum,VitrA Türkiye,258493,1 yıl önce,1:26,b0w9MjCEDpk,https://www.youtube.com/watch?v=b0w9MjCEDpk,youtube_video,https://www.youtube.com/@VitrAT%C3%BCrkiye,False,True,False
Seçim ve karşılaştırma,banyo dolabı hangi malzeme,9,Suya Dayanıklı Banyo Dolabı Malzemeleri: Uzun Ömürlü ve Şık Çözümler | Kobos Banyo,Kobos Banyo,100,7 ay önce,0:32,HlIE94QRCmg,https://www.youtube.com/watch?v=HlIE94QRCmg,youtube_video,https://www.youtube.com/@kobosbanyo,False,False,False
Seçim ve karşılaştırma,banyo dolabı hangi malzeme,10,DESSONI LAKE BANYO DOLABI #dessoni,DESSONI,13531,6 yıl önce,0:54,nB_7Mu0nszs,https://www.youtube.com/watch?v=nB_7Mu0nszs,youtube_video,https://www.youtube.com/@dessonidesign,False,False,False
Seçim ve karşılaştırma,banyo dolabı hangi malzeme,11,Dekorister Arizona 2 Kapaklı Çok Amaçlı Dolap + Montaj Vİdeosu + Banyo Dolabı Montajı,Dekorister Mobilya,14193,8 yıl önce,1:18,X0D5Qma2qck,https://www.youtube.com/watch?v=X0D5Qma2qck,youtube_video,https://www.youtube.com/@dekorister,False,False,False
Seçim ve karşılaştırma,banyo dolabı hangi malzeme,12,DESSONI BANYO DOLABI SALKIM MODELİ #dessoni,DESSONI,14989,3 yıl önce,0:37,tCOwPeRLx6Y,https://www.youtube.com/watch?v=tCOwPeRLx6Y,youtube_video,https://www.youtube.com/@dessonidesign,False,False,False
Seçim ve karşılaştırma,banyo dolabı hangi malzeme,13,Lake mi Membran mı? Hangi Mutfak Dolabını Tercih Etmeli!,Beşiktaş Mutfak,390181,6 yıl önce,9:31,kqigXjPLsZo,https://www.youtube.com/watch?v=kqigXjPLsZo,youtube_video,https://www.youtube.com/@Besiktasmutfak,False,False,False
Seçim ve karşılaştırma,banyo dolabı hangi malzeme,14,DESSONI BANYO DOLABI LAKE  DEKTON TEZGAH #dessoni,DESSONI,1448,5 yıl önce,0:21,W3BiC-Zq2cw,https://www.youtube.com/watch?v=W3BiC-Zq2cw,youtube_video,https://www.youtube.com/@dessonidesign,False,False,False
Seçim ve karşılaştırma,banyo dolabı hangi malzeme,15,Banyo Dolap Modelleri 2 - SaltDuş,SaltDuş Duşakabin Sistemleri,6652,11 yıl önce,2:25,UMqLCA_QMB4,https://www.youtube.com/watch?v=UMqLCA_QMB4,youtube_video,https://www.youtube.com/@SaltdusDusakabin,False,False,False
Seçim ve karşılaştırma,banyo dolabı hangi malzeme,16,Mutfak Dolap Kapak Çeşitleri,Olca Yapı - Mehmet Turgut,17790,2 yıl önce,2:45,waTS2WlF_Ig,https://www.youtube.com/watch?v=waTS2WlF_Ig,youtube_video,https://www.youtube.com/@olcayapi,False,False,False
Seçim ve karşılaştırma,banyo dolabı hangi malzeme,17,MUTFAK MOBİLYALARINDA MALZEME SEÇİMİ (MDF/SUNTA) (AHŞAP/LAKE/MEMBRAN/AKRİLİK/UVLAK/MDFLAM),Esin Yolcular,6042,4 yıl önce,7:10,TcNQbS5iwZ4,https://www.youtube.com/watch?v=TcNQbS5iwZ4,youtube_video,https://www.youtube.com/@esinyolcular,False,False,False
Seçim ve karşılaştırma,banyo dolabı hangi malzeme,18,MRS-002 Mars Banyo Ula Asma Banyo Dolabı Takımı Montaj Videosu,marsbanyo,35198,4 yıl önce,3:17,vYiC1YQuAOQ,https://www.youtube.com/watch?v=vYiC1YQuAOQ,youtube_video,https://www.youtube.com/@marsbanyo1331,False,False,False
Seçim ve karşılaştırma,banyo dolabı hangi malzeme,19,Koçtaş banyo dolap modelleri ve fiyatları,Mobilyaya Bakış,127631,10 yıl önce,0:52,UWz-rBE98P0,https://www.youtube.com/watch?v=UWz-rBE98P0,youtube_video,https://www.youtube.com/@mobilyayabaks7065,False,False,False
Seçim ve karşılaştırma,banyo dolabı hangi malzeme,20,DESSONI LAKE BANYO DOLABI 2021 #dessoni,DESSONI,1440,5 yıl önce,0:24,FHCYsRx9Kmo,https://www.youtube.com/watch?v=FHCYsRx9Kmo,youtube_video,https://www.youtube.com/@dessonidesign,False,False,False
Seçim ve karşılaştırma,pvc mi mdf mi banyo dolabı,1,"Banyo Dolabı Seçerken Nelere Dikkat Etmelisiniz? | MDF, Suntalam, PVC Farkı",FATTOSON,144,1 yıl önce,9:34,SUH-ZYPsC8U,https://www.youtube.com/watch?v=SUH-ZYPsC8U,youtube_video,https://www.youtube.com/@fattoson,False,False,False
Seçim ve karşılaştırma,pvc mi mdf mi banyo dolabı,2,Banyo Dolaplarında hangisini seçmeliyiz?,LUDO TASARIM MOBİLYA ,302,1 yıl önce,2:19,bDssOfLlIu4,https://www.youtube.com/watch?v=bDssOfLlIu4,youtube_video,https://www.youtube.com/@LUDOTASARIMMOB%C4%B0LYA,False,False,False
Seçim ve karşılaştırma,pvc mi mdf mi banyo dolabı,3,Toyopan PVC Foam Banyo Dolap Hilton,Hakan Karsligil,4528,10 yıl önce,1:24,d8i2aaOP0qI,https://www.youtube.com/watch?v=d8i2aaOP0qI,youtube_video,https://www.youtube.com/@hakankarsligil744,False,False,False
Seçim ve karşılaştırma,pvc mi mdf mi banyo dolabı,4,4 Kapaklı Çok Amaçlı MDF Banyo Dolabı Kurulumu,Yeni Vitrin,1381,5 yıl önce,9:38,05edSkKj47Y,https://www.youtube.com/watch?v=05edSkKj47Y,youtube_video,https://www.youtube.com/@yenivitrin7029,False,False,False
Seçim ve karşılaştırma,pvc mi mdf mi banyo dolabı,5,VitrA Banyo Dolabı Montajı Nasıl Yapılır? | Adım Adım Kurulum,VitrA Türkiye,258496,1 yıl önce,1:26,b0w9MjCEDpk,https://www.youtube.com/watch?v=b0w9MjCEDpk,youtube_video,https://www.youtube.com/@VitrAT%C3%BCrkiye,False,True,False
Seçim ve karşılaştırma,pvc mi mdf mi banyo dolabı,6,Mutfak Dolap Kapak Çeşitleri,Olca Yapı - Mehmet Turgut,17790,2 yıl önce,2:45,waTS2WlF_Ig,https://www.youtube.com/watch?v=waTS2WlF_Ig,youtube_video,https://www.youtube.com/@olcayapi,False,False,False
Seçim ve karşılaştırma,pvc mi mdf mi banyo dolabı,7,akrilik banyo dolabı özel ölçü tasarım ve üretim merkezi BAYRAK MOBİLYA,BAYRAK MOBİLYA,13293,5 yıl önce,1:58,HY0L_SgjAGM,https://www.youtube.com/watch?v=HY0L_SgjAGM,youtube_video,https://www.youtube.com/@Bayrak-mobilya,False,False,False
Seçim ve karşılaştırma,pvc mi mdf mi banyo dolabı,8,AYAKSIZ BANYO DOLABI YAPARKEN DİKKAT EDİLECEKLER - ÖZCEDEN YILDIZ BANYO DOLABI TANITIM VE MONTAJI,Deneyen Adam,851,1 yıl önce,9:32,A14NSM2xc78,https://www.youtube.com/watch?v=A14NSM2xc78,youtube_video,https://www.youtube.com/@DeneyenAdam,False,False,False
Seçim ve karşılaştırma,pvc mi mdf mi banyo dolabı,9,BİM – Lavabolu Banyo Dolabı,BİM Türkiye,32256,6 yıl önce,0:27,GuX7b--XdDA,https://www.youtube.com/watch?v=GuX7b--XdDA,youtube_video,https://www.youtube.com/@B%C4%B0MT%C3%BCrkiye,False,False,False
Seçim ve karşılaştırma,pvc mi mdf mi banyo dolabı,10,Koçtaş Banyo Dolabı Modelleri ve Fiyatları 2024 (Ücretsiz Montaj Avantajı!),Mini Tesisat,14601,2 yıl önce,2:07,bABv-O7zkY8,https://www.youtube.com/watch?v=bABv-O7zkY8,youtube_video,https://www.youtube.com/@minitesisat,False,False,False
Seçim ve karşılaştırma,pvc mi mdf mi banyo dolabı,11,Hareketli Banyo Dolapları,Tevfik Oğulları,402,8 yıl önce,1:23,fHDNkhT7NUs,https://www.youtube.com/watch?v=fHDNkhT7NUs,youtube_video,https://www.youtube.com/@tevfikogullar9970,False,False,False
Seçim ve karşılaştırma,pvc mi mdf mi banyo dolabı,12,Banyo Dolabı Modelleri | Lake - Akrilik - Membran - Melamin | Cest Dizayn,Cest Dizayn,15000,4 yıl önce,4:34,Iet2egF7Ivc,https://www.youtube.com/watch?v=Iet2egF7Ivc,youtube_video,https://www.youtube.com/@cestdizayn,False,False,False
Seçim ve karşılaştırma,pvc mi mdf mi banyo dolabı,13,Banyo ve Tuvalet Mobilya Kurulumu - Banyo Dolabı Kurulumu - Dolap kurulumu -Koçtaş Banyo Dolabı,Sevim'in İşleri,8216,1 yıl önce,27:33,S7UN_iaV9Qw,https://www.youtube.com/watch?v=S7UN_iaV9Qw,youtube_video,https://www.youtube.com/@Sevimin%C4%B0%C5%9Fleri,False,False,False
Seçim ve karşılaştırma,pvc mi mdf mi banyo dolabı,14,Hepsiburada Banyo Dolapları & Fiyatları (ÇOK SATANLAR),bydekorasyon,15403,8 yıl önce,4:18,AX5Z0L_etU8,https://www.youtube.com/watch?v=AX5Z0L_etU8,youtube_video,https://www.youtube.com/@bydekorasyon,False,False,False
Seçim ve karşılaştırma,pvc mi mdf mi banyo dolabı,15,Banyo Dolap Modelleri 2 - SaltDuş,SaltDuş Duşakabin Sistemleri,6652,11 yıl önce,2:25,UMqLCA_QMB4,https://www.youtube.com/watch?v=UMqLCA_QMB4,youtube_video,https://www.youtube.com/@SaltdusDusakabin,False,False,False
Seçim ve karşılaştırma,pvc mi mdf mi banyo dolabı,16,DESSONI BANYO DOLABI SALKIM MODELİ #dessoni,DESSONI,14989,3 yıl önce,0:37,tCOwPeRLx6Y,https://www.youtube.com/watch?v=tCOwPeRLx6Y,youtube_video,https://www.youtube.com/@dessonidesign,False,False,False
Seçim ve karşılaştırma,pvc mi mdf mi banyo dolabı,17,Rani F3 Çok Amaçlı Dolap 2 Kapaklı Banyo Balkon Mutfak Dolabı Beyaz M8 Montaj Kurulum Videosu,Rani Mobilya,32783,5 yıl önce,1:45,93CDV-DZ5wA,https://www.youtube.com/watch?v=93CDV-DZ5wA,youtube_video,https://www.youtube.com/@RaniMobilya,False,False,False
Seçim ve karşılaştırma,pvc mi mdf mi banyo dolabı,18,DESSONI MODERN BANYO DOLABI AKRİLİK TEZGAH #dessoni,DESSONI,82616,6 yıl önce,1:11,88BcbwW2duo,https://www.youtube.com/watch?v=88BcbwW2duo,youtube_video,https://www.youtube.com/@dessonidesign,False,False,False
Seçim ve karşılaştırma,pvc mi mdf mi banyo dolabı,19,MDF mi Sunta mı? PVC Kaplama ile Mobilya Ömrünü Uzat!,Legna Decor,1014,1 yıl önce,12:31,tJYruTtBpKI,https://www.youtube.com/watch?v=tJYruTtBpKI,youtube_video,https://www.youtube.com/@legnadecor,False,False,False
Seçim ve karşılaştırma,pvc mi mdf mi banyo dolabı,20,YILDIZ BANYO DOLABI KURULUMU (55-65-80CM ),ÖZCEDEN,7685,5 yıl önce,5:40,tx4YyHt4l6U,https://www.youtube.com/watch?v=tx4YyHt4l6U,youtube_video,https://www.youtube.com/@ozceden7200,False,False,False
Seçim ve karşılaştırma,en iyi batarya markası,1,En iyi pil hangisi ?,Murat Sen,463280,8 yıl önce,9:41,DgMrJGjtHok,https://www.youtube.com/watch?v=DgMrJGjtHok,youtube_video,https://www.youtube.com/@MuratSenSunar,True,False,False
Seçim ve karşılaştırma,en iyi batarya markası,2,Dünyanın En İyi Pili Hangisi? Panasonic 18650GA NCR18650GA (Video 2),Pil Adam,18586,4 yıl önce,10:07,tCVRaaTGIg8,https://www.youtube.com/watch?v=tCVRaaTGIg8,youtube_video,https://www.youtube.com/@PilAdam,True,False,False
Seçim ve karşılaştırma,en iyi batarya markası,3,14 Farklı Pili Test Ettik - En İyi Pil Hangisi Sizce?,Furkan Genç,24072,5 yıl önce,17:47,pjfvKOJb1Os,https://www.youtube.com/watch?v=pjfvKOJb1Os,youtube_video,https://www.youtube.com/@furkan_genc,True,False,False
Seçim ve karşılaştırma,en iyi batarya markası,4,En İyi Musluk Batarya Markaları,TEKNİK REHBER,13770,3 yıl önce,0:29,Sgx3auourFs,https://www.youtube.com/watch?v=Sgx3auourFs,youtube_video,https://www.youtube.com/@teknikrehber3768,False,False,False
Seçim ve karşılaştırma,en iyi batarya markası,5,Mutfağına armatür (batarya) alacak herkesin MUTLAKA görmesi gereken 3 MUHTEŞEM ürünü inceledim!,BOĞAZİÇİ 'Lİ HIRDAVATÇI,18226,4 yıl önce,5:46,hyWSeXA-fAU,https://www.youtube.com/watch?v=hyWSeXA-fAU,youtube_video,https://www.youtube.com/@Bogazicili-Hirdavatci,False,False,False
Seçim ve karşılaştırma,en iyi batarya markası,6,"Artema Lavabo Bataryaları A41999, A42091, A42103, A42458 ve A42578 Karşılaştırma ve İnceleme",Sosyopat,5439,2 yıl önce,11:26,C4ba5zCwwbI,https://www.youtube.com/watch?v=C4ba5zCwwbI,youtube_video,https://www.youtube.com/@sosyopat-tv,False,False,False
Seçim ve karşılaştırma,en iyi batarya markası,7,Deji batarya 4 ay kullanıldıktan sonra performansı nasıl oluyor?,TEKNOWORM,113269,6 yıl önce,5:37,_vupxn6RZck,https://www.youtube.com/watch?v=_vupxn6RZck,youtube_video,https://www.youtube.com/@TEKNOWORM,False,False,False
Seçim ve karşılaştırma,en iyi batarya markası,8,WOYAX PREMIUM BATARYA MI DEJİ BATARYA MI ? İKİSİNİ DE DENE TARAFINI SEÇ!,Batuhan Yürekli,18808,2 yıl önce,9:16,oNzRz6MwW5M,https://www.youtube.com/watch?v=oNzRz6MwW5M,youtube_video,https://www.youtube.com/@BatuhanY%C3%BCrekli,False,False,False
Seçim ve karşılaştırma,en iyi batarya markası,9,"Türkiye'deki En İyi Terazi Markaları – Kalite, Fiyat ve Satıcı Karşılaştırması",Ata Tartı,20532,5 yıl önce,16:16,UIqLcxPRc2M,https://www.youtube.com/watch?v=UIqLcxPRc2M,youtube_video,https://www.youtube.com/@atatarti,False,False,False
Seçim ve karşılaştırma,en iyi batarya markası,10,Matkap Bataryası INR 18650 Pil İncelemesi (30 Amperlik Power-Xtra 18650-25P) #matkap,Pil Adam,25041,5 yıl önce,9:21,6ZudbdYYe_A,https://www.youtube.com/watch?v=6ZudbdYYe_A,youtube_video,https://www.youtube.com/@PilAdam,True,False,False
Seçim ve karşılaştırma,en iyi batarya markası,11,Bataryası En Güçlü 5 Telefon – 2 Gün Yetiyor mu?,Cengiz Kaymaz,5304,7 ay önce,11:50,WKYutdcS1aY,https://www.youtube.com/watch?v=WKYutdcS1aY,youtube_video,https://www.youtube.com/@cengizkaymaz35,False,False,False
Seçim ve karşılaştırma,en iyi batarya markası,12,DEJİ BATARYA KULLANIM TESTİ | Deji Batarya Yorumları,Mevlüt Aydemir,48654,4 yıl önce,3:57,uxabK71ofcw,https://www.youtube.com/watch?v=uxabK71ofcw,youtube_video,https://www.youtube.com/@Mevl%C3%BCtAydemir,False,False,False
Seçim ve karşılaştırma,en iyi batarya markası,13,MUSLUK ALIRKEN NELERE DİKKAT EDİLİR? EVİNİZE MASRAF AÇMAYIN ‼️,kendin yaparsın,7861,4 yıl önce,4:22,1gISKe68NeE,https://www.youtube.com/watch?v=1gISKe68NeE,youtube_video,https://www.youtube.com/@kendinyaparsin,False,False,False
Seçim ve karşılaştırma,en iyi batarya markası,14,Dünyanın En İyi Pili Hangisi? Molicel 18650-P26A (Video 1),Pil Adam,35194,4 yıl önce,10:50,8lO0zlb5HfA,https://www.youtube.com/watch?v=8lO0zlb5HfA,youtube_video,https://www.youtube.com/@PilAdam,True,False,False
Seçim ve karşılaştırma,en iyi batarya markası,15,Elektrikli Otomobil Pil Tiplerinden LFP ve NMC Karşı Karşıya! Hangisi Daha İyi?,DH+,25970,2 yıl önce,10:33,HEyGWqvkK0I,https://www.youtube.com/watch?v=HEyGWqvkK0I,youtube_video,https://www.youtube.com/@donanimhaberplus,False,False,False
Seçim ve karşılaştırma,en iyi batarya markası,16,Hangi Mutfak Bataryası Size Uygun? | Crauf Mutfak Rehberi,Crauf,1551,11 ay önce,5:55,hg2HkUfQCXk,https://www.youtube.com/watch?v=hg2HkUfQCXk,youtube_video,https://www.youtube.com/@CraufT%C3%BCrkiye,False,False,False
Seçim ve karşılaştırma,en iyi batarya markası,17,Sanayi Halkına Sorduk: Sizce En İyi Akü Markası Hangisi? | Otomotivi,Otomotivi,26676,6 ay önce,3:17,KWj-qz-UbDw,https://www.youtube.com/watch?v=KWj-qz-UbDw,youtube_video,https://www.youtube.com/@otomo_tivi,False,False,False
Seçim ve karşılaştırma,en iyi batarya markası,18,Motolux  Fayton Fx 22  60 V 50 Ah Lifepo4 Batarya Montajı,Mehmet BALON 58 (ELEKTRİKLİ ARAÇLAR),1695,13 saat önce,11:01,CUG_71FyETA,https://www.youtube.com/watch?v=CUG_71FyETA,youtube_video,https://www.youtube.com/@mehmetbalon5892,False,False,False
Seçim ve karşılaştırma,en iyi batarya markası,19,iPhone İçin Kaliteli Batarya Nasıl Anlaşılır?,FPPRO,28993,6 yıl önce,2:54,xBoSz4y2ijw,https://www.youtube.com/watch?v=xBoSz4y2ijw,youtube_video,https://www.youtube.com/@FPPRO_TR,True,False,False
Seçim ve karşılaştırma,en iyi batarya markası,20,Telefon Batarya Değişim(yan sanayi Deji) ile 6 Aylık Kullanım Deneyimleri,Musa Bg,25936,5 yıl önce,5:06,VUPi_uHwp3A,https://www.youtube.com/watch?v=VUPi_uHwp3A,youtube_video,https://www.youtube.com/@MusaBg00,True,False,False
Seçim ve karşılaştırma,en iyi banyo dolabı markası,1,BAUHAUS BANYO DOLAPLARI 2024 MODEL VE FİYATLARI,Kılıç Tadilat,8564,2 yıl önce,2:30,iYM2dj8XMeE,https://www.youtube.com/watch?v=iYM2dj8XMeE,youtube_video,https://www.youtube.com/@klctadilat572,False,False,False
Seçim ve karşılaştırma,en iyi banyo dolabı markası,2,KAREN BANYO Fabrika Tanıtım Filmi,KAREN ,6644,2 yıl önce,5:38,c5V2Jb-r-RU,https://www.youtube.com/watch?v=c5V2Jb-r-RU,youtube_video,https://www.youtube.com/@karenbanyo.enesse,False,False,False
Seçim ve karşılaştırma,en iyi banyo dolabı markası,3,Koçtaş Banyo Dolabı Modelleri ve Fiyatları 2024 (Ücretsiz Montaj Avantajı!),Mini Tesisat,14604,2 yıl önce,2:07,bABv-O7zkY8,https://www.youtube.com/watch?v=bABv-O7zkY8,youtube_video,https://www.youtube.com/@minitesisat,False,False,False
Seçim ve karşılaştırma,en iyi banyo dolabı markası,4,Banyo; Lavabo modelleri - Lavabo fiyatları - bauhaus,şehmus kalkan,273796,10 yıl önce,3:24,BlA2TRg-Wss,https://www.youtube.com/watch?v=BlA2TRg-Wss,youtube_video,https://www.youtube.com/@SehmusKalkan,False,False,False
Seçim ve karşılaştırma,en iyi banyo dolabı markası,5,"Banyo Dolabı Seçerken Nelere Dikkat Etmelisiniz? | MDF, Suntalam, PVC Farkı",FATTOSON,144,1 yıl önce,9:34,SUH-ZYPsC8U,https://www.youtube.com/watch?v=SUH-ZYPsC8U,youtube_video,https://www.youtube.com/@fattoson,False,False,False
Seçim ve karşılaştırma,en iyi banyo dolabı markası,6,Banyo Dolabı Almadan Önce Mutlaka İzleyin! | Bauhaus Yeni Modeller ve Fiyatlar,Mini Tesisat,43949,5 yıl önce,1:16,Y26wINCyxJs,https://www.youtube.com/watch?v=Y26wINCyxJs,youtube_video,https://www.youtube.com/@minitesisat,False,False,False
Seçim ve karşılaştırma,en iyi banyo dolabı markası,7,Banyo Dolabı Modelleri | Lake - Akrilik - Membran - Melamin | Cest Dizayn,Cest Dizayn,15000,4 yıl önce,4:34,Iet2egF7Ivc,https://www.youtube.com/watch?v=Iet2egF7Ivc,youtube_video,https://www.youtube.com/@cestdizayn,False,False,False
Seçim ve karşılaştırma,en iyi banyo dolabı markası,8,2022 Koçtaş Banyo Dolabı Modelleri ve Fiyatları | Mağaza Turu,Mini Tesisat,35701,4 yıl önce,3:18,8umrs46V7bU,https://www.youtube.com/watch?v=8umrs46V7bU,youtube_video,https://www.youtube.com/@minitesisat,False,False,False
Seçim ve karşılaştırma,en iyi banyo dolabı markası,9,BİM – Lavabolu Banyo Dolabı,BİM Türkiye,32256,6 yıl önce,0:27,GuX7b--XdDA,https://www.youtube.com/watch?v=GuX7b--XdDA,youtube_video,https://www.youtube.com/@B%C4%B0MT%C3%BCrkiye,False,False,False
Seçim ve karşılaştırma,en iyi banyo dolabı markası,10,İkea Banyo Dolabı Modelleri ve Fiyatları,Fani Beyin,3400,6 yıl önce,1:14,kykwwl24_uQ,https://www.youtube.com/watch?v=kykwwl24_uQ,youtube_video,https://www.youtube.com/@FaniBeyin,False,False,False
Seçim ve karşılaştırma,en iyi banyo dolabı markası,11,DESSONI COUNTRY BANYO DOLABI  ÇİMSTONE TEZGAH BOCCHİ LAVABO LAKE KAPAKLI METAL ÇERÇEVELİ #dessoni,DESSONI,11160,6 yıl önce,1:26,AZLZxlR39YA,https://www.youtube.com/watch?v=AZLZxlR39YA,youtube_video,https://www.youtube.com/@dessonidesign,False,False,False
Seçim ve karşılaştırma,en iyi banyo dolabı markası,12,akrilik banyo dolabı özel ölçü tasarım ve üretim merkezi BAYRAK MOBİLYA,BAYRAK MOBİLYA,13293,5 yıl önce,1:58,HY0L_SgjAGM,https://www.youtube.com/watch?v=HY0L_SgjAGM,youtube_video,https://www.youtube.com/@Bayrak-mobilya,False,False,False
Seçim ve karşılaştırma,en iyi banyo dolabı markası,13,DESSONI BANYO DOLABI SALKIM MODELİ #dessoni,DESSONI,14989,3 yıl önce,0:37,tCOwPeRLx6Y,https://www.youtube.com/watch?v=tCOwPeRLx6Y,youtube_video,https://www.youtube.com/@dessonidesign,False,False,False
Seçim ve karşılaştırma,en iyi banyo dolabı markası,14,MRS-007 Mars Banyo Avşa Geniş Lavabolu Banyo Dolabı Takımı Montaj Videosu,marsbanyo,19812,4 yıl önce,2:43,ebfTzhqfd04,https://www.youtube.com/watch?v=ebfTzhqfd04,youtube_video,https://www.youtube.com/@marsbanyo1331,False,False,False
Seçim ve karşılaştırma,en iyi banyo dolabı markası,15,BAUHAUS BANYO DOLABI (2022) MOEDELLERİ VE FİYATLARI,Kılıç Tadilat,15069,4 yıl önce,2:00,JsaXVG1DpXc,https://www.youtube.com/watch?v=JsaXVG1DpXc,youtube_video,https://www.youtube.com/@klctadilat572,False,False,False
Seçim ve karşılaştırma,en iyi banyo dolabı markası,16,Koçtaş banyo dolap modelleri ve fiyatları,Mobilyaya Bakış,127634,10 yıl önce,0:52,UWz-rBE98P0,https://www.youtube.com/watch?v=UWz-rBE98P0,youtube_video,https://www.youtube.com/@mobilyayabaks7065,False,False,False
Seçim ve karşılaştırma,en iyi banyo dolabı markası,17,Banyoya Malzeme Bakıyoruz! - En güncel Banyo Modelleri! Çamaşır Makinesi ve Kurutucu Fiyatları??,Rukiye Taşçi,1099,6 yıl önce,9:03,b6NVuaUKUK8,https://www.youtube.com/watch?v=b6NVuaUKUK8,youtube_video,https://www.youtube.com/@rukiyetasci,False,False,False
Seçim ve karşılaştırma,en iyi banyo dolabı markası,18,CRESTA Banyo Mobilyaları,Cresta Banyo,1574,12 yıl önce,4:56,qHnYeQHbPU8,https://www.youtube.com/watch?v=qHnYeQHbPU8,youtube_video,https://www.youtube.com/@crestabanyo5217,False,False,False
Seçim ve karşılaştırma,en iyi banyo dolabı markası,19,Koçtaş Banyo Dolabı Modelleri ve Fiyatları,Fani Beyin,27706,6 yıl önce,1:21,0zXRfNzo4r0,https://www.youtube.com/watch?v=0zXRfNzo4r0,youtube_video,https://www.youtube.com/@FaniBeyin,False,False,False
Montaj,lavabo montajı,1,Ayaklı Lavabo Montajı Nasıl Yapılır,Murat Anlı,123242,5 yıl önce,10:09,w5uYZ4_jTNQ,https://www.youtube.com/watch?v=w5uYZ4_jTNQ,youtube_video,https://www.youtube.com/@muratanli,False,False,False
Montaj,lavabo montajı,2,BANYO DOLABI MONTAJI NASIL YAPILIR,BİZ DE YAPABİLİRİZ TEKNİK,225291,5 yıl önce,7:40,fudQSFnZjOs,https://www.youtube.com/watch?v=fudQSFnZjOs,youtube_video,https://www.youtube.com/@bizdeyapabilirizteknik,False,False,False
Montaj,lavabo montajı,3,"eviye lavabo nasıl takılır silikonlanır montaj, banyo dolabına eviye lavabo leğen nasıl takılır",İsmâil Hakkı FEYZİOĞLU,82318,5 yıl önce,5:02,dDhPiv6qSrY,https://www.youtube.com/watch?v=dDhPiv6qSrY,youtube_video,https://www.youtube.com/@%C4%B0sm%C3%A2ilHakk%C4%B1FEYZ%C4%B0O%C4%9ELU,False,False,False
Montaj,lavabo montajı,4,Destekli Lavabo Kurulumu | Kendin Yap,SIKANA Türkçe,157681,9 yıl önce,4:23,Cu_HzvDHu-U,https://www.youtube.com/watch?v=Cu_HzvDHu-U,youtube_video,https://www.youtube.com/@sikanaTurkce,False,False,False
Montaj,lavabo montajı,5,BANYO DOLABI MONTAJI NASIL YAPILIR ?,Teknik Çözümler,233134,6 yıl önce,30:51,OgFxIo8hftM,https://www.youtube.com/watch?v=OgFxIo8hftM,youtube_video,https://www.youtube.com/@teknikcozumlerr,False,False,False
Montaj,lavabo montajı,6,Teknolojik eviye kolay kurulum montaj videosu,Gürok,133970,2 yıl önce,7:01,OA18C4ufKy8,https://www.youtube.com/watch?v=OA18C4ufKy8,youtube_video,https://www.youtube.com/@gurok-06,False,False,False
Montaj,lavabo montajı,7,Asma Lavabo Montajı Nasıl Yapılır?,Banyotrendy,46205,7 yıl önce,2:43,frQaCxCB0pE,https://www.youtube.com/watch?v=frQaCxCB0pE,youtube_video,https://www.youtube.com/@Banyotrendy,False,False,False
Montaj,lavabo montajı,8,TÜM DETAYLARI İLE ADIM ADIM AYAKLI LAVABO KURULUMU NASIL YAPILIR‼️ ,kendin yaparsın,2043,4 ay önce,7:20,O504tvYKAuw,https://www.youtube.com/watch?v=O504tvYKAuw,youtube_video,https://www.youtube.com/@kendinyaparsin,False,False,False
Montaj,lavabo montajı,9,✅Banyo Lavabosu kurulumu,Murat Tulgar,52980,7 yıl önce,16:22,MGYfo1Uvn_A,https://www.youtube.com/watch?v=MGYfo1Uvn_A,youtube_video,https://www.youtube.com/@murattulgar1247,False,False,False
Montaj,lavabo montajı,10,Lavabo gideri montajı,arpmekatronik ,125486,3 yıl önce,2:00,L4FqnnRwCQc,https://www.youtube.com/watch?v=L4FqnnRwCQc,youtube_video,https://www.youtube.com/@arpmekatronik,False,False,False
Montaj,lavabo montajı,11,Lavabolu Banyo Dolabı Montajı,hadi yapalım,16761,1 yıl önce,16:37,KgwG5hqQuJo,https://www.youtube.com/watch?v=KgwG5hqQuJo,youtube_video,https://www.youtube.com/@hadi_yapalim,False,False,False
Montaj,lavabo montajı,12,#reklam Lavabo batarya montajı | Lavabo bataryası nasıl sökülür | Lavabo bataryası nasıl takılır |,Yaşar Alanoğlu,373029,4 yıl önce,8:43,6w-UBtMEHEg,https://www.youtube.com/watch?v=6w-UBtMEHEg,youtube_video,https://www.youtube.com/@yasaralanoglu_office,False,False,False
Montaj,lavabo montajı,13,Lavabo Batarya Montajı Nasıl Yapılır - Tezgah Üstü Lavabo Batarya Montajı - Lavabo Batarya Montajı,Tesisatçı Genç,142247,3 yıl önce,4:18,02duVbVy7y8,https://www.youtube.com/watch?v=02duVbVy7y8,youtube_video,https://www.youtube.com/@tesisatc%C4%B1genc,False,False,False
Montaj,lavabo montajı,14,VitrA Banyo Dolabı Montajı Nasıl Yapılır? | Adım Adım Kurulum,VitrA Türkiye,258493,1 yıl önce,1:26,b0w9MjCEDpk,https://www.youtube.com/watch?v=b0w9MjCEDpk,youtube_video,https://www.youtube.com/@VitrAT%C3%BCrkiye,False,True,False
Montaj,lavabo montajı,15,Lavabo Bataryası Nasıl Takılır? | VitrA Lavabo Bataryası Montajı,VitrA Türkiye,235787,1 yıl önce,1:15,FkqJvCVyaZ4,https://www.youtube.com/watch?v=FkqJvCVyaZ4,youtube_video,https://www.youtube.com/@VitrAT%C3%BCrkiye,False,True,False
Montaj,lavabo montajı,16,LAVABO DOLABI NASIL YAPILIR VE MONTE EDİLİR?,Sait Toksöz,16677,1 yıl önce,4:13,EOaGl33f5pU,https://www.youtube.com/watch?v=EOaGl33f5pU,youtube_video,https://www.youtube.com/@saittoksoz,False,False,False
Montaj,lavabo montajı,17,Dolaplı Lavabo Montajı ( Detaylı Anlatım ) ,Akkaya Yapı Dekorasyon,303,1 yıl önce,3:05,zE-Qit90x3Q,https://www.youtube.com/watch?v=zE-Qit90x3Q,youtube_video,https://www.youtube.com/@AkkayaTesisat,False,False,False
Montaj,lavabo montajı,18,Lavabo Sökme Ve Takma 2021 - Tesisatçınız,Tesisatçınız,56897,5 yıl önce,15:15,x5k8VeVyL4A,https://www.youtube.com/watch?v=x5k8VeVyL4A,youtube_video,https://www.youtube.com/@tesisatcnz9272,False,False,False
Montaj,lavabo montajı,19,Evye  montajı,SSH PLUS,93428,10 yıl önce,4:54,HOwFmFxD-pQ,https://www.youtube.com/watch?v=HOwFmFxD-pQ,youtube_video,https://www.youtube.com/@sshplus8188,False,False,False
Montaj,lavabo montajı,20,"AYAKLI LAVABO NASIL SÖKÜLÜR, NASIL DEĞISTIRILİR",kendin yaparsın,86978,6 yıl önce,2:44,0cgxnl4OD6A,https://www.youtube.com/watch?v=0cgxnl4OD6A,youtube_video,https://www.youtube.com/@kendinyaparsin,False,False,False
Montaj,çanak lavabo montajı,1,Taş Lavabo Montajı,Tolunay İbiş,5651,5 yıl önce,7:55,FI-s7IBLCos,https://www.youtube.com/watch?v=FI-s7IBLCos,youtube_video,https://www.youtube.com/@tolunayibis,False,False,False
Montaj,çanak lavabo montajı,2,Hangi Lavabo Modelini Seçmeliyiz? Avantajları ve Dezavantajları Nelerdir?,decoverse,86726,3 yıl önce,4:43,54esDet6t7M,https://www.youtube.com/watch?v=54esDet6t7M,youtube_video,https://www.youtube.com/@decoversecom,False,False,False
Montaj,çanak lavabo montajı,3,#reklam Lavabo gider sifonu ve büyük evye sifonu montajı - Sifon su kaçırıyor - Evye gider,Yaşar Alanoğlu,271550,3 yıl önce,4:40,lyMWvqKwZGA,https://www.youtube.com/watch?v=lyMWvqKwZGA,youtube_video,https://www.youtube.com/@yasaralanoglu_office,False,False,False
Montaj,çanak lavabo montajı,4,Banyo dolabı ve lavabo montajı nasıl yapılır? (uygulamalı basit anlatım),KOMBİ VE TESİSAT REHBERİ,41266,5 yıl önce,6:37,nNU-dN4B9uQ,https://www.youtube.com/watch?v=nNU-dN4B9uQ,youtube_video,https://www.youtube.com/@aktifdogalgazveshhitesisat9598,False,False,False
Montaj,çanak lavabo montajı,5,"Banyo İçin Lavabo Tezgâhı , Boy Dolabı , Çamaşır Makinesi Üzerine Dolap Yapımı ve Tanıtımı...",Nezih Peynircioğlu,18283,6 yıl önce,4:29,XKjAkt17rGY,https://www.youtube.com/watch?v=XKjAkt17rGY,youtube_video,https://www.youtube.com/@nezih1963.,False,False,False
Montaj,çanak lavabo montajı,6,Roomart Atlantik Seri Lavabolu Banyo Alt Dolabı Montaj Videosu,Roomart Türkiye,19423,3 yıl önce,2:15,QVbAQYEIvTk,https://www.youtube.com/watch?v=QVbAQYEIvTk,youtube_video,https://www.youtube.com/@roomart_tr,False,False,False
Montaj,çanak lavabo montajı,7,Dolaplı Lavabo Montajı ( Detaylı Anlatım ) ,Akkaya Yapı Dekorasyon,303,1 yıl önce,3:05,zE-Qit90x3Q,https://www.youtube.com/watch?v=zE-Qit90x3Q,youtube_video,https://www.youtube.com/@AkkayaTesisat,False,False,False
Montaj,çanak lavabo montajı,8,Seramiksan Livello Lavabo,Seramiksan,2749,5 yıl önce,0:36,WpDgepNIPYw,https://www.youtube.com/watch?v=WpDgepNIPYw,youtube_video,https://www.youtube.com/@seramiksanas,False,False,False
Montaj,çanak lavabo montajı,9,Lavabo gideri montajı,arpmekatronik ,125494,3 yıl önce,2:00,L4FqnnRwCQc,https://www.youtube.com/watch?v=L4FqnnRwCQc,youtube_video,https://www.youtube.com/@arpmekatronik,False,False,False
Montaj,çanak lavabo montajı,10,BANYO DOLABI MONTAJI NASIL YAPILIR ?,Teknik Çözümler,233143,6 yıl önce,30:51,OgFxIo8hftM,https://www.youtube.com/watch?v=OgFxIo8hftM,youtube_video,https://www.youtube.com/@teknikcozumlerr,False,False,False
Montaj,çanak lavabo montajı,11,Destekli Lavabo Kurulumu | Kendin Yap,SIKANA Türkçe,157683,9 yıl önce,4:23,Cu_HzvDHu-U,https://www.youtube.com/watch?v=Cu_HzvDHu-U,youtube_video,https://www.youtube.com/@sikanaTurkce,False,False,False
Montaj,çanak lavabo montajı,12,#reklam Lavabo batarya montajı | Lavabo bataryası nasıl sökülür | Lavabo bataryası nasıl takılır |,Yaşar Alanoğlu,373037,4 yıl önce,8:43,6w-UBtMEHEg,https://www.youtube.com/watch?v=6w-UBtMEHEg,youtube_video,https://www.youtube.com/@yasaralanoglu_office,False,False,False
Montaj,çanak lavabo montajı,13,Ayaklı Lavabo Montajı Nasıl Yapılır,Murat Anlı,123244,5 yıl önce,10:09,w5uYZ4_jTNQ,https://www.youtube.com/watch?v=w5uYZ4_jTNQ,youtube_video,https://www.youtube.com/@muratanli,False,False,False
Montaj,çanak lavabo montajı,14,Bocchi Monoblok Lavabo Montajı Nasıl Yapılır?,Banyotrendy,9746,7 yıl önce,1:50,Rn91OTpOc0Y,https://www.youtube.com/watch?v=Rn91OTpOc0Y,youtube_video,https://www.youtube.com/@Banyotrendy,False,False,False
Montaj,çanak lavabo montajı,15,ECA Ankastre Lavabo Bataryası Montajı 🚰 #eca #ankastre #lavabo,Banyotrendy,458,4 ay önce,3:31,4oIbqEBwIDY,https://www.youtube.com/watch?v=4oIbqEBwIDY,youtube_video,https://www.youtube.com/@Banyotrendy,False,False,False
Montaj,çanak lavabo montajı,16,Dekorativ Borulu Bas-Aç Sifon | Pop Up Syphon with Adjustable Decorative Pipes,Santexnika Shop,33849,3 yıl önce,0:38,Ip_GZMOhxT0,https://www.youtube.com/watch?v=Ip_GZMOhxT0,youtube_video,https://www.youtube.com/@santexnikashop,False,False,False
Montaj,çanak lavabo montajı,17,Temassız Lavabo Bataryası Montajında Sık Yapılan Hatalar,VitrA Türkiye,271393,1 yıl önce,0:38,mfmj0J47CUk,https://www.youtube.com/watch?v=mfmj0J47CUk,youtube_video,https://www.youtube.com/@VitrAT%C3%BCrkiye,False,True,False
Montaj,çanak lavabo montajı,18,LAVABO DOLABI NASIL YAPILIR VE MONTE EDİLİR?,Sait Toksöz,16677,1 yıl önce,4:13,EOaGl33f5pU,https://www.youtube.com/watch?v=EOaGl33f5pU,youtube_video,https://www.youtube.com/@saittoksoz,False,False,False
Montaj,çanak lavabo montajı,19,Turavit Luna Lavabo 45 Cm Slim,Hace De,433,4 yıl önce,0:52,AS4ssyRRO7Q,https://www.youtube.com/watch?v=AS4ssyRRO7Q,youtube_video,https://www.youtube.com/@hacede,False,False,False
Montaj,gömme rezervuar kurulumu,1,VitrA V-Fix Prime 8 cm Gömme Rezervuar montajı nasıl yapılır? – Tuğla duvar,VitrA Türkiye,315509,5 yıl önce,7:16,2mzVnoBKXh4,https://www.youtube.com/watch?v=2mzVnoBKXh4,youtube_video,https://www.youtube.com/@VitrAT%C3%BCrkiye,False,True,False
Montaj,gömme rezervuar kurulumu,2,VİTRA GÖMME REZERVUAR MONTAJI,Sıhhi Tesisat Ustaları,133804,5 yıl önce,2:50,6495TGVQPR4,https://www.youtube.com/watch?v=6495TGVQPR4,youtube_video,https://www.youtube.com/@sihhitesisatustalar3139,False,False,False
Montaj,gömme rezervuar kurulumu,3,GÖMME REZERVUAR MONTAJI NASIL YAPILIR ? GEBERİT MONTAJI,Macit Tesisat,172421,7 yıl önce,5:10,y3F5pE9cXNE,https://www.youtube.com/watch?v=y3F5pE9cXNE,youtube_video,https://www.youtube.com/@MacitTesisat,False,False,False
Montaj,gömme rezervuar kurulumu,4,"#GÖMME #REZERVUAR #MONTAJI NASIL #YAPILIR ? #FULL #HD , #AYRINTILI #ÇEKİM ! / HER DETAYI BURADA !",Bi Tanıdık,182237,5 yıl önce,11:20,UjJjEzjGNlY,https://www.youtube.com/watch?v=UjJjEzjGNlY,youtube_video,https://www.youtube.com/@ins.muh.ahmetsalman,False,False,False
Montaj,gömme rezervuar kurulumu,5,VitrA Gömme Rezervuar Montaji Nasıl Yapılır,Banyomoda,230591,12 yıl önce,3:22,LMPwOxA0X0I,https://www.youtube.com/watch?v=LMPwOxA0X0I,youtube_video,https://www.youtube.com/@BanyomodaTr,False,False,False
Montaj,gömme rezervuar kurulumu,6,GÖMME REZERVUAR MONTAJI NASIL YAPILIR ? DOĞRU BİLİNEN YANLIŞLAR !,KUMRAL TEKNİK,9944,1 yıl önce,6:21,TePYIggQX5E,https://www.youtube.com/watch?v=TePYIggQX5E,youtube_video,https://www.youtube.com/@kumralteknik,False,False,False
Montaj,gömme rezervuar kurulumu,7,Asma Tuvalet Montajı - Asma Klozet Uygulaması - Gömme Rezervuar Takılışı,Mecit Korkut,150681,6 yıl önce,9:33,IYUidrI1zi8,https://www.youtube.com/watch?v=IYUidrI1zi8,youtube_video,https://www.youtube.com/@MecitKorkut,False,False,False
Montaj,gömme rezervuar kurulumu,8,Gömme Rezervuar Montajı: Adım Adım Anlatım,Nigar & Craft,1937,2 yıl önce,8:32,GFMzfEuQcCk,https://www.youtube.com/watch?v=GFMzfEuQcCk,youtube_video,https://www.youtube.com/@nigar_craft,False,False,False
Montaj,gömme rezervuar kurulumu,9,Gömme rezervuar sıva altı montajı nasıl yapılır detaylı anlatım,Haluk Bey’in Çiftliği,44729,2 yıl önce,19:20,ROY2i8VW7Sk,https://www.youtube.com/watch?v=ROY2i8VW7Sk,youtube_video,https://www.youtube.com/@HalukunCiftligi,False,False,False
Montaj,gömme rezervuar kurulumu,10,Bien Asma Klozet Gizli Montajı,Bien Türkiye,489887,9 yıl önce,3:20,TzDTVuaZfoE,https://www.youtube.com/watch?v=TzDTVuaZfoE,youtube_video,https://www.youtube.com/@BienSeramik,False,False,False
Montaj,gömme rezervuar kurulumu,11,Serel Gömme Rezervuar Su Kaçırıyor? Conta Değişimi!,Macit Tesisat,310818,2 yıl önce,3:35,eLA0UQvn-9U,https://www.youtube.com/watch?v=eLA0UQvn-9U,youtube_video,https://www.youtube.com/@MacitTesisat,False,False,False
Montaj,gömme rezervuar kurulumu,12,Vitra gömme rezervuar montajı,Turan Kına,116373,8 yıl önce,21:07,IGJKl2pyCq4,https://www.youtube.com/watch?v=IGJKl2pyCq4,youtube_video,https://www.youtube.com/@turankina,False,False,False
Montaj,gömme rezervuar kurulumu,13,VİTRA GÖMME REZERVUAR MONTAJİ,Sıhhi Tesisat Ustaları,6907,2 yıl önce,1:57,R1s-Zbxmmxw,https://www.youtube.com/watch?v=R1s-Zbxmmxw,youtube_video,https://www.youtube.com/@sihhitesisatustalar3139,False,False,False
Montaj,gömme rezervuar kurulumu,14,Klozet Üst Rezervuar İç Takım Montajı Nasıl Yapılır,Murat Anlı,110864,5 yıl önce,7:36,yiAaLI1LD8Q,https://www.youtube.com/watch?v=yiAaLI1LD8Q,youtube_video,https://www.youtube.com/@muratanli,False,False,False
Montaj,gömme rezervuar kurulumu,15,GÖMME REZERVUAR MONTAJI NASIL YAPILIR MONTAJ ÖLÇÜLERİ,Tesisat Servisim,59980,7 yıl önce,4:30,c1FcXnvvWHM,https://www.youtube.com/watch?v=c1FcXnvvWHM,youtube_video,https://www.youtube.com/@tesisatservisim,False,False,False
Montaj,gömme rezervuar kurulumu,16,ECA SEREL GÖMME REZERVUAR MONTAJI,Sıhhi Tesisat Ustaları,12139,4 yıl önce,1:10,3DhfZjfu_Z8,https://www.youtube.com/watch?v=3DhfZjfu_Z8,youtube_video,https://www.youtube.com/@sihhitesisatustalar3139,False,False,False
Montaj,gömme rezervuar kurulumu,17,VİTRA GÖMME REZERVUAR ALT YAPI KURULUMU,Sıhhi Tesisat Ustaları,15975,5 yıl önce,1:10,inDnBrOQq8U,https://www.youtube.com/watch?v=inDnBrOQq8U,youtube_video,https://www.youtube.com/@sihhitesisatustalar3139,False,False,False
Montaj,gömme rezervuar kurulumu,18,Gömme Rezervuar Klozet Montajı Nasıl Yapılır? | Adım Adım Uygulamalı Anlatım,KOMBİ VE TESİSAT REHBERİ,529,3 hafta önce,13:51,vyn3dle_kKs,https://www.youtube.com/watch?v=vyn3dle_kKs,youtube_video,https://www.youtube.com/@aktifdogalgazveshhitesisat9598,False,False,False
Montaj,gömme rezervuar kurulumu,19,VİTRA ALÇIPAN GÖMME REZERVUAR MONTAJI NASIL YAPILIR ?,GeneLMekanik,227,2 yıl önce,6:19,a0lh6LGWjA0,https://www.youtube.com/watch?v=a0lh6LGWjA0,youtube_video,https://www.youtube.com/@genelmekanik,False,False,False
Montaj,gömme rezervuar kurulumu,20,Vitra Gömme Rezervuar Montajı Nasıl Yapılır ,Evinizin Tesisatçısı,174,3 ay önce,7:09,N4ESdcDmc6M,https://www.youtube.com/watch?v=N4ESdcDmc6M,youtube_video,https://www.youtube.com/@evinizintesisatcisi,False,False,False
Montaj,akıllı klozet montajı,1,Geberit AquaClean Mera Akıllı klozet montajı,Devrikoğlu Mühendislik BODRUM,75450,8 yıl önce,7:29,1R4xdB_kmYw,https://www.youtube.com/watch?v=1R4xdB_kmYw,youtube_video,https://www.youtube.com/@devrikoglumuhendislikbodru9083,False,False,False
Montaj,akıllı klozet montajı,2,Vitra V-care Akıllı Klozetin montajı nasıl yapılır?,Banyomoda,3676,5 yıl önce,8:11,eKcjAsEmMa4,https://www.youtube.com/watch?v=eKcjAsEmMa4,youtube_video,https://www.youtube.com/@BanyomodaTr,False,False,False
Montaj,akıllı klozet montajı,3,Vitra V Care Akıllı Klozet Tanıtım,YapıStil,55479,9 yıl önce,8:12,M_jVZSA91Cw,https://www.youtube.com/watch?v=M_jVZSA91Cw,youtube_video,https://www.youtube.com/@yapistil,False,False,False
Montaj,akıllı klozet montajı,4,Şımart Akıllı Klozet Kapağı Kutu Açılışı ve İlk Kurulum,Şımart Teknoloji,11421,2 yıl önce,4:42,Tfkj1_CCEDU,https://www.youtube.com/watch?v=Tfkj1_CCEDU,youtube_video,https://www.youtube.com/@%C5%9E%C4%B1martTeknoloji,False,False,False
Montaj,akıllı klozet montajı,5,Bien Asma Klozet Gizli Montajı,Bien Türkiye,489887,9 yıl önce,3:20,TzDTVuaZfoE,https://www.youtube.com/watch?v=TzDTVuaZfoE,youtube_video,https://www.youtube.com/@BienSeramik,False,False,False
Montaj,akıllı klozet montajı,6,"Akıllı Klozet, RGB Perde, Mutfak Kontrol Paneli! (Haftalık Vlog)",Mendebur Lemur,1001579,2 yıl önce,23:50,zOAAB0056x8,https://www.youtube.com/watch?v=zOAAB0056x8,youtube_video,https://www.youtube.com/@MendeburLemur,False,False,False
Montaj,akıllı klozet montajı,7,Akıllı Klozet Kapağı Montajı Nasıl Yapılır? | Koçtaş ile Kendin Yap!,Koçtaş,203891,12 yıl önce,1:45,6-_zciAlmK8,https://www.youtube.com/watch?v=6-_zciAlmK8,youtube_video,https://www.youtube.com/@koctastv,False,False,False
Montaj,akıllı klozet montajı,8,VitrA Temassız Asma Klozet montajı,VitrA Türkiye,97281,5 yıl önce,5:13,wmMBKD-GfNE,https://www.youtube.com/watch?v=wmMBKD-GfNE,youtube_video,https://www.youtube.com/@VitrAT%C3%BCrkiye,False,True,False
Montaj,akıllı klozet montajı,9,KURULUM MONTAJ VIDEOSU,Akıllı Klozet,34730,12 yıl önce,4:55,C2f8KZcNuzQ,https://www.youtube.com/watch?v=C2f8KZcNuzQ,youtube_video,https://www.youtube.com/@akllklozet3294,False,False,False
Montaj,akıllı klozet montajı,10,Koresan 301A Asma Akıllı Klozet Kurulum Videosu,Koresan,342,5 ay önce,8:36,3vmm33hKJWE,https://www.youtube.com/watch?v=3vmm33hKJWE,youtube_video,https://www.youtube.com/@KORESAN-GROUP,False,False,False
Montaj,akıllı klozet montajı,11,KLOZET MONTAJI NASIL YAPILIR - DETAYLI ANLATIM,Hüseyin Aktaş,601843,7 yıl önce,5:09,-aOZH35q-xA,https://www.youtube.com/watch?v=-aOZH35q-xA,youtube_video,https://www.youtube.com/@huseyinaktas.,False,False,False
Montaj,akıllı klozet montajı,12,Baştan Sona Rezervuarlı Klozet Montajı Nasıl Yapılır? TADİLAT 11.Bölüm | #ECA #SEREL E #ÖNERİ,Erdem Fidan (ErdmFidan),547762,6 yıl önce,12:26,IKACq0lXBOQ,https://www.youtube.com/watch?v=IKACq0lXBOQ,youtube_video,https://www.youtube.com/@ErdemFidan,False,False,False
Montaj,akıllı klozet montajı,13,Vitra V-Care smart toilet montajı Vitra akıllı klozet montajı ,fatih gökmen,551,3 ay önce,35:57,bLxIXrCT3AQ,https://www.youtube.com/watch?v=bLxIXrCT3AQ,youtube_video,https://www.youtube.com/@fatihgokmen55,False,False,False
Montaj,akıllı klozet montajı,14,Geberit AquaClean Mera Akıllı Klozet Tanıtım,YapıStil,135470,9 yıl önce,2:50,FTsmxbADIvE,https://www.youtube.com/watch?v=FTsmxbADIvE,youtube_video,https://www.youtube.com/@yapistil,False,False,False
Montaj,akıllı klozet montajı,15,Qloset Akıllı Klozet Kapağı| Kaizen Hijyen ile,KAIZEN HİJYEN,271,7 ay önce,2:36,_ieTctiLfuA,https://www.youtube.com/watch?v=_ieTctiLfuA,youtube_video,https://www.youtube.com/@kaizenhijyen4645,False,False,False
Montaj,akıllı klozet montajı,16,GROHE SENSİA PRO akıllı klozet montajı #plumbing #plumber #grohe #toilet,fatih gökmen,396,4 ay önce,33:11,xgQYUlVF0K0,https://www.youtube.com/watch?v=xgQYUlVF0K0,youtube_video,https://www.youtube.com/@fatihgokmen55,False,False,False
Montaj,akıllı klozet montajı,17,Gizli Montajlı Asma Klozet Montajı | Kale Smart Sistem,Banyotrendy,358506,10 yıl önce,1:48,VWU2Af0ZEms,https://www.youtube.com/watch?v=VWU2Af0ZEms,youtube_video,https://www.youtube.com/@Banyotrendy,False,False,False
Montaj,akıllı klozet montajı,18,Yeni Nesil Akıllı Klozet: Alliance,Toti Banyo,30516,4 yıl önce,1:00,8JFPjgpSWTI,https://www.youtube.com/watch?v=8JFPjgpSWTI,youtube_video,https://www.youtube.com/@totibanyo6754,False,False,False
Montaj,akıllı klozet montajı,19,Kale Banyo | Kolay Klozet Montajı Nasıl Yapılır?,Kale Banyo,17444,12 yıl önce,0:41,LbUVMFe2c5g,https://www.youtube.com/watch?v=LbUVMFe2c5g,youtube_video,https://www.youtube.com/@KaleVideo,False,False,False
Montaj,akıllı klozet montajı,20,SMARTPLUS AKILLI KLOZET KAPAĞI-ISVEA ECE BANYO -ROTA GRUP,onur taşkaya,12535,15 yıl önce,2:45,hhcvTzu6u6A,https://www.youtube.com/watch?v=hhcvTzu6u6A,youtube_video,https://www.youtube.com/@salihonurtaskaya,False,False,False
Montaj,klozet kapağı takma,1,Yavaş Kapanır Klozet Kapağı Montajı,VitrA Türkiye,707390,9 yıl önce,0:58,P4F7oGAMtgQ,https://www.youtube.com/watch?v=P4F7oGAMtgQ,youtube_video,https://www.youtube.com/@VitrAT%C3%BCrkiye,False,True,False
Montaj,klozet kapağı takma,2,Klozet Kapağı Nasıl Takılır- Klozet Kapağı Montajı Nasıl Yapılır -Klozet Kapağı Nasıl Değiştirilir,Tesisatçı Genç,163144,2 yıl önce,6:32,GAL3y8lRkxU,https://www.youtube.com/watch?v=GAL3y8lRkxU,youtube_video,https://www.youtube.com/@tesisatc%C4%B1genc,False,False,False
Montaj,klozet kapağı takma,3,#reklam Klozet kapağı montajı nasıl yapılır | Klozet kapağı nasıl değiştirilir | Klozet yenileme,Yaşar Alanoğlu,460925,4 yıl önce,3:48,CXnzoGoQeqQ,https://www.youtube.com/watch?v=CXnzoGoQeqQ,youtube_video,https://www.youtube.com/@yasaralanoglu_office,False,False,False
Montaj,klozet kapağı takma,4,Klozet Kapağı Sallanıyor/Oynuyor Çözümü! 🚽 | Vitra Klozet Kapağı Tamiri ve Ayarı,Mini Tesisat,58997,9 ay önce,3:27,ueCULZTjN_8,https://www.youtube.com/watch?v=ueCULZTjN_8,youtube_video,https://www.youtube.com/@minitesisat,False,False,False
Montaj,klozet kapağı takma,5,Klozet Kapağı Montajı Nasıl Yapılır?,Zifinlik Tv,102822,3 yıl önce,4:37,6p3Mv7mVTgo,https://www.youtube.com/watch?v=6p3Mv7mVTgo,youtube_video,https://www.youtube.com/@ZifinlikTv,False,False,False
Montaj,klozet kapağı takma,6,Klozet Kapağı Montajı,VitrA Türkiye,271677,9 yıl önce,0:44,c_sZnPq3E4A,https://www.youtube.com/watch?v=c_sZnPq3E4A,youtube_video,https://www.youtube.com/@VitrAT%C3%BCrkiye,False,True,False
Montaj,klozet kapağı takma,7,Creavit klozetlerde Tak-Çıkar Klozet Kapağı montajı nasıl yapılır ?,dekovincom,112832,6 yıl önce,0:58,NAWhPEcbcYM,https://www.youtube.com/watch?v=NAWhPEcbcYM,youtube_video,https://www.youtube.com/@dekovin,False,False,False
Montaj,klozet kapağı takma,8,KLOZET KAPAĞI MONTAJI,Tesisat Servisim,607362,7 yıl önce,3:30,Rcvk_z95Zxc,https://www.youtube.com/watch?v=Rcvk_z95Zxc,youtube_video,https://www.youtube.com/@tesisatservisim,False,False,False
Montaj,klozet kapağı takma,9,KLOZET kapağı SAĞA sola oynuyorsa AYARLAYIN‼️klozet kapak ayarı yapılışı,Gül Taze Z.,27694,2 yıl önce,2:56,OX0GcVsjxVU,https://www.youtube.com/watch?v=OX0GcVsjxVU,youtube_video,https://www.youtube.com/@pratikyontemler8549,False,False,False
Montaj,klozet kapağı takma,10,VitrA Klozet Kapağı Montajı Nasıl Yapılır? | Hızlı Kurulum,VitrA Türkiye,338524,1 yıl önce,1:10,3rnivNp9ix4,https://www.youtube.com/watch?v=3rnivNp9ix4,youtube_video,https://www.youtube.com/@VitrAT%C3%BCrkiye,False,True,False
Montaj,klozet kapağı takma,11,Klozet Kapağı Montajı Nasıl Yapılır? - Klozet Kapağı Montajı,Koçtaş,53858,4 yıl önce,1:02,mrf8xWhVI-Q,https://www.youtube.com/watch?v=mrf8xWhVI-Q,youtube_video,https://www.youtube.com/@koctastv,False,False,False
Montaj,klozet kapağı takma,12,KLOZET KAPAĞI MONTAJI NASIL YAPILIR !!!!    #klozetkapağıdeğişimi#nasılyapılır#vlog,benim güzel evim,526407,7 yıl önce,7:35,-UYrE1deVYM,https://www.youtube.com/watch?v=-UYrE1deVYM,youtube_video,https://www.youtube.com/@benimguzelevimnet,False,False,False
Montaj,klozet kapağı takma,13,Seramiksan Klozet  Kapak Montajı Nasıl Yapılır?,seramiksanas,25589,9 yıl önce,1:14,y13Wyw8k5d4,https://www.youtube.com/watch?v=y13Wyw8k5d4,youtube_video,https://www.youtube.com/@seramiksanas7731,False,False,False
Montaj,klozet kapağı takma,14,Tak-Çıkar klozet kapağı montajı,Creavit,36870,8 yıl önce,0:48,HYYNlIAr7UA,https://www.youtube.com/watch?v=HYYNlIAr7UA,youtube_video,https://www.youtube.com/@Creavit-j2s,False,False,False
Montaj,klozet kapağı takma,15,Klozet Kapağı Montajı| Göründüğünden Daha Basit!!!| Kendin Yap,Kendin Yap (GAP YAPI),15605,3 yıl önce,5:08,0sDf9toQegQ,https://www.youtube.com/watch?v=0sDf9toQegQ,youtube_video,https://www.youtube.com/@kendinyapgap,False,False,False
Montaj,klozet kapağı takma,16,Klozet Kapağı  Ayarı Nasıl Yapılır ? - Oynayan  Klozet Kapağı Menteşe Ayarı,Tesisatçı Genç,237245,3 yıl önce,5:47,ts03wsklTC8,https://www.youtube.com/watch?v=ts03wsklTC8,youtube_video,https://www.youtube.com/@tesisatc%C4%B1genc,False,False,False
Montaj,klozet kapağı takma,17,klozet kapağı montajı / klozet kapağı nasıl değiştirilir / ev işleri / tamirat ve tadilat,Evinizin Ustası,8725,1 yıl önce,3:15,B8bwCbx2OiU,https://www.youtube.com/watch?v=B8bwCbx2OiU,youtube_video,https://www.youtube.com/@evinizinustas%C4%B1%C4%B1,False,False,False
Montaj,klozet kapağı takma,18,KLOZET KAPAĞI MONTAJ NORMAL VE AKDENİZ TİP,ÖZÜN YAP,48019,5 yıl önce,8:03,mmeMX_KKfGQ,https://www.youtube.com/watch?v=mmeMX_KKfGQ,youtube_video,https://www.youtube.com/@ozcelikyapimarket5875,False,False,False
Montaj,klozet kapağı takma,19,Klozet Kapağı Montajı Nasıl yapılır? / How to install seat&cover?,Seramiksan,4034,5 yıl önce,0:50,XnePu-buXrg,https://www.youtube.com/watch?v=XnePu-buXrg,youtube_video,https://www.youtube.com/@seramiksanas,False,False,False
Montaj,duşakabin kurulumu,1,Oval Duşakabin Montaj Animasyonu,Durul Duşakabin,611195,7 yıl önce,4:00,mOkph7E16so,https://www.youtube.com/watch?v=mOkph7E16so,youtube_video,https://www.youtube.com/@duruldusakabin2807,False,False,False
Montaj,duşakabin kurulumu,2,Cam duşakabin montaj videosu - BAŞAK AKRİLİK,"BAŞAK AKRİLİK - DUŞ, KÜVET VE DUŞAKABİN SİSTEMLERİ",92032,4 yıl önce,4:15,Ky0VEZta3DA,https://www.youtube.com/watch?v=Ky0VEZta3DA,youtube_video,https://www.youtube.com/@basakakrilik,False,False,False
Montaj,duşakabin kurulumu,3,Kare ve Dikdörtgen Duşakabin kurulumu,Dusaks Duşakabin,136446,4 yıl önce,2:57,J0fVXFFRXP0,https://www.youtube.com/watch?v=J0fVXFFRXP0,youtube_video,https://www.youtube.com/@dusaks,False,False,False
Montaj,duşakabin kurulumu,4,duşakabin Montaj Videosu ( Mika ) - BAŞAK AKRİLİK,"BAŞAK AKRİLİK - DUŞ, KÜVET VE DUŞAKABİN SİSTEMLERİ",22254,4 yıl önce,3:22,UzyYSU4h3VA,https://www.youtube.com/watch?v=UzyYSU4h3VA,youtube_video,https://www.youtube.com/@basakakrilik,False,False,False
Montaj,duşakabin kurulumu,5,Duşakabin montajı nasıl yapılır Oval sistem,Akif Kutlu,14517,10 ay önce,14:39,-f6pvAdEODA,https://www.youtube.com/watch?v=-f6pvAdEODA,youtube_video,https://www.youtube.com/@akutlu,False,False,False
Montaj,duşakabin kurulumu,6,Duşa Kabin Montajı Nasıl Yapılır?  Detaylı Anlatım | Cam Duşa Kabin Montajı Nasıl Yapılır?,Nejdat Delioğlu,78967,2 yıl önce,12:30,Eq0_S8mE62E,https://www.youtube.com/watch?v=Eq0_S8mE62E,youtube_video,https://www.youtube.com/@Nejdat,False,False,False
Montaj,duşakabin kurulumu,7,İki Duvar Arası Cam Duşakabin Montajı Nasıl Yapılır? (Detaylı Anlatım) Yapı Dükkanım,Yapı Dükkanım,142432,5 yıl önce,14:39,pSkOOQMYsOA,https://www.youtube.com/watch?v=pSkOOQMYsOA,youtube_video,https://www.youtube.com/@yapdukkanm5718,False,False,False
Montaj,duşakabin kurulumu,8,İki Duvar Arası Kayar Duşakabin Montaj,Durul Duşakabin,58699,6 yıl önce,2:20,I1rJpf4bNd8,https://www.youtube.com/watch?v=I1rJpf4bNd8,youtube_video,https://www.youtube.com/@duruldusakabin2807,False,False,False
Montaj,duşakabin kurulumu,9,DUŞAKABİN MONTAJI NASIL YAPILIR? VİDEOSU- TEKNESİZ MONTAJ KILAVUZU,Yapı Dükkanım,341339,6 yıl önce,2:35,24wBbV83-0w,https://www.youtube.com/watch?v=24wBbV83-0w,youtube_video,https://www.youtube.com/@yapdukkanm5718,False,False,False
Montaj,duşakabin kurulumu,10,iki Duvar Arası 2 Camlı Duşakabin Montajı | Ustadan Adım Adım Kolay Kurulum Rehberi,Dusaks Duşakabin,8108,10 ay önce,11:34,lsmk2NYCO_s,https://www.youtube.com/watch?v=lsmk2NYCO_s,youtube_video,https://www.youtube.com/@dusaks,False,False,False
Montaj,duşakabin kurulumu,11,DUŞAKABİN NASIL TAKILIR. | DUŞAKABİN MONTAJI NASIL YAPILIR. | EN DETAYLI ANLATIM.,Yıldırım Duş,81186,2 yıl önce,21:53,LDWlFjN0rPg,https://www.youtube.com/watch?v=LDWlFjN0rPg,youtube_video,https://www.youtube.com/@Yildirimdus,False,False,False
Montaj,duşakabin kurulumu,12,Arteko Kare-Dikdörtgen Duşakabin Kurulum Videosu - Kolay ve Pratik Montaj ,MONAQUA,6942,7 ay önce,5:58,xIK4tJj01Mk,https://www.youtube.com/watch?v=xIK4tJj01Mk,youtube_video,https://www.youtube.com/@MON_AQUA,False,False,False
Montaj,duşakabin kurulumu,13,DUSAKABIN MONTAJI DETAYLI ANLATIM KARE DIKDORTGEN KÖŞE AÇILIR CAM DUSAKABIN MONTAJI NASIL YAPILIR?,Özel duş kabin ve küvet sistemleri,253000,5 yıl önce,19:10,2CnmzWKMwGw,https://www.youtube.com/watch?v=2CnmzWKMwGw,youtube_video,https://www.youtube.com/@ozelduskabinvekuvetsisteml3448,False,False,False
Montaj,duşakabin kurulumu,14,Köşeli Duşakabin Montajı - Lüks Seri Mat Siyah - dusaks.com,Dusaks Duşakabin,234350,7 yıl önce,7:46,BO70vyrPrkc,https://www.youtube.com/watch?v=BO70vyrPrkc,youtube_video,https://www.youtube.com/@dusaks,False,False,False
Montaj,duşakabin kurulumu,15,İki Duvar Arası Duşakabin Montajı – Kolay ve Pratik Kurulum,bukkadus,8494,1 yıl önce,4:31,neONN4L8SSU,https://www.youtube.com/watch?v=neONN4L8SSU,youtube_video,https://www.youtube.com/@bukkadus,False,False,False
Montaj,duşakabin kurulumu,16,İki Duvar Arası Duşakabin Kurulumu İki Sabit iki Kayar Duşakabin kurulumu,Dusaks Duşakabin,116365,5 yıl önce,5:58,bCs1fj7Vbaw,https://www.youtube.com/watch?v=bCs1fj7Vbaw,youtube_video,https://www.youtube.com/@dusaks,False,False,False
Montaj,duşakabin kurulumu,17,EN BASİT 90x90 TEKNELİ DUŞAKABİN MONTAJI | DETAYLI ANLATIM | PÜF NOKTALARI,ÜSAME AKKAN,121159,5 yıl önce,23:33,9nmcrtXsglA,https://www.youtube.com/watch?v=9nmcrtXsglA,youtube_video,https://www.youtube.com/@USAMEAKKAN,False,False,False
Montaj,duşakabin kurulumu,18,"İki duvar arası Duşakabin montajı, en kolay Duşakabin montajı, Installation of a shower cabin",Dusaks Duşakabin,29779,6 yıl önce,1:31,Sk0oM2bJvvs,https://www.youtube.com/watch?v=Sk0oM2bJvvs,youtube_video,https://www.youtube.com/@dusaks,False,False,False
Montaj,küvet montajı,1,VitrA Küvet Montajı,VitrA Türkiye,55311,8 yıl önce,2:54,tx0aUPwc_-k,https://www.youtube.com/watch?v=tx0aUPwc_-k,youtube_video,https://www.youtube.com/@VitrAT%C3%BCrkiye,False,True,False
Montaj,küvet montajı,2,Banyo duşakabin montajı böyle yapılıyor! #jakuzi #Duşakabin #DuşTeknesi #Ebeveyn,şehmus kalkan,92300,5 yıl önce,8:12,4zx-8keiW48,https://www.youtube.com/watch?v=4zx-8keiW48,youtube_video,https://www.youtube.com/@SehmusKalkan,False,False,False
Montaj,küvet montajı,3,Küvet montajı yapan dahi ustalar.,Video Arşivi,27529,3 yıl önce,1:18,aVh8v6o4OCo,https://www.youtube.com/watch?v=aVh8v6o4OCo,youtube_video,https://www.youtube.com/@VideoArsivi1,False,False,False
Montaj,küvet montajı,4,Cersanit bathtub installation guide,Cersanit Romania,80997,7 yıl önce,3:26,GFSu4FCUdGo,https://www.youtube.com/watch?v=GFSu4FCUdGo,youtube_video,https://www.youtube.com/@cersanit.romania,False,False,False
Montaj,küvet montajı,5,Durul - Banyo Küvet ve Duşkabin Sistemleri,Durul Duşakabin,70199,12 yıl önce,2:07,waDHIQYkj5c,https://www.youtube.com/watch?v=waDHIQYkj5c,youtube_video,https://www.youtube.com/@duruldusakabin2807,False,False,False
Montaj,küvet montajı,6,DUŞAKABİN VE DUŞ TEKNESİ MONTAJI NASIL YAPILIR ? BONUS VİDEO 1+1..,Emre Aydınlık,149496,6 yıl önce,15:41,4XptOA7IWGU,https://www.youtube.com/watch?v=4XptOA7IWGU,youtube_video,https://www.youtube.com/@EmreAyd%C4%B1nl%C4%B1kk,False,False,False
Montaj,küvet montajı,7,VitrA Flat Duş Teknesi Montajı,VitrA Türkiye,80958,8 yıl önce,3:03,9S6IAeKde88,https://www.youtube.com/watch?v=9S6IAeKde88,youtube_video,https://www.youtube.com/@VitrAT%C3%BCrkiye,False,True,False
Montaj,küvet montajı,8,KÜVET GİDER DEĞİŞİMİ NASIL YAPILIR ?,Basit Bir Bilgi,66450,5 yıl önce,5:52,NWzBqZtWXAk,https://www.youtube.com/watch?v=NWzBqZtWXAk,youtube_video,https://www.youtube.com/@basitbirbilgi,False,False,False
Montaj,küvet montajı,9,Küvet Üstü #Duşakabin İki Duvar Arası,Çamlıca Duşakabin,5313,4 yıl önce,2:49,Eu6yHux6z2k,https://www.youtube.com/watch?v=Eu6yHux6z2k,youtube_video,https://www.youtube.com/@camdusakabin,False,False,False
Montaj,küvet montajı,10,Ezhel - Küvet,Ezhel,16339128,7 yıl önce,5:01,c2rd0EHT-TI,https://www.youtube.com/watch?v=c2rd0EHT-TI,youtube_video,https://www.youtube.com/channel/UCs-ofxCnIFUW74vjTbdw5zg,True,False,False
Montaj,küvet montajı,11,Banyodan eve su sızıyor küvet montajı yapan tesisatçı,istanbul tesisat,30,5 ay önce,0:45,J_psKY3JIcc,https://www.youtube.com/watch?v=J_psKY3JIcc,youtube_video,https://www.youtube.com/@istanbultesisat,False,False,False
Montaj,küvet montajı,12,2000 Adet Küvet Modeli Banyo Tasarimlari İç Mimari Dekorasyon Fikirleri Resimleri Fotograf,Lasandra Rago,719,8 yıl önce,2:10:19,ewWsitmy9ck,https://www.youtube.com/watch?v=ewWsitmy9ck,youtube_video,https://www.youtube.com/@lasandrarago9384,False,False,False
Montaj,küvet montajı,13,Eski Duşakabin Nasıl Sökülür? | Yeni Duşakabin ve Küvet Montajı (Adım Adım),Tutar Yapı & Teknik,67,4 yıl önce,0:46,BAxzEnsPO2I,https://www.youtube.com/watch?v=BAxzEnsPO2I,youtube_video,https://www.youtube.com/@tutarteknik,False,False,False
Montaj,küvet montajı,14,Aslan Ayaklı Özel Küvet - Royal Duş,Royal Duş A.Ş. -Üretici Firma Jakuzi & Duşakabin,1207,6 yıl önce,0:47,xxFVNkqY9HM,https://www.youtube.com/watch?v=xxFVNkqY9HM,youtube_video,https://www.youtube.com/@royaldusa.s.-ureticifirma,False,False,False
Montaj,küvet montajı,15,Antalya Küvet Montajı,Antalya Duşakabin Küvet Jakuzi Duş Teknesi Fiyatları İmalatı Firmaları,12506,11 yıl önce,0:13,PaVP_BbGJsA,https://www.youtube.com/watch?v=PaVP_BbGJsA,youtube_video,https://www.youtube.com/@antalyadusakabinkuvetjakuz9137,False,False,False
Montaj,küvet montajı,16,Oval Duşakabin Montaj Animasyonu,Durul Duşakabin,611195,7 yıl önce,4:00,mOkph7E16so,https://www.youtube.com/watch?v=mOkph7E16so,youtube_video,https://www.youtube.com/@duruldusakabin2807,False,False,False
Montaj,küvet montajı,17,VitrA Sıfır Zemin Duş Teknesi Montajı,VitrA Türkiye,124775,8 yıl önce,2:50,xfgl10BKjmM,https://www.youtube.com/watch?v=xfgl10BKjmM,youtube_video,https://www.youtube.com/@VitrAT%C3%BCrkiye,False,True,False
Montaj,küvet montajı,18,Installing a Shower Tray with a Trimlux Shower Seal,ShowerSealsDirect,130827,14 yıl önce,3:29,9Eve0Ppf1FM,https://www.youtube.com/watch?v=9Eve0Ppf1FM,youtube_video,https://www.youtube.com/@ShowerSealsDirect,False,False,False
Montaj,küvet montajı,19,"Jakuzi Modelleri, Jakuzi Çeşitleri, Jakuzi Fiyatları, | jakuzi nasıl çalışır |",Çınar Duvar Panelleri,116929,4 yıl önce,1:49,GABA0QTRXlI,https://www.youtube.com/watch?v=GABA0QTRXlI,youtube_video,https://www.youtube.com/@cinarduvarpanelleri,False,False,False
Montaj,duş teknesi montajı,1,VitrA Flat Duş Teknesi Montajı,VitrA Türkiye,80958,8 yıl önce,3:03,9S6IAeKde88,https://www.youtube.com/watch?v=9S6IAeKde88,youtube_video,https://www.youtube.com/@VitrAT%C3%BCrkiye,False,True,False
Montaj,duş teknesi montajı,2,VitrA Flat Duş Teknesi (Ayaklı ve Panelli) Montajı,VitrA Türkiye,106973,8 yıl önce,4:10,RuE4L0AClGM,https://www.youtube.com/watch?v=RuE4L0AClGM,youtube_video,https://www.youtube.com/@VitrAT%C3%BCrkiye,False,True,False
Montaj,duş teknesi montajı,3,Aquanit Porselen Duş Karosu Uygulama Filmi,Seranit,99470,7 yıl önce,4:41,ML7zyMH3jcM,https://www.youtube.com/watch?v=ML7zyMH3jcM,youtube_video,https://www.youtube.com/@seranit8600,False,False,False
Montaj,duş teknesi montajı,4,DUŞAKABİN VE DUŞ TEKNESİ MONTAJI NASIL YAPILIR ? BONUS VİDEO 1+1..,Emre Aydınlık,149496,6 yıl önce,15:41,4XptOA7IWGU,https://www.youtube.com/watch?v=4XptOA7IWGU,youtube_video,https://www.youtube.com/@EmreAyd%C4%B1nl%C4%B1kk,False,False,False
Montaj,duş teknesi montajı,5,VitrA Sıfır Zemin Duş Teknesi Montajı,VitrA Türkiye,124775,8 yıl önce,2:50,xfgl10BKjmM,https://www.youtube.com/watch?v=xfgl10BKjmM,youtube_video,https://www.youtube.com/@VitrAT%C3%BCrkiye,False,True,False
Montaj,duş teknesi montajı,6,Oval Duşakabin Montaj Animasyonu,Durul Duşakabin,611195,7 yıl önce,4:00,mOkph7E16so,https://www.youtube.com/watch?v=mOkph7E16so,youtube_video,https://www.youtube.com/@duruldusakabin2807,False,False,False
Montaj,duş teknesi montajı,7,Flat duş teknesi montajı,Homeglass,28438,11 yıl önce,0:49,np5qK2kI4xU,https://www.youtube.com/watch?v=np5qK2kI4xU,youtube_video,https://www.youtube.com/@HomeglassTr,False,False,False
Montaj,duş teknesi montajı,8,EN BASİT 90x90 TEKNELİ DUŞAKABİN MONTAJI | DETAYLI ANLATIM | PÜF NOKTALARI,ÜSAME AKKAN,121160,5 yıl önce,23:33,9nmcrtXsglA,https://www.youtube.com/watch?v=9nmcrtXsglA,youtube_video,https://www.youtube.com/@USAMEAKKAN,False,False,False
Montaj,duş teknesi montajı,9,Duş Teknesi Montaj/Shower Tray Installation,Durul Duşakabin,22884,8 yıl önce,4:26,pBbsQhst0Uw,https://www.youtube.com/watch?v=pBbsQhst0Uw,youtube_video,https://www.youtube.com/@duruldusakabin2807,False,False,False
Montaj,duş teknesi montajı,10,Duşakabin montajı nasıl yapılır Oval sistem,Akif Kutlu,14521,10 ay önce,14:39,-f6pvAdEODA,https://www.youtube.com/watch?v=-f6pvAdEODA,youtube_video,https://www.youtube.com/@akutlu,False,False,False
Montaj,duş teknesi montajı,11,Banyo duşakabin montajı böyle yapılıyor! #jakuzi #Duşakabin #DuşTeknesi #Ebeveyn,şehmus kalkan,92300,5 yıl önce,8:12,4zx-8keiW48,https://www.youtube.com/watch?v=4zx-8keiW48,youtube_video,https://www.youtube.com/@SehmusKalkan,False,False,False
Montaj,duş teknesi montajı,12,Duş Teknesi Montajı Sırasında En Sık Yapılan Hatalar,VitrA Türkiye,281951,1 yıl önce,0:34,zZG-08LO8oA,https://www.youtube.com/watch?v=zZG-08LO8oA,youtube_video,https://www.youtube.com/@VitrAT%C3%BCrkiye,False,True,False
Montaj,duş teknesi montajı,13,Duşteknesi ve duşakabin montajı Duşakabin ve duş teknesi yapımı,deriatolyesihobi,1783,5 yıl önce,4:33,N6S8YBlTHTg,https://www.youtube.com/watch?v=N6S8YBlTHTg,youtube_video,https://www.youtube.com/@deriatolyesihobi,False,False,False
Montaj,duş teknesi montajı,14,Assemblage flat shower,WITHOUT WORDS,1525,7 yıl önce,9:33,TVklDMAb4gk,https://www.youtube.com/watch?v=TVklDMAb4gk,youtube_video,https://www.youtube.com/@withoutwords2550,False,False,False
Montaj,duş teknesi montajı,15,Kare Duşakabin 5 mm Montaj,Durul Duşakabin,20376,4 yıl önce,5:46,txizvkn9JBE,https://www.youtube.com/watch?v=txizvkn9JBE,youtube_video,https://www.youtube.com/@duruldusakabin2807,False,False,False
Montaj,duş teknesi montajı,16,SIRMA DUŞ MONTAJ 1,SIRMADUS DUSAKABIN VE CAM BALKON İMALATI,725,7 yıl önce,7:51,-6JY1hygj7I,https://www.youtube.com/watch?v=-6JY1hygj7I,youtube_video,https://www.youtube.com/@sirmadusdusakabinvecambalk2259,False,False,False
Montaj,duş teknesi montajı,17,Purano Montajı | HÜPPE Türkiye,HÜPPE Türkiye,15103,8 yıl önce,2:04,VG62s90BcVg,https://www.youtube.com/watch?v=VG62s90BcVg,youtube_video,https://www.youtube.com/@huppeturkiye,False,False,False
Montaj,duş teknesi montajı,18,duş teknesi montaj ... 🛠️📐  📞05335800504 www. erikmancambalkon.com https://shopier.com/Erikmann,Pilise sineklik perde cam balkon perdesi,5614,3 yıl önce,1:28,22lLHFI9ExI,https://www.youtube.com/watch?v=22lLHFI9ExI,youtube_video,https://www.youtube.com/@pilisesineklikperdecambalk3234,False,False,False
Montaj,duş teknesi montajı,19,"KARAVAN YAPIMI 20 - ARAÇ ALTI SU TESİSATI, DUŞ TEKNESİ MONTAJI, HİÇBİR YERDE BÖYLESİ GÖRÜLMEDİ",Akordsuz adam,2061,4 yıl önce,24:09,OZG6d85aShc,https://www.youtube.com/watch?v=OZG6d85aShc,youtube_video,https://www.youtube.com/@akordsuzadam,False,False,False
Montaj,termostatik batarya montajı,1,Artema AquaHeat Termostatik Banyo Bataryası Montajı,Artema Türkiye,27618,6 yıl önce,2:25,b9_yzporR3U,https://www.youtube.com/watch?v=b9_yzporR3U,youtube_video,https://www.youtube.com/@artema,False,True,False
Montaj,termostatik batarya montajı,2,GROHE BANYO BATARYASI MONTAJI Bath Mixer Installation,Tesisat Servisim,89827,5 yıl önce,3:30,5HZkJfASrx0,https://www.youtube.com/watch?v=5HZkJfASrx0,youtube_video,https://www.youtube.com/@tesisatservisim,False,False,False
Montaj,termostatik batarya montajı,3,Artema AquaHeat Termostatik Banyo Sistemi,Artema Türkiye,9662,6 yıl önce,1:44,G50BxfOyCnQ,https://www.youtube.com/watch?v=G50BxfOyCnQ,youtube_video,https://www.youtube.com/@artema,False,True,False
Montaj,termostatik batarya montajı,4,E.C.A. | Termostatik Ankastre Banyo Duş Bataryası Montaj Videosu,E.C.A.,43964,4 yıl önce,6:00,RdBAbd_S5gI,https://www.youtube.com/watch?v=RdBAbd_S5gI,youtube_video,https://www.youtube.com/@EcaTrKurumsal,False,False,False
Montaj,termostatik batarya montajı,5,Artema Aquaheat Termostatik Batarya - Akış Kontrol,Artema Türkiye,9516,7 yıl önce,0:06,VIP0si6OqkY,https://www.youtube.com/watch?v=VIP0si6OqkY,youtube_video,https://www.youtube.com/@artema,False,True,False
Montaj,termostatik batarya montajı,6,Artema Aquaheat Termostatik Batarya -  Sıcaklık Sabitleme,Artema Türkiye,20336,7 yıl önce,0:07,smZe2KM-xAg,https://www.youtube.com/watch?v=smZe2KM-xAg,youtube_video,https://www.youtube.com/@artema,False,True,False
Montaj,termostatik batarya montajı,7,Banyo bataryası montajı nasıl yapılır? detaylı video!,Macit Tesisat,64494,4 yıl önce,4:49,M9BZHBW8zLI,https://www.youtube.com/watch?v=M9BZHBW8zLI,youtube_video,https://www.youtube.com/@MacitTesisat,False,False,False
Montaj,termostatik batarya montajı,8,Artema AquaHeat Termostatik Banyo Bataryası Reklam Filmi  – Hadi Baba,Artema Türkiye,913550,7 yıl önce,0:15,3DX38Upx0QQ,https://www.youtube.com/watch?v=3DX38Upx0QQ,youtube_video,https://www.youtube.com/@artema,False,True,False
Montaj,termostatik batarya montajı,9,E C A  Life Termostatik  On Off Ankastre Banyo Bataryası Montaj Videosu,E.C.A.,1968,7 ay önce,5:11,QobhZG4FquM,https://www.youtube.com/watch?v=QobhZG4FquM,youtube_video,https://www.youtube.com/@EcaTrKurumsal,False,False,False
Montaj,termostatik batarya montajı,10,ECA Termostatik Duş Bataryası ve Duş Kolonu Montajı Nasıl Yapılır? | Adım Adım Kurulum,Banyotrendy,2361,4 ay önce,3:19,x0H8KTtKFJY,https://www.youtube.com/watch?v=x0H8KTtKFJY,youtube_video,https://www.youtube.com/@Banyotrendy,False,False,False
Montaj,termostatik batarya montajı,11,ECA Life Termostatik On Off Ankastre Batarya Montajı,Banyotrendy,245,4 ay önce,4:27,25g3M1ftCts,https://www.youtube.com/watch?v=25g3M1ftCts,youtube_video,https://www.youtube.com/@Banyotrendy,False,False,False
Montaj,termostatik batarya montajı,12,E.C.A. | Termostatik Ankastre Banyo Duş Bataryası Montaj Videosuvideo 1080p 3,Çağdaş Yapı Market,3028,1 yıl önce,4:07,5gNoyQjZSeE,https://www.youtube.com/watch?v=5gNoyQjZSeE,youtube_video,https://www.youtube.com/@cagdasyapimarket,False,False,False
Montaj,termostatik batarya montajı,13,Ankastre batarya alt yapısı nasıl yapılır? Ölçüler nasıl olmalıdır?,Macit Tesisat,37219,4 yıl önce,3:50,uIy4GKaHzFM,https://www.youtube.com/watch?v=uIy4GKaHzFM,youtube_video,https://www.youtube.com/@MacitTesisat,False,False,False
Montaj,termostatik batarya montajı,14,Banyo bataryası montaj nasıl yapılır,arpmekatronik ,2185,3 yıl önce,1:24,B_oeCbNfoC4,https://www.youtube.com/watch?v=B_oeCbNfoC4,youtube_video,https://www.youtube.com/@arpmekatronik,False,False,False
Montaj,termostatik batarya montajı,15,termostatik banyo batarya ısı test makinası,EFEHAN MAKİNA OTOMASYON,4807,5 yıl önce,1:02,6K4LjC6C8XA,https://www.youtube.com/watch?v=6K4LjC6C8XA,youtube_video,https://www.youtube.com/@efehanmakinaotomasyon5543,False,False,False
Montaj,termostatik batarya montajı,16,BU NASIL BATARYA | HANSGROHE I-BOX MONTAJI | 1 SAATTE NASIL MONTAJ YAPILIR |,ÜSAME AKKAN,51010,5 yıl önce,17:17,r3f6tNr9AOY,https://www.youtube.com/watch?v=r3f6tNr9AOY,youtube_video,https://www.youtube.com/@USAMEAKKAN,False,False,False
Montaj,termostatik batarya montajı,17,Artema Banyo bataryası Başarı Yapı Vitra Artema Yetkili Servis 02122691001,Vitra Artema Yetkili Servis Başarı yapı,1348,6 yıl önce,0:12,hfIn0JaXVss,https://www.youtube.com/watch?v=hfIn0JaXVss,youtube_video,https://www.youtube.com/@vitraartemayetkiliservisba3966,False,False,True
Montaj,termostatik batarya montajı,18,Banyo duş seti Ankastre duş montajı,Hüseyin Sarıkaya,18044,5 yıl önce,0:20,0i_AdmEjMLs,https://www.youtube.com/shorts/0i_AdmEjMLs,youtube_video,https://www.youtube.com/@huseyinsarkaya5167,False,False,False
Montaj,termostatik batarya montajı,19,ECA Ankastre banyo bataryası montajı nasıl yapılır ? Yorumlarınızı ve sorularınızı bekliyorum,KARDEŞLER NALVUR TESİSAT İŞLERİ,14664,2 yıl önce,1:18,R6J-waxd7ss,https://www.youtube.com/watch?v=R6J-waxd7ss,youtube_video,https://www.youtube.com/@aydinhaliscelik4342,False,False,False
Montaj,termostatik batarya montajı,20,ARTEMA Root Batarya | Kolay Montaj,Artema Türkiye,43945,4 yıl önce,1:21,wW32u7vWoTo,https://www.youtube.com/watch?v=wW32u7vWoTo,youtube_video,https://www.youtube.com/@artema,False,True,False
Montaj,ankastre batarya montajı,1,Ankastre batarya montajı nasıl yapılır ? Detaylı anlatım,Macit Tesisat,41425,4 yıl önce,8:40,1m69TmnKuG8,https://www.youtube.com/watch?v=1m69TmnKuG8,youtube_video,https://www.youtube.com/@MacitTesisat,False,False,False
Montaj,ankastre batarya montajı,2,KERASUS ARMATÜR ANKASTRE DUŞ BATARYASI 3 YOLLU,Kerasus Armatür,65626,5 yıl önce,3:25,kpuxBxH8MEQ,https://www.youtube.com/watch?v=kpuxBxH8MEQ,youtube_video,https://www.youtube.com/@kerasusarmatur994,False,False,False
Montaj,ankastre batarya montajı,3,Ankastre batarya alt yapısı nasıl yapılır? Ölçüler nasıl olmalıdır?,Macit Tesisat,37216,4 yıl önce,3:50,uIy4GKaHzFM,https://www.youtube.com/watch?v=uIy4GKaHzFM,youtube_video,https://www.youtube.com/@MacitTesisat,False,False,False
Montaj,ankastre batarya montajı,4,ECA DALIA ANKASTRE BATARYA MONTAJI,GeneLMekanik,367,2 yıl önce,4:07,crIZLNtDg-M,https://www.youtube.com/watch?v=crIZLNtDg-M,youtube_video,https://www.youtube.com/@genelmekanik,False,False,False
Montaj,ankastre batarya montajı,5,ANKASTRE BANYO BATARYASI NASIL MONTAJ EDİLİR ?DETAYLI VİDEO,Macit Tesisat,56288,5 yıl önce,16:01,9toRfdpCj80,https://www.youtube.com/watch?v=9toRfdpCj80,youtube_video,https://www.youtube.com/@MacitTesisat,False,False,False
Montaj,ankastre batarya montajı,6,Artema Ankastre Banyo Bataryası montajı nasıl yapılır?,Banyomoda,25101,5 yıl önce,1:31,5gKvzwx0ed8,https://www.youtube.com/watch?v=5gKvzwx0ed8,youtube_video,https://www.youtube.com/@BanyomodaTr,False,False,False
Montaj,ankastre batarya montajı,7,banyo bataryası duş batarya ankastre batarya,Teska,32958,8 yıl önce,3:07,FILnZc26IBU,https://www.youtube.com/watch?v=FILnZc26IBU,youtube_video,https://www.youtube.com/@TESKABATHROOM,False,False,False
Montaj,ankastre batarya montajı,8,Hansgrohe iBox universal installation,Devrikoğlu Mühendislik BODRUM,45930,10 yıl önce,7:43,qLXss1RjX8E,https://www.youtube.com/watch?v=qLXss1RjX8E,youtube_video,https://www.youtube.com/@devrikoglumuhendislikbodru9083,False,False,False
Montaj,ankastre batarya montajı,9,ankastre banyo bataryası montaj yapılmış hali 👍🚿,Murat Us,2817,2 yıl önce,0:17,FfrFaGuxOkA,https://www.youtube.com/watch?v=FfrFaGuxOkA,youtube_video,https://www.youtube.com/@muratus2473,False,False,False
Montaj,ankastre batarya montajı,10,E.C.A. | Dalia Ankastre Lavabo Bataryası Montaj Videosu,E.C.A.,30897,4 yıl önce,4:07,_i2MV3uFIL4,https://www.youtube.com/watch?v=_i2MV3uFIL4,youtube_video,https://www.youtube.com/@EcaTrKurumsal,False,False,False
Montaj,ankastre batarya montajı,11,Hansgrohe iBox 01800180 Nasıl Takılır? | Ankastre Sıva Altı Grubu Montajı,Banyotrendy,1290,4 ay önce,6:23,n9VK6Z9kWXg,https://www.youtube.com/watch?v=n9VK6Z9kWXg,youtube_video,https://www.youtube.com/@Banyotrendy,False,False,False
Montaj,ankastre batarya montajı,12,HANSGROHE ANKASTRE BANYO BATARYASI NASIL MONTAJ EDİLİR ?DETAYLI VİDEO,Macit Tesisat,55498,6 yıl önce,11:00,WNNdiBLip9o,https://www.youtube.com/watch?v=WNNdiBLip9o,youtube_video,https://www.youtube.com/@MacitTesisat,False,False,False
Montaj,ankastre batarya montajı,13,ankastre batarya montaji,USTANIN SESİ,17,3 yıl önce,3:01,LWB5ttdmAw0,https://www.youtube.com/watch?v=LWB5ttdmAw0,youtube_video,https://www.youtube.com/@ustaninsesi8046,False,False,False
Montaj,ankastre batarya montajı,14,BU NASIL BATARYA | HANSGROHE I-BOX MONTAJI | 1 SAATTE NASIL MONTAJ YAPILIR |,ÜSAME AKKAN,51010,5 yıl önce,17:17,r3f6tNr9AOY,https://www.youtube.com/watch?v=r3f6tNr9AOY,youtube_video,https://www.youtube.com/@USAMEAKKAN,False,False,False
Montaj,ankastre batarya montajı,15,banyo bataryası duş batarya ankastre batarya,Teska,8377,8 yıl önce,3:30,pHWXIeFO-Oc,https://www.youtube.com/watch?v=pHWXIeFO-Oc,youtube_video,https://www.youtube.com/@TESKABATHROOM,False,False,False
Montaj,ankastre batarya montajı,16,Banyo duş seti Ankastre duş montajı,Hüseyin Sarıkaya,18044,5 yıl önce,0:20,0i_AdmEjMLs,https://www.youtube.com/shorts/0i_AdmEjMLs,youtube_video,https://www.youtube.com/@huseyinsarkaya5167,False,False,False
Montaj,ankastre batarya montajı,17,ECA Ankastre banyo bataryası montajı nasıl yapılır ? Yorumlarınızı ve sorularınızı bekliyorum,KARDEŞLER NALVUR TESİSAT İŞLERİ,14664,2 yıl önce,1:18,R6J-waxd7ss,https://www.youtube.com/watch?v=R6J-waxd7ss,youtube_video,https://www.youtube.com/@aydinhaliscelik4342,False,False,False
Montaj,ankastre batarya montajı,18,SPC ANKASTRE BANYO BATARYASI SETİ MONTAJ VİDEOSU - SPC CONCEALED BATH MIXER SET MOUNTING VIDEO,SPC - SPECIAL CONCEPT MIXERS,560,5 yıl önce,3:43,PYdVzauqbYw,https://www.youtube.com/watch?v=PYdVzauqbYw,youtube_video,https://www.youtube.com/@spcfaucet,False,False,False
Montaj,ankastre batarya montajı,19,E.C.A. | Termostatik Ankastre Banyo Duş Bataryası Montaj Videosu,E.C.A.,43964,4 yıl önce,6:00,RdBAbd_S5gI,https://www.youtube.com/watch?v=RdBAbd_S5gI,youtube_video,https://www.youtube.com/@EcaTrKurumsal,False,False,False
Montaj,ankastre batarya montajı,20,E C A  Life Termostatik  On Off Ankastre Banyo Bataryası Montaj Videosu,E.C.A.,1968,7 ay önce,5:11,QobhZG4FquM,https://www.youtube.com/watch?v=QobhZG4FquM,youtube_video,https://www.youtube.com/@EcaTrKurumsal,False,False,False
Montaj,banyo aynası montajı,1,BANYO DOLABI MONTAJI NASIL YAPILIR,BİZ DE YAPABİLİRİZ TEKNİK,225292,5 yıl önce,7:40,fudQSFnZjOs,https://www.youtube.com/watch?v=fudQSFnZjOs,youtube_video,https://www.youtube.com/@bizdeyapabilirizteknik,False,False,False
Montaj,banyo aynası montajı,2,BANYO AYNA SÖKME VE MONTAJ (Ayna Sökmek Ve Takmak Bir Arada),Gezgin66,75540,6 yıl önce,18:41,ljZYCpRpVxA,https://www.youtube.com/watch?v=ljZYCpRpVxA,youtube_video,https://www.youtube.com/@gezgin66,False,False,False
Montaj,banyo aynası montajı,3,Banyo Aynası Duvara Nasıl Sabitlenir? | Koçtaş ile Kendin Yap!,Koçtaş,84643,13 yıl önce,2:07,hAzI0ugvwi8,https://www.youtube.com/watch?v=hAzI0ugvwi8,youtube_video,https://www.youtube.com/@koctastv,False,False,False
Montaj,banyo aynası montajı,4,Ayna duvara nasıl monte edilir,YouJustDo,117051,11 yıl önce,1:26,HzeMjYMTud0,https://www.youtube.com/watch?v=HzeMjYMTud0,youtube_video,https://www.youtube.com/@youjustdo1237,False,False,False
Montaj,banyo aynası montajı,5,Ayna Montaji Nasıl Yapılır?,Derby Kimya,141372,9 yıl önce,1:56,ymgQN6t6YOg,https://www.youtube.com/watch?v=ymgQN6t6YOg,youtube_video,https://www.youtube.com/@DerbyKimya,False,False,False
Montaj,banyo aynası montajı,6,BANYO DOLABI MONTAJI NASIL YAPILIR ?,Teknik Çözümler,233134,6 yıl önce,30:51,OgFxIo8hftM,https://www.youtube.com/watch?v=OgFxIo8hftM,youtube_video,https://www.youtube.com/@teknikcozumlerr,False,False,False
Montaj,banyo aynası montajı,7,Banyo Aksesuarları Nasıl Monte Edilir?,Tekzen,73214,6 yıl önce,0:52,B-Fi1NKLk0s,https://www.youtube.com/watch?v=B-Fi1NKLk0s,youtube_video,https://www.youtube.com/@tekzenturkiye,False,False,False
Montaj,banyo aynası montajı,8,Ledli banyo aynası yapımı,BENİM FİKRİM,55293,5 yıl önce,10:37,SmwgG0miyEk,https://www.youtube.com/watch?v=SmwgG0miyEk,youtube_video,https://www.youtube.com/@benimfikrim2885,False,False,False
Montaj,banyo aynası montajı,9,B078 Brat 70x80 Buğu Çözücülü Dokunmatik Led Ayna,Brat Mobilya,17439,4 yıl önce,0:06,wrBeHHUlLYI,https://www.youtube.com/watch?v=wrBeHHUlLYI,youtube_video,https://www.youtube.com/@brat8496,False,False,False
Montaj,banyo aynası montajı,10,Elektrikçi Çağırmadan Banyo Dolabına Şerit LED Montajı. Basit Ve Şık !,Ege Elektrik Aydınlatma,16437,1 yıl önce,7:25,jUPqzKRmLmw,https://www.youtube.com/watch?v=jUPqzKRmLmw,youtube_video,https://www.youtube.com/@egeayd%C4%B1nlatma,False,False,False
Montaj,banyo aynası montajı,11,Duvar sıvasına banyo aynası kurulumu,SIKANA Türkçe,3663,9 yıl önce,1:59,oZudHlSl0-U,https://www.youtube.com/watch?v=oZudHlSl0-U,youtube_video,https://www.youtube.com/@sikanaTurkce,False,False,False
Montaj,banyo aynası montajı,12,BANYO AYNASI APLİK MONTAJI Mobil Video,SEN HERŞEYİ YAPARSIN ,342,1 yıl önce,18:17,xqanVDXsPWA,https://www.youtube.com/watch?v=xqanVDXsPWA,youtube_video,https://www.youtube.com/@sedatnizam2360,False,False,False
Montaj,banyo aynası montajı,13,"BANYO AKSESUARLARI NASIL TAKILIR | BANYO KÖŞELİĞİ, TUVALET KAĞITLIĞI, AYNA VE HAVLULUK",kendin yaparsın,74086,6 yıl önce,5:12,j-XLATy4cZI,https://www.youtube.com/watch?v=j-XLATy4cZI,youtube_video,https://www.youtube.com/@kendinyaparsin,False,False,False
Montaj,banyo aynası montajı,14,LED aydınlatmalı duvar aynası montajı: Schlüter®-LIPROTEC-WS,Schlüter-Systems Dış Tic. Ltd. Şti. (Türkiye),100996,11 yıl önce,6:30,RtP6oa1XY00,https://www.youtube.com/watch?v=RtP6oa1XY00,youtube_video,https://www.youtube.com/@SchluterTr,False,False,False
Montaj,banyo aynası montajı,15,VitrA Banyo Dolabı Montajı Nasıl Yapılır? | Adım Adım Kurulum,VitrA Türkiye,258493,1 yıl önce,1:26,b0w9MjCEDpk,https://www.youtube.com/watch?v=b0w9MjCEDpk,youtube_video,https://www.youtube.com/@VitrAT%C3%BCrkiye,False,True,False
Montaj,banyo aynası montajı,16,AYNALI RAFLI BANYO dolabı birleştirme montajı,serhat ayer,43234,3 yıl önce,5:59,p6TGxpdfThs,https://www.youtube.com/watch?v=p6TGxpdfThs,youtube_video,https://www.youtube.com/@seaeyed22,False,False,False
Montaj,banyo aynası montajı,17,Dekoratif boy aynası aldım ✅ ayna ve kurulumu✅ dekoratif boy aynası nasıl monte edilir.,KIZ BABASI,33245,4 yıl önce,14:52,IU-zcTc-4RY,https://www.youtube.com/watch?v=IU-zcTc-4RY,youtube_video,https://www.youtube.com/@kizbabasi5600,False,False,False
Montaj,banyo aynası montajı,18,Kapağa yapışmış ayna nasıl sökülür.  #keşfet  #discover #shorts #reels  #shortvideo #tiktok,krk.interior.desing,70065,3 yıl önce,0:48,vRCkryzam-U,https://www.youtube.com/watch?v=vRCkryzam-U,youtube_video,https://www.youtube.com/@krk.interior.desing,False,False,False
Montaj,banyo aynası montajı,19,Kale Banyo | KaleSmart Montaj nasıl yapılır?,Kale Banyo,1393,9 yıl önce,1:41,ePfjtSpgxy8,https://www.youtube.com/watch?v=ePfjtSpgxy8,youtube_video,https://www.youtube.com/@KaleVideo,False,False,False
Montaj,banyo aynası montajı,20,Boy aynası montajı yapıyoruz,Onu De Ya,21398,3 yıl önce,5:20,XlvqGA1jMtU,https://www.youtube.com/watch?v=XlvqGA1jMtU,youtube_video,https://www.youtube.com/@OnuDeYa,False,False,False
Montaj,çamaşır makinesi dolabı montajı,1,Panjur Kapaklı ve Çekmeceli Çamaşır Makinesi Dolabı I Montaj Animasyonu I PNJ_CMS_RAF,YILDIZ ELEGANCE,2376,2 yıl önce,3:16,4sgCPunIDUE,https://www.youtube.com/watch?v=4sgCPunIDUE,youtube_video,https://www.youtube.com/@YILDIZELEGANCE-xu8dc,False,False,False
Montaj,çamaşır makinesi dolabı montajı,2,Panjur Kapaklı Çekmeceli Kurutma ve Çamaşır Makinesi Dolabı,YILDIZ ELEGANCE,5051,1 yıl önce,4:02,TeoH0I7u1Is,https://www.youtube.com/watch?v=TeoH0I7u1Is,youtube_video,https://www.youtube.com/@YILDIZELEGANCE-xu8dc,False,False,False
Montaj,çamaşır makinesi dolabı montajı,3,Bladimo - Üst Kapaklı Çamaşır Makinesi Dolabı Montajı,Bladimo,2692,1 yıl önce,9:29,dSA7555xAl8,https://www.youtube.com/watch?v=dSA7555xAl8,youtube_video,https://www.youtube.com/@Bladimo-258,False,False,False
Montaj,çamaşır makinesi dolabı montajı,4,Çamaşır Makinesi ve Kurutma Makinesi Dolabı | Standart Kapaklı Kurulum Montajı Animasyonu,Demirbal Mobilya,726,10 ay önce,3:30,ZzET6cL7i4A,https://www.youtube.com/watch?v=ZzET6cL7i4A,youtube_video,https://www.youtube.com/@DemirbalMobilya,False,False,False
Montaj,çamaşır makinesi dolabı montajı,5,Rani KD109 Çamaşır Makinesi Dolabı 4 Kapaklı 2 Raflı Banyo Dolabı Beyaz,Rani Mobilya,1848830,1 yıl önce,0:16,sZkU_zFs824,https://www.youtube.com/watch?v=sZkU_zFs824,youtube_video,https://www.youtube.com/@RaniMobilya,False,False,False
Montaj,çamaşır makinesi dolabı montajı,6,Panjur Çekmeceli Kurutma ve Çamaşır Dolabı I Montaj Animasyonu,YILDIZ ELEGANCE,8758,2 yıl önce,3:57,oDIXVu9H2uU,https://www.youtube.com/watch?v=oDIXVu9H2uU,youtube_video,https://www.youtube.com/@YILDIZELEGANCE-xu8dc,False,False,False
Montaj,çamaşır makinesi dolabı montajı,7,ÇAMAŞIR MAKINASI DOLABI 2,Vezir Serin,3539,5 yıl önce,12:11,nT1ohGhwAcY,https://www.youtube.com/watch?v=nT1ohGhwAcY,youtube_video,https://www.youtube.com/@vezirserin2708,False,False,False
Montaj,çamaşır makinesi dolabı montajı,8,Roomart Kapaksız Çamaşır Makinesi Kabini Nasıl Kurulur?,Roomart Türkiye,2084,3 yıl önce,1:11,waVjWSwaLaY,https://www.youtube.com/watch?v=waVjWSwaLaY,youtube_video,https://www.youtube.com/@roomart_tr,False,False,False
Montaj,çamaşır makinesi dolabı montajı,9,Benito Çamaşır Makinesi Alt Dolabı Montajı + Banyo Dolabı Montajı,Dekorister Mobilya,20415,8 yıl önce,0:57,ZDzrBs9olts,https://www.youtube.com/watch?v=ZDzrBs9olts,youtube_video,https://www.youtube.com/@dekorister,False,False,False
Montaj,çamaşır makinesi dolabı montajı,10,Çamaşır Makinesi ve Kurutma Makinesi Dolabı | Çekmeceli Kapaklı Kurulum Montajı Animasyonu,Demirbal Mobilya,714,10 ay önce,4:14,iH4d_Sq_G5A,https://www.youtube.com/watch?v=iH4d_Sq_G5A,youtube_video,https://www.youtube.com/@DemirbalMobilya,False,False,False
Montaj,çamaşır makinesi dolabı montajı,11,ÇAMAŞIR MAKİNESİ İÇİN DOLAP MODELİ FİKRİ VE MONTAJI | washing machine cabinet idea and assembly,Kutu Evim,18508,3 yıl önce,7:20,HL8zlc9cqCM,https://www.youtube.com/watch?v=HL8zlc9cqCM,youtube_video,https://www.youtube.com/@kutuevim,False,False,False
Montaj,çamaşır makinesi dolabı montajı,12,KENZLIFE HAYZUM ÇAMAŞIR MAKİNESİ DOLABI KURULUMU VE TANITIMI,Bakbudaiyi,17827,3 yıl önce,10:01,rCTVWb9l7Yw,https://www.youtube.com/watch?v=rCTVWb9l7Yw,youtube_video,https://www.youtube.com/@bak.budaiyi,False,False,False
Montaj,çamaşır makinesi dolabı montajı,13,Esmopa çamaşır makinesi için dolap,ESMOPA MOBİLYA,5051,3 yıl önce,14:43,-QZ9MtgVXeE,https://www.youtube.com/watch?v=-QZ9MtgVXeE,youtube_video,https://www.youtube.com/@esmopamobilya,False,False,False
Montaj,çamaşır makinesi dolabı montajı,14,D-204 DİVERSO HOME ÇAMAŞIR MAKİNESİ DOLABI KURULUMU,DİVERSO HOME,9916,3 yıl önce,4:02,ahl_KUsmluM,https://www.youtube.com/watch?v=ahl_KUsmluM,youtube_video,https://www.youtube.com/@diversohome2462,False,False,False
Montaj,çamaşır makinesi dolabı montajı,15,Roomart Mk3 Çamaşır Makinesi Dolabı Nasıl Kurulur?,Roomart Türkiye,1012,3 yıl önce,2:02,mCPOojfQ73A,https://www.youtube.com/watch?v=mCPOojfQ73A,youtube_video,https://www.youtube.com/@roomart_tr,False,False,False
Montaj,çamaşır makinesi dolabı montajı,16,KENZLIFE IFFE LUNDBERG ÇAMAŞIR MAKİNESİ DOLABI KURULUMU VE TANITIMI,Bakbudaiyi,942,3 yıl önce,10:01,VVPx43DAJ3g,https://www.youtube.com/watch?v=VVPx43DAJ3g,youtube_video,https://www.youtube.com/@bak.budaiyi,False,False,False
Montaj,çamaşır makinesi dolabı montajı,17,Roomart Çamaşır ve Kurutma Makinesi Dolabı Kurulumu Nasıl Yapılır? -185 cm-,Roomart Türkiye,49610,3 yıl önce,2:21,vuM8IWQXIEE,https://www.youtube.com/watch?v=vuM8IWQXIEE,youtube_video,https://www.youtube.com/@roomart_tr,False,False,False
Montaj,çamaşır makinesi dolabı montajı,18,Çamaşır Makinesi ve Kurutma Makinesi Dolabı | Sepetli Kapaklı Kurulum Montajı Animasyonu,Demirbal Mobilya,498,10 ay önce,3:50,EI1DS--xxSU,https://www.youtube.com/watch?v=EI1DS--xxSU,youtube_video,https://www.youtube.com/@DemirbalMobilya,False,False,False
Montaj,çamaşır makinesi dolabı montajı,19,A101 çamaşır makinesi dolabı kurulumu (tiamob banyo dolabı),Bak-Yap,19026,3 yıl önce,59:19,F0HOjU-Ydfk,https://www.youtube.com/watch?v=F0HOjU-Ydfk,youtube_video,https://www.youtube.com/@bak-yap6521,False,False,False
Montaj,çamaşır makinesi dolabı montajı,20,Çamaşır Makinesi Üst Dolap Kurulumu,ÖZCEDEN,1247,5 yıl önce,4:29,lNwNV1iHrjw,https://www.youtube.com/watch?v=lNwNV1iHrjw,youtube_video,https://www.youtube.com/@ozceden7200,False,False,False
Montaj,havlupan montajı,1,Havlupan montajı nasıl yapılır,Ahmet Züher SÖZEN,280847,9 yıl önce,8:46,X3Lvj_qDf3E,https://www.youtube.com/watch?v=X3Lvj_qDf3E,youtube_video,https://www.youtube.com/@ahmetzuhersozenusta,False,False,False
Montaj,havlupan montajı,2,Havlupan montajı nasıl yapılır - ibrahimkaplan tesisat,İBRAHİM Kaplan tesisat,19738,6 yıl önce,4:18,T2Z5WafY-iw,https://www.youtube.com/watch?v=T2Z5WafY-iw,youtube_video,https://www.youtube.com/@ibrahimkaplantesisat8212,False,False,False
Montaj,havlupan montajı,3,Havlupana Radyatör Vanası Nasıl Takılır-Havlupana Radyatör Vanası Nasıl Bağlanır?,Tesisatçı Genç,25638,3 yıl önce,2:44,JYB-7bJmmVM,https://www.youtube.com/watch?v=JYB-7bJmmVM,youtube_video,https://www.youtube.com/@tesisatc%C4%B1genc,False,False,False
Montaj,havlupan montajı,4,Termorad Havlupan Montaj Videosu,Termorad,2143,1 yıl önce,4:49,QkXDxIzMKus,https://www.youtube.com/watch?v=QkXDxIzMKus,youtube_video,https://www.youtube.com/@termorad_,False,False,False
Montaj,havlupan montajı,5,Havlupan Montaj,Dilaver Tesisat-İnşaat,23449,6 yıl önce,26:43,7k0_uPp754Q,https://www.youtube.com/watch?v=7k0_uPp754Q,youtube_video,https://www.youtube.com/@dilavertesisat-insaat770,False,False,False
Montaj,havlupan montajı,6,Radiva Havlupan Montaj Videosu (Standart Havlupanlar),RADIVA | Dekoratif Radyatör ve Havlupan,53675,10 yıl önce,2:09,Hd-4WvEUZak,https://www.youtube.com/watch?v=Hd-4WvEUZak,youtube_video,https://www.youtube.com/@radivadekoratifradyator,False,False,False
Montaj,havlupan montajı,7,havlupan montajı,Hamdi Ertürk,48013,6 yıl önce,19:33,pZ_H2c7rOcQ,https://www.youtube.com/watch?v=pZ_H2c7rOcQ,youtube_video,https://www.youtube.com/@Hamdierturk,False,False,False
Montaj,havlupan montajı,8,Havlupan montajı ve çok önemli bilgiler...,arpmekatronik ,6259,2 yıl önce,5:58,mUYhyA8k-yM,https://www.youtube.com/watch?v=mUYhyA8k-yM,youtube_video,https://www.youtube.com/@arpmekatronik,False,False,False
Montaj,havlupan montajı,9,Dikkat !! Banyo Havlupan  vana montajı Nasıl Yapılır.!!,USTA İŞİ,13030,4 yıl önce,7:21,vS5hVf3lxX0,https://www.youtube.com/watch?v=vS5hVf3lxX0,youtube_video,https://www.youtube.com/@ustaisiTesisat,False,False,False
Montaj,havlupan montajı,10,"Havlupan Montajı Nasıl Yapılır, Detaylı Anlatım.",KARA AYAZ,24610,5 yıl önce,10:09,S-RGqS4_J_c,https://www.youtube.com/watch?v=S-RGqS4_J_c,youtube_video,https://www.youtube.com/@KARAAYAZ-e5l,False,False,False
Montaj,havlupan montajı,11,havlupan Banyopan Radyatör BEYAZ duvara montaj seti ayağı duvara nasıl tutar,TİMUR KUŞDEMİR,2043,3 yıl önce,3:24,e3a_RaMLRuo,https://www.youtube.com/watch?v=e3a_RaMLRuo,youtube_video,https://www.youtube.com/@kusdemir,False,False,False
Montaj,havlupan montajı,12,"Kilifli Boru,Radyatör Vanasi,Havlupan montaji",Tesisatci hakan,17692,3 yıl önce,2:33,O7cfm74qdfc,https://www.youtube.com/watch?v=O7cfm74qdfc,youtube_video,https://www.youtube.com/@Tesisatcihakanusta06,False,False,False
Montaj,havlupan montajı,13,HAVLUPAN DEĞİŞİMİ & MONTAJI (HAVLUPAN DELİNDİ - SU DAMLATIYOR),TechWorm,21094,1 yıl önce,7:32,lV4JV8fqVv0,https://www.youtube.com/watch?v=lV4JV8fqVv0,youtube_video,https://www.youtube.com/@TechWormX,False,False,False
Montaj,havlupan montajı,14,Alüminyum havlupan Montaj Videosu,Quup Heating,937,7 yıl önce,1:59,kLn6vYr77qE,https://www.youtube.com/watch?v=kLn6vYr77qE,youtube_video,https://www.youtube.com/@quupheating5809,False,False,False
Montaj,havlupan montajı,15,Havlupan Montajı Nasıl Yapılır | Havlupan Değişimi | Havlupan Tamiri | Bilgi Sebili | Towel Radiator,NILAK TADEV,8369,1 yıl önce,10:02,XONb9yVNeMU,https://www.youtube.com/watch?v=XONb9yVNeMU,youtube_video,https://www.youtube.com/@NILAKTADEV,False,False,False
Montaj,havlupan montajı,16,Havlupan Kurulumu Nasıl Yapılır? Adım Adım Kılavuz,Radyal Isıtma Sistemleri,3488,3 yıl önce,2:07,oS9W9VkU6ZM,https://www.youtube.com/watch?v=oS9W9VkU6ZM,youtube_video,https://www.youtube.com/@radyalistmasistemleri,False,False,False
Montaj,havlupan montajı,17,Havlupan Ayağı | Havlupan Ayakları Nasıl Değiştirilir | Havluluk petek montajı | Havlupan Montajı,NILAK TADEV,1099,1 yıl önce,9:40,KQIqaldQlCs,https://www.youtube.com/watch?v=KQIqaldQlCs,youtube_video,https://www.youtube.com/@NILAKTADEV,False,False,False
Montaj,havlupan montajı,18,PETEKLERDE TERS BAĞLANTI SORUNU ALTI ISINMIYOR MURAT TESİSAT ANKARA 0539 666 42 48,Murat Tesisat - Ankara Kameralı Su Kaçak Tespiti,15225,6 yıl önce,2:03,fwD4GxhGUvo,https://www.youtube.com/watch?v=fwD4GxhGUvo,youtube_video,https://www.youtube.com/@MuratTesisatAnkara,False,False,False
Montaj,havlupan montajı,19,havlupan nedir,fπi§d🔦,11009,4 yıl önce,1:44,NCRhGi5IU8Q,https://www.youtube.com/watch?v=NCRhGi5IU8Q,youtube_video,https://www.youtube.com/@isaynud,False,False,False
Montaj,taharet musluğu takma,1,Almanya'da Yaşam 2025 | Taharet Musluğu Çözümü,Kemal Esensoy,119218,5 yıl önce,3:02,QaXNf_ZFGcg,https://www.youtube.com/watch?v=QaXNf_ZFGcg,youtube_video,https://www.youtube.com/@KemalESENSOY35,False,False,False
Montaj,taharet musluğu takma,2,TAHARET MUSLUĞU DEĞİŞTİRME NASIL YAPILIR ? KENDİN YAP,Macit Tesisat,77114,7 yıl önce,2:54,9hfdtq4N9js,https://www.youtube.com/watch?v=9hfdtq4N9js,youtube_video,https://www.youtube.com/@MacitTesisat,False,False,False
Montaj,taharet musluğu takma,3,Ankastre Tahatret musluğunu ankastre Arap musluğuna çevirdik #ankastretaharetmuslugu #arapmuslugu,Macit Tesisat,8241,10 ay önce,6:28,5tQVxC42du4,https://www.youtube.com/watch?v=5tQVxC42du4,youtube_video,https://www.youtube.com/@MacitTesisat,False,False,False
Montaj,taharet musluğu takma,4,#reklam Taharet çubuğu değiştirme | Klozet taharet çubuğu nasıl takılır | Taharet çubuğu nasıl,Yaşar Alanoğlu,591373,4 yıl önce,4:26,_bRE-ctqHnw,https://www.youtube.com/watch?v=_bRE-ctqHnw,youtube_video,https://www.youtube.com/@yasaralanoglu_office,False,False,False
Montaj,taharet musluğu takma,5,AVRUPADA TEHARAT BORUSU BAGLAMA YONTEMLERI,Teknoloji ve İsviçre,469,4 yıl önce,10:22,G_BgyP2uruw,https://www.youtube.com/watch?v=G_BgyP2uruw,youtube_video,https://www.youtube.com/@teknolojiveisvicre8712,False,False,False
Montaj,taharet musluğu takma,6,ANKASTRE taharet musluk arızası ve çözümü.,serhat ayer,49690,1 yıl önce,8:31,aNsr_7sNxJk,https://www.youtube.com/watch?v=aNsr_7sNxJk,youtube_video,https://www.youtube.com/@seaeyed22,False,False,False
Montaj,taharet musluğu takma,7,Arapların kullandığı taharet musluğu montajı yaptık!,Macit Tesisat,48740,4 yıl önce,12:12,EVwYdbku0SI,https://www.youtube.com/watch?v=EVwYdbku0SI,youtube_video,https://www.youtube.com/@MacitTesisat,False,False,False
Montaj,taharet musluğu takma,8,Taharet Musluğu Nasıl Takılır? | Koçtaş ile Kendin Yap,Koçtaş,449300,11 yıl önce,5:22,_ZRHeJrF1R4,https://www.youtube.com/watch?v=_ZRHeJrF1R4,youtube_video,https://www.youtube.com/@koctastv,False,False,False
Montaj,taharet musluğu takma,9,ASMA KLOZET TAHARET MUSLUĞU AZVE YAVAŞ AKIYOR ?,KUMRAL TEKNİK,140039,2 yıl önce,5:01,jmgdJU05GMQ,https://www.youtube.com/watch?v=jmgdJU05GMQ,youtube_video,https://www.youtube.com/@kumralteknik,False,False,False
Montaj,taharet musluğu takma,10,Visam Ankastre Taharet Musluğu Montajı,Visam A.S.,146210,11 yıl önce,4:37,j7snZY3R8ng,https://www.youtube.com/watch?v=j7snZY3R8ng,youtube_video,https://www.youtube.com/@VisamAS,False,False,False
Montaj,taharet musluğu takma,11,LAVABO ALTI ARA MUSLUK VE TAHARET MUSLUĞU MONTAJI BÖYLE YAPILIR,Barutoğlu Tesisat Sedat Barut,11648,5 yıl önce,3:29,tJJhCNb3jO4,https://www.youtube.com/watch?v=tJJhCNb3jO4,youtube_video,https://www.youtube.com/@BARUTOGLU,False,False,False
Montaj,taharet musluğu takma,12,TEKNE VE KARAVAN TAHARET MUSLUĞU TANITIM VE DEĞİŞİM VİDEOSU,Deneyen Adam,3089,2 yıl önce,7:57,DwCQ_uHrufY,https://www.youtube.com/watch?v=DwCQ_uHrufY,youtube_video,https://www.youtube.com/@DeneyenAdam,False,False,False
Montaj,taharet musluğu takma,13,Artema Ankastre taharet musluğu değişimi nasıl yapılır? (gizli taharet musluğu),Macit Tesisat,79703,2 yıl önce,4:19,KCzKA1SAe1A,https://www.youtube.com/watch?v=KCzKA1SAe1A,youtube_video,https://www.youtube.com/@MacitTesisat,False,False,False
Montaj,taharet musluğu takma,14,Tekli Musluk Nasıl Takılır,Murat Anlı,162227,5 yıl önce,4:44,P5xnLldYx2k,https://www.youtube.com/watch?v=P5xnLldYx2k,youtube_video,https://www.youtube.com/@muratanli,False,False,False
Montaj,taharet musluğu takma,15,Taharetmatik montajı | Bidet Montajı | Bide Montajı | Taharet Musluğu | Filtresiz Bilgi,NILAK TADEV,4033,1 yıl önce,9:04,vx6XYK-5RtA,https://www.youtube.com/watch?v=vx6XYK-5RtA,youtube_video,https://www.youtube.com/@NILAKTADEV,False,False,False
Montaj,taharet musluğu takma,16,Klozet Musluğu Taharet Musluğu Nasıl Değiştirilir ?,Zifinlik Tv,128593,4 yıl önce,5:40,Z3ZpgfIw6e0,https://www.youtube.com/watch?v=Z3ZpgfIw6e0,youtube_video,https://www.youtube.com/@ZifinlikTv,False,False,False
Montaj,taharet musluğu takma,17,Fiskiyeli taharet musluğu montajı yaptık #araptaharetmusluğu,Macit Tesisat,29848,2 yıl önce,6:30,Roewl3wMFzo,https://www.youtube.com/watch?v=Roewl3wMFzo,youtube_video,https://www.youtube.com/@MacitTesisat,False,False,False
Montaj,taharet musluğu takma,18,"Taharet Borusu Montajı, Temiz ve Güvenli işçilik, Kısa Anlatımlı Aydınca Yöntemle",Aydın Artır ile faydalı işler,58487,6 yıl önce,4:33,6s_QSCSniOI,https://www.youtube.com/watch?v=6s_QSCSniOI,youtube_video,https://www.youtube.com/@Ayd%C4%B1nArt%C4%B1rilefaydali%C5%9Fler,False,False,False
Montaj,taharet musluğu takma,19,GİZLİ TAHARET MUSLUĞU MONTAJI TAMİRİ,Tesisat Servisim,386478,7 yıl önce,5:24,0MdfhbLIb2k,https://www.youtube.com/watch?v=0MdfhbLIb2k,youtube_video,https://www.youtube.com/@tesisatservisim,False,False,False
Montaj,taharet musluğu takma,20,WC TAHARET MUSLUĞU MONTAJI NASIL YAPILIR ? KETEN SARMA İŞLEMİ,Macit Tesisat,7199,6 yıl önce,2:22,ZVFmn3TaNQE,https://www.youtube.com/watch?v=ZVFmn3TaNQE,youtube_video,https://www.youtube.com/@MacitTesisat,False,False,False
Montaj,sifon değiştirme,1,Vitra Gömme Rezervuar Tamiri | Boşaltma Grubu Sökme ve Conta Değişimi,Mini Tesisat,82145,5 yıl önce,3:04,ckXoKx2ZEXw,https://www.youtube.com/watch?v=ckXoKx2ZEXw,youtube_video,https://www.youtube.com/@minitesisat,False,False,False
Montaj,sifon değiştirme,2,Serel Gömme Sifon Rezervuar Su Kaçırma Sorunu ve Tamiri - Su Faturası Yüksek Geldiyse...,ahcomak,322340,2 yıl önce,7:50,DvhsVTEjPBk,https://www.youtube.com/watch?v=DvhsVTEjPBk,youtube_video,https://www.youtube.com/@ahcomak,False,False,False
Montaj,sifon değiştirme,3,Klozet iç takımı değiştirmek aslında çok kolay kendin yap,Macit Tesisat,623588,3 yıl önce,9:30,oQmwX9Y4or0,https://www.youtube.com/watch?v=oQmwX9Y4or0,youtube_video,https://www.youtube.com/@MacitTesisat,False,False,False
Montaj,sifon değiştirme,4,Klozet Üst Rezervuar İç Takım Montajı Nasıl Yapılır,Murat Anlı,110864,5 yıl önce,7:36,yiAaLI1LD8Q,https://www.youtube.com/watch?v=yiAaLI1LD8Q,youtube_video,https://www.youtube.com/@muratanli,False,False,False
Montaj,sifon değiştirme,5,Klozet Şamandıra Tamiri | En Kolay İç Takım ve Seçim Rehberi,Tesisatçı Hasan,68862,2 yıl önce,10:21,VxGPsRr9-ec,https://www.youtube.com/watch?v=VxGPsRr9-ec,youtube_video,https://www.youtube.com/@tesisatcihasan,False,False,False
Montaj,sifon değiştirme,6,"Zor Olduğu Söylenen Klozet, Sifon Rezervuar Montajı, Nasıl Takılır",BENALİ VİDEOLARI,229138,7 yıl önce,13:13,IASiDqbEbcI,https://www.youtube.com/watch?v=IASiDqbEbcI,youtube_video,https://www.youtube.com/@BENAL%C4%B0V%C4%B0DEOLARI,False,False,False
Montaj,sifon değiştirme,7,KLOZET REZERVUAR SİFON SU KAÇIRIYORSA ÇOK KOLAY HEMEN YAPABİLİRSİN.,Baloğlu,226976,2 yıl önce,10:19,beCkNLOJtkw,https://www.youtube.com/watch?v=beCkNLOJtkw,youtube_video,https://www.youtube.com/@baloglu9512,False,False,False
Montaj,sifon değiştirme,8,"Aslında Çok Basit Klozet Su Kaçırıyor, Sifon Su Kaçırıyor Sorunu, Çözümü",BENALİ VİDEOLARI,2014466,6 yıl önce,4:30,gZyDQFu01GY,https://www.youtube.com/watch?v=gZyDQFu01GY,youtube_video,https://www.youtube.com/@BENAL%C4%B0V%C4%B0DEOLARI,False,False,False
Montaj,sifon değiştirme,9,"Klozet Şamandıra Değişimi | İç Takım Değişimi | Duvara Sıfır Klozet , Rezervuar İç Takımı Değişimi",Salim Tugay Günaydın,153987,3 yıl önce,6:41,7yn5_GlZzc8,https://www.youtube.com/watch?v=7yn5_GlZzc8,youtube_video,https://www.youtube.com/@salimtugaygunaydin,False,False,False
Montaj,sifon değiştirme,10,Visam Gömme rezervuar boşaltma grubu değişimi.,Çağlar karademir.,27357,2 yıl önce,3:50,9HhjnicN7wE,https://www.youtube.com/watch?v=9HhjnicN7wE,youtube_video,https://www.youtube.com/@caglarkarademir.4783,False,False,False
Montaj,sifon değiştirme,11,TUVALET SİFON TAMİRİ NASIL YAPILIR / BASİT ANLATIM / #kendinyap #diy #tesisat#sifon#tamir#tesisatçı,USTA SEN OL,133930,3 yıl önce,3:10,CCHu3AH4Xm8,https://www.youtube.com/watch?v=CCHu3AH4Xm8,youtube_video,https://www.youtube.com/@ustasenol-2024,False,False,False
Montaj,sifon değiştirme,12,Klozetin içine neden sürekli su akar.Klozetin içine sürekli sızan suyun sebebi.tamiri nasıl yapılır,Tesisatçı Hasan,312438,3 yıl önce,19:44,n43Mup-RIr0,https://www.youtube.com/watch?v=n43Mup-RIr0,youtube_video,https://www.youtube.com/@tesisatcihasan,False,False,False
Montaj,sifon değiştirme,13,"Klozet Su Kaçırıyorsa Çok Basit Tamiri Kendin Yap - Klozet Su Kaçırıyor, Sifon Su Kaçırıyor Çözümü",Tesisatçı Genç,1251726,2 yıl önce,6:31,U3uNRutqttg,https://www.youtube.com/watch?v=U3uNRutqttg,youtube_video,https://www.youtube.com/@tesisatc%C4%B1genc,False,False,False
Montaj,sifon değiştirme,14,Klozet Sifonu Nasıl Takılır? (Klozet İç Takım Montajı)  - Tekzen,Tekzen,234124,7 yıl önce,1:14,d_anV0uMiCg,https://www.youtube.com/watch?v=d_anV0uMiCg,youtube_video,https://www.youtube.com/@tekzenturkiye,False,False,False
Montaj,sifon değiştirme,15,Rezervuar İç Takım Montajı Detaylı Anlatım | Şamandıra ve Boşaltma Grubu Nasıl Takılır?,Mini Tesisat,20082,3 yıl önce,3:40,xftxRBh4gLU,https://www.youtube.com/watch?v=xftxRBh4gLU,youtube_video,https://www.youtube.com/@minitesisat,False,False,False
Montaj,sifon değiştirme,16,Serel Gömme Rezervuar Su Kaçırıyor? Conta Değişimi!,Macit Tesisat,310818,2 yıl önce,3:35,eLA0UQvn-9U,https://www.youtube.com/watch?v=eLA0UQvn-9U,youtube_video,https://www.youtube.com/@MacitTesisat,False,False,False
Montaj,sifon değiştirme,17,NAsıl yapılır? Çekmeli sifon iç takım değiştirme #kendinyap #kolay,Brahma Kümesi ,71620,3 yıl önce,20:29,SZZ_oqpuSvg,https://www.youtube.com/watch?v=SZZ_oqpuSvg,youtube_video,https://www.youtube.com/@Demiremrah,False,False,False
Montaj,sifon değiştirme,18,Banyo Klozet İç Takım Değişimi,BAY MERAKLI,63433,5 yıl önce,10:17,RJZIMhcpCBs,https://www.youtube.com/watch?v=RJZIMhcpCBs,youtube_video,https://www.youtube.com/@baymerakli6905,False,False,False
Montaj,sifon değiştirme,19,Eyvah ! Klozet Su Kaçırıyor - Klozet Rezervuar İç Takımı Tamiri - Klozetten Su Neden Gelir - Tamirat,Yaşar Alanoğlu,455603,2 yıl önce,5:03,l7b5Eg_of9k,https://www.youtube.com/watch?v=l7b5Eg_of9k,youtube_video,https://www.youtube.com/@yasaralanoglu_office,False,False,False
Montaj,sifon değiştirme,20,Klozetin Şamandrası Nasıl Değiştirilir,RİFAT MELEKOĞLU (GÖRELİM ÖĞRENELİM),97146,4 yıl önce,10:34,vi6VRMa0K0g,https://www.youtube.com/watch?v=vi6VRMa0K0g,youtube_video,https://www.youtube.com/@gorelimogrenelim,False,False,False
Tamir ve bakım,batarya damlatıyor,1,damlayan musluk tamiri,Tingoo,513444,10 yıl önce,3:22,KbWzr9cPzZU,https://www.youtube.com/watch?v=KbWzr9cPzZU,youtube_video,https://www.youtube.com/@tingoo1406,False,False,False
Tamir ve bakım,batarya damlatıyor,2,KARTUŞ DEĞİŞTİRMEDEN AÇ KAPA BATARYA/MUSLUK TAMİRİ %100 GARANTİLİ,Taner Aydın,856225,3 yıl önce,14:04,Lz4x10pFQU4,https://www.youtube.com/watch?v=Lz4x10pFQU4,youtube_video,https://www.youtube.com/@Taner-Ayd%C4%B1n,False,False,False
Tamir ve bakım,batarya damlatıyor,3,damlayan musluk banyo bataryası kartuş değişimi,Mustafacottasarım,19717,2 yıl önce,2:01,VGv8sw-wXo0,https://www.youtube.com/watch?v=VGv8sw-wXo0,youtube_video,https://www.youtube.com/@mustafacottasarim,False,False,False
Tamir ve bakım,batarya damlatıyor,4,Musluk Tamiri ✅ Damlatan musluk tamiri,RS DekoR,15416,3 yıl önce,6:13,Ujpm8YF6BZQ,https://www.youtube.com/watch?v=Ujpm8YF6BZQ,youtube_video,https://www.youtube.com/@rsdekor,False,False,False
Tamir ve bakım,batarya damlatıyor,5,"Damlatan Musluk Tamiri, Musluk Batarya tamiri, sıfır masraf izle...",İLGİ BİLGİ,16136,4 yıl önce,8:15,bPtcaDCkjHg,https://www.youtube.com/watch?v=bPtcaDCkjHg,youtube_video,https://www.youtube.com/@ilgibilgi01,False,False,False
Tamir ve bakım,batarya damlatıyor,6,AÇ KAPA MUSLUK SU DAMLATIYOR,Tesisat Servisim,168625,6 yıl önce,9:52,84TNhTCJ7ik,https://www.youtube.com/watch?v=84TNhTCJ7ik,youtube_video,https://www.youtube.com/@tesisatservisim,False,False,False
Tamir ve bakım,batarya damlatıyor,7,Mutfak Batarya Değişimi Tamiri - Fucet Repair musluk su damlatıyor,Bu Benim İşim,2563,6 yıl önce,5:11,wzBs_VtxlKA,https://www.youtube.com/watch?v=wzBs_VtxlKA,youtube_video,https://www.youtube.com/@BuBenim%C4%B0%C5%9Fim,False,False,False
Tamir ve bakım,batarya damlatıyor,8,Aç Kapa Musluk Damlatıyorsa Nasıl Tamir Edilir ? (Aç Kapa Musluk Kartuş Değişimi ),TamirİstaN,440442,7 yıl önce,5:45,NFMe8J2eSAA,https://www.youtube.com/watch?v=NFMe8J2eSAA,youtube_video,https://www.youtube.com/@Tamir%C4%B0staN,False,False,False
Tamir ve bakım,batarya damlatıyor,9,Damlatan Musluk Tamiri Nasıl Yapılır,talip baş,239917,7 yıl önce,4:18,qHxcx-TrfZc,https://www.youtube.com/watch?v=qHxcx-TrfZc,youtube_video,https://www.youtube.com/@talipbas,False,False,False
Tamir ve bakım,batarya damlatıyor,10,Duş Bataryası Akıyor Mu? Masrafsız ve Kolay Tamir!,Tesisatçı Hasan,20041,2 yıl önce,11:07,EpK37_gzlog,https://www.youtube.com/watch?v=EpK37_gzlog,youtube_video,https://www.youtube.com/@tesisatcihasan,False,False,False
Tamir ve bakım,batarya damlatıyor,11,Banyo Bataryası Nasıl Değiştirilir - Banyo Musluğu Montajı - Bataryo Musluk Nasıl Takılır  Kendinyap,Yaşar Alanoğlu,79466,1 yıl önce,5:04,ftH0AyZZ04c,https://www.youtube.com/watch?v=ftH0AyZZ04c,youtube_video,https://www.youtube.com/@yasaralanoglu_office,False,False,False
Tamir ve bakım,batarya damlatıyor,12,TESİSATÇIDAN ŞAŞIRTICI YÖNTEM💯 AÇ KAPA MUSLUK KARTUŞUNU VAZELİN İLE TAMİR EDİN,kendin yaparsın,1036471,2 yıl önce,6:06,KY3X17-wZz4,https://www.youtube.com/watch?v=KY3X17-wZz4,youtube_video,https://www.youtube.com/@kendinyaparsin,False,False,False
Tamir ve bakım,batarya damlatıyor,13,ÜST BORUDAN SU SIZDIRAN BATARYA TAMİRİ. MUSLUK SU SIZDIRIYOR NE YAPMALI. LAVABO BATARYA,Taner Aydın,84873,3 yıl önce,8:27,_GPC_XTb-SQ,https://www.youtube.com/watch?v=_GPC_XTb-SQ,youtube_video,https://www.youtube.com/@Taner-Ayd%C4%B1n,False,False,False
Tamir ve bakım,batarya damlatıyor,14,#reklam Üst borusundan su sızdıran batarya tamiri - Musluk su sızdırıyor ne yapmalı - Lavabo batarya,Yaşar Alanoğlu,1045561,3 yıl önce,5:04,h0FMvPnBD2U,https://www.youtube.com/watch?v=h0FMvPnBD2U,youtube_video,https://www.youtube.com/@yasaralanoglu_office,False,False,False
Tamir ve bakım,batarya damlatıyor,15,Aç kapa batarya kartuşu nasıl değiştirilir,kendin yaparsın,646058,7 yıl önce,2:32,wqx3IxtQidM,https://www.youtube.com/watch?v=wqx3IxtQidM,youtube_video,https://www.youtube.com/@kendinyaparsin,False,False,False
Tamir ve bakım,batarya damlatıyor,16,"Eviye Bataryası Su Döküş Borusunun Bağlantı Kısmından Su Kaçırıyor, Nasıl Yapılır \ Sadece Gevşemiş",Bav YapHele,133532,5 yıl önce,4:03,48elQ3lhf5M,https://www.youtube.com/watch?v=48elQ3lhf5M,youtube_video,https://www.youtube.com/@bavyaphele,False,False,False
Tamir ve bakım,batarya damlatıyor,17,"Banyo Bataryası, Musluğu, Çeşmesi Su Sızdırıyor, Kaçırıyor, Akıyor Nasıl Yapılır / Batarya Eksantrik",BENALİ VİDEOLARI,103535,5 yıl önce,4:02,IYKqMAUHHVs,https://www.youtube.com/watch?v=IYKqMAUHHVs,youtube_video,https://www.youtube.com/@BENAL%C4%B0V%C4%B0DEOLARI,False,False,False
Tamir ve bakım,batarya damlatıyor,18,DAMLATAN CONTALI MUSLUK SORUNU/ BATARYA NEDEN SU DAMLATIR?,Murat Tesisat - Ankara Kameralı Su Kaçak Tespiti,57398,3 yıl önce,2:56,MWoJ_Bpoz58,https://www.youtube.com/watch?v=MWoJ_Bpoz58,youtube_video,https://www.youtube.com/@MuratTesisatAnkara,False,False,False
Tamir ve bakım,batarya damlatıyor,19,ÜST BORUDAN SU SIZDIRAN BATARYA TAMİRİ. MUSLUK SU SIZDIRIYOR NE YAPMALI. LAVABO BATARYA,Taner Aydın,20517,2 yıl önce,6:27,S6MkCvGtcL4,https://www.youtube.com/watch?v=S6MkCvGtcL4,youtube_video,https://www.youtube.com/@Taner-Ayd%C4%B1n,False,False,False
Tamir ve bakım,batarya damlatıyor,20,"Aç kapa musluk tamiri , Faucet repair",Kendinyap,62379,5 yıl önce,6:40,re4nKmHwKSU,https://www.youtube.com/watch?v=re4nKmHwKSU,youtube_video,https://www.youtube.com/@Kendin_yap,False,False,False
Tamir ve bakım,musluk kartuşu değişimi,1,Aç kapa batarya kartuşu nasıl değiştirilir,kendin yaparsın,646078,7 yıl önce,2:32,wqx3IxtQidM,https://www.youtube.com/watch?v=wqx3IxtQidM,youtube_video,https://www.youtube.com/@kendinyaparsin,False,False,False
Tamir ve bakım,musluk kartuşu değişimi,2,Arızalı Banyo Batarya Kartuşu Nasıl Değiştirilir,Emek Dekorasyon,64715,4 yıl önce,5:32,8-A9PNBrgj4,https://www.youtube.com/watch?v=8-A9PNBrgj4,youtube_video,https://www.youtube.com/@Emek.Dekorasyon,False,False,False
Tamir ve bakım,musluk kartuşu değişimi,3,KARTUŞ DEĞİŞTİRMEDEN AÇ KAPA BATARYA/MUSLUK TAMİRİ %100 GARANTİLİ,Taner Aydın,856225,3 yıl önce,14:04,Lz4x10pFQU4,https://www.youtube.com/watch?v=Lz4x10pFQU4,youtube_video,https://www.youtube.com/@Taner-Ayd%C4%B1n,False,False,False
Tamir ve bakım,musluk kartuşu değişimi,4,ECA Lavabo Bataryası Su Kaçırıyor Çözümü! 💧 | Kartuş Değişimi ve Tamiri,Mini Tesisat,53737,5 yıl önce,6:32,Qym553-0eXI,https://www.youtube.com/watch?v=Qym553-0eXI,youtube_video,https://www.youtube.com/@minitesisat,False,False,False
Tamir ve bakım,musluk kartuşu değişimi,5,ECA AÇ KAPA MUSLUK TAMİRİ Kartuş Değiştirme  Faucet Cartridge Replacement,Tesisat Servisim,183453,6 yıl önce,7:53,lkfdmDjQZCc,https://www.youtube.com/watch?v=lkfdmDjQZCc,youtube_video,https://www.youtube.com/@tesisatservisim,False,False,False
Tamir ve bakım,musluk kartuşu değişimi,6,Artema Aç Kapa Batarya Kartuş Değişimi | Artema Musluk Tamiri,Mini Tesisat,14031,8 ay önce,3:03,DIRCGjS9Uk0,https://www.youtube.com/watch?v=DIRCGjS9Uk0,youtube_video,https://www.youtube.com/@minitesisat,False,False,False
Tamir ve bakım,musluk kartuşu değişimi,7,TESİSATÇIDAN ŞAŞIRTICI YÖNTEM💯 AÇ KAPA MUSLUK KARTUŞUNU VAZELİN İLE TAMİR EDİN,kendin yaparsın,1036471,2 yıl önce,6:06,KY3X17-wZz4,https://www.youtube.com/watch?v=KY3X17-wZz4,youtube_video,https://www.youtube.com/@kendinyaparsin,False,False,False
Tamir ve bakım,musluk kartuşu değişimi,8,Musluk Kartuşu Nasıl Değiştirilir? (Musluk Değiştirmeyin Onarınız),Emre A. Bayar,16921,4 yıl önce,4:33,qVVpjBcyw1Q,https://www.youtube.com/watch?v=qVVpjBcyw1Q,youtube_video,https://www.youtube.com/@EmreABayar,False,False,False
Tamir ve bakım,musluk kartuşu değişimi,9,💧 Aç/Kapa Lavabo Bataryası Tamiri | Kartuş Değişimi ve Modelleri,Tesisatçı Hasan,15005,1 yıl önce,11:10,s_hMj4LepdU,https://www.youtube.com/watch?v=s_hMj4LepdU,youtube_video,https://www.youtube.com/@tesisatcihasan,False,False,False
Tamir ve bakım,musluk kartuşu değişimi,10,Aç Kapa musluk Kartuş değiştirme / Faucet Cartridge Replacement,Aydın Artır ile faydalı işler,756964,8 yıl önce,5:42,INaKiIWONL8,https://www.youtube.com/watch?v=INaKiIWONL8,youtube_video,https://www.youtube.com/@Ayd%C4%B1nArt%C4%B1rilefaydali%C5%9Fler,False,False,False
Tamir ve bakım,musluk kartuşu değişimi,11,AÇ-KAPA MUSLUK KARTUŞ DEĞİŞİMİ (faucet cartridge replacement) 250123,yavrika,134653,3 yıl önce,7:55,ePGhLtHvVB0,https://www.youtube.com/watch?v=ePGhLtHvVB0,youtube_video,https://www.youtube.com/@yavrika,False,False,False
Tamir ve bakım,musluk kartuşu değişimi,12,AÇ KAPA MUSLUK TAMİRİ KARTUŞ DEĞİŞİMİ,EĞLENCELİ İŞLER 01,339,5 yıl önce,8:44,v5o-OXKnUx0,https://www.youtube.com/watch?v=v5o-OXKnUx0,youtube_video,https://www.youtube.com/@IlkerGunay01,False,False,False
Tamir ve bakım,musluk kartuşu değişimi,13,Batarya Kartuşu nasıl değiştirilir/Aç kapa batarya kartuşu nasıl değiştirilir/Arızalı banyo batarya.,Gör Yap Atölyesi,58092,4 yıl önce,6:36,Zp3sCYzkg4E,https://www.youtube.com/watch?v=Zp3sCYzkg4E,youtube_video,https://www.youtube.com/@G%C3%B6rYapAt%C3%B6lyesi,False,False,False
Tamir ve bakım,musluk kartuşu değişimi,14,Aç Kapa Musluk Damlatıyorsa Nasıl Tamir Edilir ? (Aç Kapa Musluk Kartuş Değişimi ),TamirİstaN,440449,7 yıl önce,5:45,NFMe8J2eSAA,https://www.youtube.com/watch?v=NFMe8J2eSAA,youtube_video,https://www.youtube.com/@Tamir%C4%B0staN,False,False,False
Tamir ve bakım,musluk kartuşu değişimi,15,ARTEMA AÇ KAPA MUSLUK TAMİRİ KARTUŞ DEĞİŞTİRME,Tesisat Servisim,99688,5 yıl önce,5:53,ZRQ78EpYv4s,https://www.youtube.com/watch?v=ZRQ78EpYv4s,youtube_video,https://www.youtube.com/@tesisatservisim,False,False,False
Tamir ve bakım,musluk kartuşu değişimi,16,Batarya musluk kartuş göbek nasıl değiştirilir | Musluk kartuşu değiştirme,İsmâil Hakkı FEYZİOĞLU,8421,4 yıl önce,3:47,-46DqGZlLtw,https://www.youtube.com/watch?v=-46DqGZlLtw,youtube_video,https://www.youtube.com/@%C4%B0sm%C3%A2ilHakk%C4%B1FEYZ%C4%B0O%C4%9ELU,False,False,False
Tamir ve bakım,musluk kartuşu değişimi,17,"Aç kapa musluk tamiri , Faucet repair",Kendinyap,62385,5 yıl önce,6:40,re4nKmHwKSU,https://www.youtube.com/watch?v=re4nKmHwKSU,youtube_video,https://www.youtube.com/@Kendin_yap,False,False,False
Tamir ve bakım,musluk kartuşu değişimi,18,Mix Batarya Kartuş Ayrımı -Batarya Kartuş 35'lik mi 40'lik mi Ayaklımı ve Ayaksız Nasıl Anlaşılır,Tesisatçı Genç,35586,5 yıl önce,2:05,PkW7LBc5cFM,https://www.youtube.com/watch?v=PkW7LBc5cFM,youtube_video,https://www.youtube.com/@tesisatc%C4%B1genc,False,False,False
Tamir ve bakım,musluk kartuşu değişimi,19,damlayan musluk banyo bataryası kartuş değişimi,Mustafacottasarım,19717,2 yıl önce,2:01,VGv8sw-wXo0,https://www.youtube.com/watch?v=VGv8sw-wXo0,youtube_video,https://www.youtube.com/@mustafacottasarim,False,False,False
Tamir ve bakım,rezervuar şamandıra ayarı,1,GÖMME REZERVUAR ŞAMANDIRA AYARI DEĞİŞİMİ VE ÇEŞİTLERİ,Tesisat Servisim,155308,7 yıl önce,3:35,bPp5zSqDQb4,https://www.youtube.com/watch?v=bPp5zSqDQb4,youtube_video,https://www.youtube.com/@tesisatservisim,False,False,False
Tamir ve bakım,rezervuar şamandıra ayarı,2,Klozet Su Seviyesi Ayarlama - Klozet Su Ayarı Nasıl Yapılır,Tesisatçı Genç,103832,3 yıl önce,6:12,GtiGAmNdP3M,https://www.youtube.com/watch?v=GtiGAmNdP3M,youtube_video,https://www.youtube.com/@tesisatc%C4%B1genc,False,False,False
Tamir ve bakım,rezervuar şamandıra ayarı,3,Klozet Su Ayarı .Rezervuar Su Seviyesi Nasıl Ayarlanır?,Zifinlik Tv,239152,5 yıl önce,5:48,H78MPD4mu8w,https://www.youtube.com/watch?v=H78MPD4mu8w,youtube_video,https://www.youtube.com/@ZifinlikTv,False,False,False
Tamir ve bakım,rezervuar şamandıra ayarı,4,Klozet Şamandırası Su Kaçırıyorsa Çok Basit Tamiri Kendin Yap - Klozet Şamandıra Suyu Kesmiyor,Tesisatçı Genç,177272,2 yıl önce,6:03,8Jz22xkRJCE,https://www.youtube.com/watch?v=8Jz22xkRJCE,youtube_video,https://www.youtube.com/@tesisatc%C4%B1genc,False,False,False
Tamir ve bakım,rezervuar şamandıra ayarı,5,Klozet Şamandıra Tamiri | En Kolay İç Takım ve Seçim Rehberi,Tesisatçı Hasan,68873,2 yıl önce,10:21,VxGPsRr9-ec,https://www.youtube.com/watch?v=VxGPsRr9-ec,youtube_video,https://www.youtube.com/@tesisatcihasan,False,False,False
Tamir ve bakım,rezervuar şamandıra ayarı,6,Eyvah ! Klozet Su Kaçırıyor - Klozet Rezervuar İç Takımı Tamiri - Klozetten Su Neden Gelir - Tamirat,Yaşar Alanoğlu,455603,2 yıl önce,5:03,l7b5Eg_of9k,https://www.youtube.com/watch?v=l7b5Eg_of9k,youtube_video,https://www.youtube.com/@yasaralanoglu_office,False,False,False
Tamir ve bakım,rezervuar şamandıra ayarı,7,Klozet Neden Yavaş Dolar - Klozet Dolmuyor - Klozet Su Dolmuyor,Tesisatçı Genç,148321,3 yıl önce,4:27,HWkWubBecjw,https://www.youtube.com/watch?v=HWkWubBecjw,youtube_video,https://www.youtube.com/@tesisatc%C4%B1genc,False,False,False
Tamir ve bakım,rezervuar şamandıra ayarı,8,Klozet Rezervuarının Su Seviye Ayarı Nasıl Yapılır?,Dedex55 Easy Tabii Ki De,80143,5 yıl önce,3:00,3sL7sUUn5es,https://www.youtube.com/watch?v=3sL7sUUn5es,youtube_video,https://www.youtube.com/@Dedex55,False,False,False
Tamir ve bakım,rezervuar şamandıra ayarı,9,GÖMME REZERVUAR SU SEVİYE AYARI NASIL YAPILIR,Kılıç Tadilat,67165,6 yıl önce,4:01,d4WUXBCuaJo,https://www.youtube.com/watch?v=d4WUXBCuaJo,youtube_video,https://www.youtube.com/@klctadilat572,False,False,False
Tamir ve bakım,rezervuar şamandıra ayarı,10,Klozet Su Ayarı-Rezervuar Su Seviye Ayarı Nasıl Yapılır-Klozet Sifon Ayarı-Sifon Ayarı Nasıl Yapılır,Gör Yap Atölyesi,12452,3 yıl önce,5:11,QjXvbs6tuxo,https://www.youtube.com/watch?v=QjXvbs6tuxo,youtube_video,https://www.youtube.com/@G%C3%B6rYapAt%C3%B6lyesi,False,False,False
Tamir ve bakım,rezervuar şamandıra ayarı,11,VİTRA GÖMME REZERVUAR SU SEVİYE AYARI NASIL YAPILIR?,Tesisat Servisim,148967,10 yıl önce,1:57,agCk6BIyN7g,https://www.youtube.com/watch?v=agCk6BIyN7g,youtube_video,https://www.youtube.com/@tesisatservisim,False,False,False
Tamir ve bakım,rezervuar şamandıra ayarı,12,"Aslında Çok Basit Klozet Su Kaçırıyor, Sifon Su Kaçırıyor Sorunu, Çözümü",BENALİ VİDEOLARI,2014491,6 yıl önce,4:30,gZyDQFu01GY,https://www.youtube.com/watch?v=gZyDQFu01GY,youtube_video,https://www.youtube.com/@BENAL%C4%B0V%C4%B0DEOLARI,False,False,False
Tamir ve bakım,rezervuar şamandıra ayarı,13,Klozet Su Ayarı & Rezervuar Su Seviyesi Ayarı Nasıl Yapılır?,TamirİstaN,249988,7 yıl önce,2:51,wUFt94icbkc,https://www.youtube.com/watch?v=wUFt94icbkc,youtube_video,https://www.youtube.com/@Tamir%C4%B0staN,False,False,False
Tamir ve bakım,rezervuar şamandıra ayarı,14,Klozet Su ayrı Klozet Şamandıra Ayarı Klozet Su Kaçırıyor Klozet Şamandıra Ayarı Nasıl Yapılır,Paran Cebinde Kalsın.,1548,6 ay önce,0:36,N0QIghnb0Qc,https://www.youtube.com/watch?v=N0QIghnb0Qc,youtube_video,https://www.youtube.com/@parancebindekalsn7690,False,False,False
Tamir ve bakım,rezervuar şamandıra ayarı,15,KLOZET İÇ TAKIM ŞAMANDIRASININ TAMİRİ VE MONTAJININ YAPILIŞI,Tesisatçı Hasan,60181,4 yıl önce,19:25,RD6yPywILiw,https://www.youtube.com/watch?v=RD6yPywILiw,youtube_video,https://www.youtube.com/@tesisatcihasan,False,False,False
Tamir ve bakım,rezervuar şamandıra ayarı,16,"Klozet Şamandıra Değişimi | İç Takım Değişimi | Duvara Sıfır Klozet , Rezervuar İç Takımı Değişimi",Salim Tugay Günaydın,154009,3 yıl önce,6:41,7yn5_GlZzc8,https://www.youtube.com/watch?v=7yn5_GlZzc8,youtube_video,https://www.youtube.com/@salimtugaygunaydin,False,False,False
Tamir ve bakım,rezervuar şamandıra ayarı,17,Klozet Şamandıra Su Ayari Nasıl Yapılır? Çok Basit!,Pehlivan Usta,11736,2 yıl önce,1:04,ljKfOuLBzuU,https://www.youtube.com/watch?v=ljKfOuLBzuU,youtube_video,https://www.youtube.com/@pehlivanusta,False,False,False
Tamir ve bakım,rezervuar şamandıra ayarı,18,KLOZET REZERVUAR SİFON SU KAÇIRIYORSA ÇOK KOLAY HEMEN YAPABİLİRSİN.,Baloğlu,226998,2 yıl önce,10:19,beCkNLOJtkw,https://www.youtube.com/watch?v=beCkNLOJtkw,youtube_video,https://www.youtube.com/@baloglu9512,False,False,False
Tamir ve bakım,rezervuar şamandıra ayarı,19,Serel Gömme Rezervuar Su Kaçırıyor? Conta Değişimi!,Macit Tesisat,310818,2 yıl önce,3:35,eLA0UQvn-9U,https://www.youtube.com/watch?v=eLA0UQvn-9U,youtube_video,https://www.youtube.com/@MacitTesisat,False,False,False
Tamir ve bakım,rezervuar şamandıra ayarı,20,Klozet Şamandırası Neden Suyu Kesmiyor -Klozet Neden Suyu Doldurmuyor -Şamandıra Flatör  Çalışması,Tesisatçı Genç,170651,2 yıl önce,4:18,xv6XgoCVJUI,https://www.youtube.com/watch?v=xv6XgoCVJUI,youtube_video,https://www.youtube.com/@tesisatc%C4%B1genc,False,False,False
Tamir ve bakım,gömme rezervuar su doldurmuyor,1,GÖMME REZERVUAR SU DOLMUYOR ? ŞAMANDIRA DEĞİŞİMİ ?,KUMRAL TEKNİK,136345,3 yıl önce,8:01,OZy5OQH_Lq8,https://www.youtube.com/watch?v=OZy5OQH_Lq8,youtube_video,https://www.youtube.com/@kumralteknik,False,False,False
Tamir ve bakım,gömme rezervuar su doldurmuyor,2,Gömme Rezervuar su almıyor veya su kaçırıyor sa basit tamiri,el-is,216491,4 yıl önce,2:11,VQHy1FNsZhQ,https://www.youtube.com/watch?v=VQHy1FNsZhQ,youtube_video,https://www.youtube.com/@eill-g6i,False,False,False
Tamir ve bakım,gömme rezervuar su doldurmuyor,3,VİTRA GÖMME REZERVUAR SİFON SU DOLMUYOR,Tesisat Servisim,247460,8 yıl önce,3:28,o5fbPzVIEsI,https://www.youtube.com/watch?v=o5fbPzVIEsI,youtube_video,https://www.youtube.com/@tesisatservisim,False,False,False
Tamir ve bakım,gömme rezervuar su doldurmuyor,4,Vitra Gömme Rezervuar Geç Doluyor | Şamandıra ve Conta Değişimi (Kırmadan Tamir),Mini Tesisat,2997,8 ay önce,3:15,jHvEr16_y30,https://www.youtube.com/watch?v=jHvEr16_y30,youtube_video,https://www.youtube.com/@minitesisat,False,False,False
Tamir ve bakım,gömme rezervuar su doldurmuyor,5,"Sifona su dolmuyor, şamandıra süzgec tıkanması",ismail U,36811,4 yıl önce,4:32,QTn2mIvwJIU,https://www.youtube.com/watch?v=QTn2mIvwJIU,youtube_video,https://www.youtube.com/@ismailUyguc,False,False,False
Tamir ve bakım,gömme rezervuar su doldurmuyor,6,"Visam Gömme Rezervuar Tutukluk Yapıyor , Su Doldurmuyor . Çözümlü Video",Yorgun Pusula,22401,4 yıl önce,1:06,JVlPxkS3HNo,https://www.youtube.com/watch?v=JVlPxkS3HNo,youtube_video,https://www.youtube.com/@yorgunpusula,False,False,False
Tamir ve bakım,gömme rezervuar su doldurmuyor,7,VİSAM Gömme Rezervuar  su vermiyor sorunun çözümü.,Çağlar karademir.,33378,5 yıl önce,2:34,DEN87ecmgAI,https://www.youtube.com/watch?v=DEN87ecmgAI,youtube_video,https://www.youtube.com/@caglarkarademir.4783,False,False,False
Tamir ve bakım,gömme rezervuar su doldurmuyor,8,KALE GÖMME REZERVUAR SU DOLMUYOR TAMİRİ | SAKARYA GÖMME REZERVUAR SERVİSİ | SERDİVAN TESİSAT,Serdivan Tesisat Gömme Rezervuar Tamir Servisi,12824,2 yıl önce,5:27,1r1UAEbyBmw,https://www.youtube.com/watch?v=1r1UAEbyBmw,youtube_video,https://www.youtube.com/@Serdivan_Tesisat,False,False,False
Tamir ve bakım,gömme rezervuar su doldurmuyor,9,KALE GÖMME REZERVUAR SİFON SU KAÇIRIYOR  GÖMME REZERVUAR SU DOLMUYOR TAMİRİ NASIL YAPILIR,Kılıç Tadilat,27123,6 yıl önce,6:44,I4BghrGExB8,https://www.youtube.com/watch?v=I4BghrGExB8,youtube_video,https://www.youtube.com/@klctadilat572,False,False,False
Tamir ve bakım,gömme rezervuar su doldurmuyor,10,GÖMME SİFON SU DOLDURMUYOR SORUNUNA NET ÇÖZÜM,Bıdık Amca,29419,4 yıl önce,1:46,tmMBLugbEtc,https://www.youtube.com/watch?v=tmMBLugbEtc,youtube_video,https://www.youtube.com/@bdkamca,False,False,False
Tamir ve bakım,gömme rezervuar su doldurmuyor,11,Gömme Rezarvuar Tamiri Butonu Basınca Su Akıtmama Sorunu | Kendin Yaparsın,ÖZÜN YAP,77819,4 yıl önce,3:32,r2lhE061uok,https://www.youtube.com/watch?v=r2lhE061uok,youtube_video,https://www.youtube.com/@ozcelikyapimarket5875,False,False,False
Tamir ve bakım,gömme rezervuar su doldurmuyor,12,Visam Gömme Rezervuar Su Doldurmuyor Takılıyor problemi çözümü,Mehmet Soner Koçak,99972,5 yıl önce,8:44,x-tn9-kZOCM,https://www.youtube.com/watch?v=x-tn9-kZOCM,youtube_video,https://www.youtube.com/@mehmetsonerkocak9728,False,False,False
Tamir ve bakım,gömme rezervuar su doldurmuyor,13,VİSAM GÖMME REZERVUAR SU KAÇIRMA PROBLEMİ NASIL ÇÖZÜLÜR?💯💥VİSAM GÖMME REZERVUAR TAMİRİ NASIL YAPILIR,Azdan az çoktan çok,181254,4 yıl önce,9:32,aD9lN-j9VM8,https://www.youtube.com/watch?v=aD9lN-j9VM8,youtube_video,https://www.youtube.com/@azdanazcoktancok,False,False,False
Tamir ve bakım,gömme rezervuar su doldurmuyor,14,VİTRA GÖMME REZERVUAR ŞAMANDIRA CONTA DEĞİŞİMİ NASIL YAPILIR / REZERVUAR ŞAMANDIRA DEĞİŞİMİ / VİTRA,NASIL YAPILIR,57700,3 yıl önce,5:56,VEKFVbwgQuY,https://www.youtube.com/watch?v=VEKFVbwgQuY,youtube_video,https://www.youtube.com/@nasilyapilir_1834,False,False,False
Tamir ve bakım,gömme rezervuar su doldurmuyor,15,Serel Gömme Rezervuar Su Kaçırıyor? Conta Değişimi!,Macit Tesisat,310818,2 yıl önce,3:35,eLA0UQvn-9U,https://www.youtube.com/watch?v=eLA0UQvn-9U,youtube_video,https://www.youtube.com/@MacitTesisat,False,False,False
Tamir ve bakım,gömme rezervuar su doldurmuyor,16,Klozet Deposuna Su Dolmuyor - Klozet Deposu Su Almıyor - Klozet Deposuna Neden Su Dolmaz,Tesisatçı Genç,220458,3 yıl önce,2:24,IX9eUH0bT0Q,https://www.youtube.com/watch?v=IX9eUH0bT0Q,youtube_video,https://www.youtube.com/@tesisatc%C4%B1genc,False,False,False
Tamir ve bakım,gömme rezervuar su doldurmuyor,17,Visam Gömme Rezervuar Sökme ve Arıza Tespiti,Çağlar karademir.,14514,4 yıl önce,1:52,mftrXsJmuSM,https://www.youtube.com/watch?v=mftrXsJmuSM,youtube_video,https://www.youtube.com/@caglarkarademir.4783,False,False,False
Tamir ve bakım,gömme rezervuar su doldurmuyor,18,VİTRA GÖMME REZERVUAR KLOZETİN İÇİNE SU KAÇIRIYOR NEDEN?,Macit Tesisat,447815,3 yıl önce,10:27,a1i0pneZhdw,https://www.youtube.com/watch?v=a1i0pneZhdw,youtube_video,https://www.youtube.com/@MacitTesisat,False,False,False
Tamir ve bakım,gömme rezervuar su doldurmuyor,19,CREAVİT GÖMME REZERVUAR İÇ TAKIM SU KAÇIRIYOR TAMİRİ,Tesisat Servisim,160109,6 yıl önce,7:22,s9hiDfxw15s,https://www.youtube.com/watch?v=s9hiDfxw15s,youtube_video,https://www.youtube.com/@tesisatservisim,False,False,False
Tamir ve bakım,gömme rezervuar su doldurmuyor,20,Serel Gömme Sifon Rezervuar Su Kaçırma Sorunu ve Tamiri - Su Faturası Yüksek Geldiyse...,ahcomak,322340,2 yıl önce,7:50,DvhsVTEjPBk,https://www.youtube.com/watch?v=DvhsVTEjPBk,youtube_video,https://www.youtube.com/@ahcomak,False,False,False
Tamir ve bakım,klozet kapağı menteşe değişimi,1,#reklam Klozet kapağı montajı nasıl yapılır | Klozet kapağı nasıl değiştirilir | Klozet yenileme,Yaşar Alanoğlu,460925,4 yıl önce,3:48,CXnzoGoQeqQ,https://www.youtube.com/watch?v=CXnzoGoQeqQ,youtube_video,https://www.youtube.com/@yasaralanoglu_office,False,False,False
Tamir ve bakım,klozet kapağı menteşe değişimi,2,Yavaş Kapanır Klozet Kapağı Montajı,VitrA Türkiye,707390,9 yıl önce,0:58,P4F7oGAMtgQ,https://www.youtube.com/watch?v=P4F7oGAMtgQ,youtube_video,https://www.youtube.com/@VitrAT%C3%BCrkiye,False,True,False
Tamir ve bakım,klozet kapağı menteşe değişimi,3,Klozet Kapağı Tamiri -Amortisörlü Klozet Kapağı Tamiri - Yavaş Kapanan Klozet Kapağı Damper Değişimi,Tesisatçı Genç,156195,2 yıl önce,8:20,iYMvXb5oAjY,https://www.youtube.com/watch?v=iYMvXb5oAjY,youtube_video,https://www.youtube.com/@tesisatc%C4%B1genc,False,False,False
Tamir ve bakım,klozet kapağı menteşe değişimi,4,Klozet Kapağı Montajı,VitrA Türkiye,271677,9 yıl önce,0:44,c_sZnPq3E4A,https://www.youtube.com/watch?v=c_sZnPq3E4A,youtube_video,https://www.youtube.com/@VitrAT%C3%BCrkiye,False,True,False
Tamir ve bakım,klozet kapağı menteşe değişimi,5,Klozet Kapağı Sallanıyor/Oynuyor Çözümü! 🚽 | Vitra Klozet Kapağı Tamiri ve Ayarı,Mini Tesisat,58997,9 ay önce,3:27,ueCULZTjN_8,https://www.youtube.com/watch?v=ueCULZTjN_8,youtube_video,https://www.youtube.com/@minitesisat,False,False,False
Tamir ve bakım,klozet kapağı menteşe değişimi,6,Klozet Kapağı  Ayarı Nasıl Yapılır ? - Oynayan  Klozet Kapağı Menteşe Ayarı,Tesisatçı Genç,237245,3 yıl önce,5:47,ts03wsklTC8,https://www.youtube.com/watch?v=ts03wsklTC8,youtube_video,https://www.youtube.com/@tesisatc%C4%B1genc,False,False,False
Tamir ve bakım,klozet kapağı menteşe değişimi,7,Klozet Kapağı Tamiri | Nasıl Değiştirilir ve Nasıl Fireni Tamir Edilir,Ali Efe Kostak,162163,4 yıl önce,2:45,CfUUAozWzyY,https://www.youtube.com/watch?v=CfUUAozWzyY,youtube_video,https://www.youtube.com/@aek35,False,False,False
Tamir ve bakım,klozet kapağı menteşe değişimi,8,Klozet (Alafranga Tuvalet) Kapağı Menteşesi Nasıl Değiştirilir,HKTasarımTamirat,6067,6 yıl önce,4:49,5_poWaYY0_g,https://www.youtube.com/watch?v=5_poWaYY0_g,youtube_video,https://www.youtube.com/@HKTasarimTamirat,False,False,False
Tamir ve bakım,klozet kapağı menteşe değişimi,9,klozet kapağı nasıl sökülür,Her şeyden biraz ,179013,5 yıl önce,2:37,XTmYR8NC8Qs,https://www.youtube.com/watch?v=XTmYR8NC8Qs,youtube_video,https://www.youtube.com/@muratbuyukyildirim6264,False,False,False
Tamir ve bakım,klozet kapağı menteşe değişimi,10,"Klozet Kapağı Montaj, Bağlantı Metal, Plastik Bağlantı Aparatı, Vidası Nasıl Takılır, Takılmalı",Bav YapHele,109111,3 yıl önce,5:06,pshfxkx3YOY,https://www.youtube.com/watch?v=pshfxkx3YOY,youtube_video,https://www.youtube.com/@bavyaphele,False,False,False
Tamir ve bakım,klozet kapağı menteşe değişimi,11,Klozet kapağı montajı,Muhammed Hilmi Zorlu,33733,6 yıl önce,2:32,JdllfKw_z1A,https://www.youtube.com/watch?v=JdllfKw_z1A,youtube_video,https://www.youtube.com/@muhammedhilmizorlu1618,False,False,False
Tamir ve bakım,klozet kapağı menteşe değişimi,12,Klozet Kapağı Danper Adaptör Demontaj Montaj,VİMAR YAPI,1644,9 ay önce,1:08,SCh24xLNAL8,https://www.youtube.com/watch?v=SCh24xLNAL8,youtube_video,https://www.youtube.com/@MUHTEREM%C3%87%C4%B0%C3%87EK%C3%87%C4%B0O%C4%9ELU,False,False,False
Tamir ve bakım,klozet kapağı menteşe değişimi,13,Klozet Kapağı Nasıl Takılır- Klozet Kapağı Montajı Nasıl Yapılır -Klozet Kapağı Nasıl Değiştirilir,Tesisatçı Genç,163144,2 yıl önce,6:32,GAL3y8lRkxU,https://www.youtube.com/watch?v=GAL3y8lRkxU,youtube_video,https://www.youtube.com/@tesisatc%C4%B1genc,False,False,False
Tamir ve bakım,klozet kapağı menteşe değişimi,14,Creavit klozetlerde Tak-Çıkar Klozet Kapağı montajı nasıl yapılır ?,dekovincom,112832,6 yıl önce,0:58,NAWhPEcbcYM,https://www.youtube.com/watch?v=NAWhPEcbcYM,youtube_video,https://www.youtube.com/@dekovin,False,False,False
Tamir ve bakım,klozet kapağı menteşe değişimi,15,"Návod k WC doskám KC3131, KC3161 a KC3181",ALEA Slovakia s.r.o.,55056,9 yıl önce,3:04,KPSrJsKZNOM,https://www.youtube.com/watch?v=KPSrJsKZNOM,youtube_video,https://www.youtube.com/@aleaslovakias.r.o.1157,False,False,False
Tamir ve bakım,klozet kapağı menteşe değişimi,16,KLOZET KAPAĞI MONTAJI,Tesisat Servisim,607362,7 yıl önce,3:30,Rcvk_z95Zxc,https://www.youtube.com/watch?v=Rcvk_z95Zxc,youtube_video,https://www.youtube.com/@tesisatservisim,False,False,False
Tamir ve bakım,klozet kapağı menteşe değişimi,17,Klozet Kapağı Kauçuk Dübel Değişimi,Banyo Sepeti,15772,6 yıl önce,0:39,GsBPBTSMTQY,https://www.youtube.com/watch?v=GsBPBTSMTQY,youtube_video,https://www.youtube.com/@banyosepeti,False,False,False
Tamir ve bakım,klozet kapağı menteşe değişimi,18,KLOZET KAPAĞI MONTAJ NORMAL VE AKDENİZ TİP,ÖZÜN YAP,48019,5 yıl önce,8:03,mmeMX_KKfGQ,https://www.youtube.com/watch?v=mmeMX_KKfGQ,youtube_video,https://www.youtube.com/@ozcelikyapimarket5875,False,False,False
Tamir ve bakım,klozet kapağı menteşe değişimi,19,japar klozet kapağı  menteşe değişimi,Furkan yapı,4664,2 yıl önce,2:52,ZbrEWukVPws,https://www.youtube.com/watch?v=ZbrEWukVPws,youtube_video,https://www.youtube.com/@omerbalkc245,False,False,False
Tamir ve bakım,klozet kapağı menteşe değişimi,20,Klozet kapağı değiştirme Tuvalet kapağı nasıl değiştirilir Klozet kapağı nasıl takılır Klozet kapağı,Paran Cebinde Kalsın.,625,6 ay önce,0:49,xoVxzy5MXjo,https://www.youtube.com/watch?v=xoVxzy5MXjo,youtube_video,https://www.youtube.com/@parancebindekalsn7690,False,False,False
Tamir ve bakım,lavabo sifonu tıkandı,1,3 Dakika'da Tıkanan Lavaboyu Açma Kesin Çözüm,mustilife23,282872,7 yıl önce,3:01,BG8Y3_xGoRg,https://www.youtube.com/watch?v=BG8Y3_xGoRg,youtube_video,https://www.youtube.com/@mustilife23,False,False,False
Tamir ve bakım,lavabo sifonu tıkandı,2,"Tıkanmış lavabo,banyo gideri bu yöntemle %100 açılır",el-is,66087,4 yıl önce,2:14,Xel7XYZbYyQ,https://www.youtube.com/watch?v=Xel7XYZbYyQ,youtube_video,https://www.youtube.com/@eill-g6i,False,False,False
Tamir ve bakım,lavabo sifonu tıkandı,3,Lavabo sifonu nasıl değiştirilir.#sifon # Lavabo #değişim #tıkalı #açkapabatarya #taharet,Tesisatçı Hasan,1330,5 yıl önce,7:27,wdFQTx_m_dg,https://www.youtube.com/watch?v=wdFQTx_m_dg,youtube_video,https://www.youtube.com/@tesisatcihasan,False,False,False
Tamir ve bakım,lavabo sifonu tıkandı,4,Yeni Cillit Bang Jel Lavabo Açıcı ile tıkalı giderleri Bang diye açın!,Cillit Bang Türkiye,344384,3 yıl önce,0:21,mQFhes1WXW4,https://www.youtube.com/watch?v=mQFhes1WXW4,youtube_video,https://www.youtube.com/@cillitbangturkiye,False,False,False
Tamir ve bakım,lavabo sifonu tıkandı,5,"Tıkalı Lavabo Nasıl Açılır, 1 Dakikada Lavabo Açma",Vaybe,9446,3 yıl önce,1:41,7tGDBsLTutw,https://www.youtube.com/watch?v=7tGDBsLTutw,youtube_video,https://www.youtube.com/@vaybevideo,False,False,False
Tamir ve bakım,lavabo sifonu tıkandı,6,Tıkanmış Lavabo Açma Yöntemi! Bildiğin bütün yöntemleri unut,Macit Tesisat,136668,3 yıl önce,8:06,zQJLP5PuZBY,https://www.youtube.com/watch?v=zQJLP5PuZBY,youtube_video,https://www.youtube.com/@MacitTesisat,False,False,False
Tamir ve bakım,lavabo sifonu tıkandı,7,Tıkalı Lavabo Nasıl Açılır? Evde Kolay ve Pratik Çözüm,EFEBEY,33,1 ay önce,7:39,Se8LlIY-XBY,https://www.youtube.com/watch?v=Se8LlIY-XBY,youtube_video,https://www.youtube.com/@efebeyai,False,False,False
Tamir ve bakım,lavabo sifonu tıkandı,8,"Dallmer yer kazandıran lavabo sifonu, koku önleyici, ayarlanabilir gider borulu, kolay temizlenir",Yapı Servis San Tic Ltd Sti,13693,3 yıl önce,0:57,mq23SCZkD0g,https://www.youtube.com/watch?v=mq23SCZkD0g,youtube_video,https://www.youtube.com/@yapservissanticltdsti2449,False,False,False
Tamir ve bakım,lavabo sifonu tıkandı,9,Tıkanan Giderinizi Bu Yöntemle Açın! | Sizin Gibi Komşularınızda Rahat Etsin!,Emine Deligoz,1079324,5 yıl önce,15:43,d5OhKH53ZdI,https://www.youtube.com/watch?v=d5OhKH53ZdI,youtube_video,https://www.youtube.com/@EmineDeligoz,False,False,False
Tamir ve bakım,lavabo sifonu tıkandı,10,#reklam Lavabo gider sifonu ve büyük evye sifonu montajı - Sifon su kaçırıyor - Evye gider,Yaşar Alanoğlu,271539,3 yıl önce,4:40,lyMWvqKwZGA,https://www.youtube.com/watch?v=lyMWvqKwZGA,youtube_video,https://www.youtube.com/@yasaralanoglu_office,False,False,False
Tamir ve bakım,lavabo sifonu tıkandı,11,SADECE 1 DAKİKADA LAVABO GİDERİ NASIL TAKILIR? (kokuya son),Şükrü Alıcı,410204,5 yıl önce,5:49,fgaLOHp1vEA,https://www.youtube.com/watch?v=fgaLOHp1vEA,youtube_video,https://www.youtube.com/@PratikTamirVideolar%C4%B1,False,False,False
Tamir ve bakım,lavabo sifonu tıkandı,12,LAVABO GİDERİ SU KAÇIRIYOR. ( KESİN CÖZÜM ),TEKNİK MÜDÜR,165142,5 yıl önce,2:48,KeLpo86bV2M,https://www.youtube.com/watch?v=KeLpo86bV2M,youtube_video,https://www.youtube.com/@MustafaGunes09,False,False,False
Tamir ve bakım,lavabo sifonu tıkandı,13,LAVABO SİFONU NASIL TAKILIR ŞÖKÜLÜR VE SORUNLARI,İbrahim Saykın,21507,4 yıl önce,13:31,6hIzV0pubrQ,https://www.youtube.com/watch?v=6hIzV0pubrQ,youtube_video,https://www.youtube.com/@ibrahimsaykin,False,False,False
Tamir ve bakım,lavabo sifonu tıkandı,14,Su Sızıntılarına Elveda Deyin. Mutfak Lavabosu ve Bulaşık Makinesi Giderleri Nasıl Onarılır? DIY,TEKNİK MÜDÜR,57816,1 yıl önce,3:09,O35shV67EUw,https://www.youtube.com/watch?v=O35shV67EUw,youtube_video,https://www.youtube.com/@MustafaGunes09,False,False,False
Tamir ve bakım,lavabo sifonu tıkandı,15,Tıkalı Lavabonuzu Tesisatçı Çağırmadan Açın! ESKİLERİN USULÜYLE Dakikalar İçinde Çözülüyor,Tevfik Amca,620,3 hafta önce,12:54,jof49CT4gWY,https://www.youtube.com/watch?v=jof49CT4gWY,youtube_video,https://www.youtube.com/@TevfikAmcaYT,False,False,False
Tamir ve bakım,lavabo sifonu tıkandı,16,Sincan - Yenikent Tıkalı Kanal - Lavabo Açma 0553 2672191,Emrah Öztürk,154,6 yıl önce,2:07,5IDIDdkOekw,https://www.youtube.com/watch?v=5IDIDdkOekw,youtube_video,https://www.youtube.com/@emrahozturk06,False,False,False
Tamir ve bakım,lavabo sifonu tıkandı,17,LAVABO SİFONU NASIL TAKILIR ŞÖKÜLÜR VE SORUNLARI,İbrahim Saykın,21507,4 yıl önce,13:31,6hIzV0pubrQ,https://www.youtube.com/watch?v=6hIzV0pubrQ,youtube_video,https://www.youtube.com/@ibrahimsaykin,False,False,False
Tamir ve bakım,lavabo sifonu tıkandı,18,Ankara Çankaya Tıkalı Mutfak Lavabosu Açma 0553 2672191 7/24 Açık Nöbetçi Tesisatçı,Emrah Öztürk,49,6 yıl önce,1:32,JBAZ2gwaXAk,https://www.youtube.com/watch?v=JBAZ2gwaXAk,youtube_video,https://www.youtube.com/@emrahozturk06,False,False,False
Tamir ve bakım,lavabo sifonu tıkandı,19,#reklam Lavabo gider sifonu ve büyük evye sifonu montajı - Sifon su kaçırıyor - Evye gider,Yaşar Alanoğlu,271539,3 yıl önce,4:40,lyMWvqKwZGA,https://www.youtube.com/watch?v=lyMWvqKwZGA,youtube_video,https://www.youtube.com/@yasaralanoglu_office,False,False,False
Tamir ve bakım,lavabo sifonu tıkandı,20,Tıkanmış Lavabolar Nasıl Açılır? Lavabo Açma Ustası,Macit Tesisat,937,4 yıl önce,4:07,k0Zs--qqVT4,https://www.youtube.com/watch?v=k0Zs--qqVT4,youtube_video,https://www.youtube.com/@MacitTesisat,False,False,False
Tamir ve bakım,duşakabin tekeri değişimi,1,Duşakabin Tekerleri Nasıl Değiştirilir  How To Change Shower Enclosure Wheels,Murat Anlı,206486,5 yıl önce,4:58,75Tsz-xunfw,https://www.youtube.com/watch?v=75Tsz-xunfw,youtube_video,https://www.youtube.com/@muratanli,False,False,False
Tamir ve bakım,duşakabin tekeri değişimi,2,DUŞAKABİN TEKERLEĞİ NASIL DEĞİŞTİRİLİR.,Tesisat Evim,18172,1 yıl önce,2:03,31LteXTLRZ0,https://www.youtube.com/watch?v=31LteXTLRZ0,youtube_video,https://www.youtube.com/@tesisatevim,False,False,False
Tamir ve bakım,duşakabin tekeri değişimi,3,Cam Duşakabin Tekerleri (Rulmanları) Nasıl  Değiştirilir,Murat Anlı,135268,7 yıl önce,9:43,K6P1PRMG27g,https://www.youtube.com/watch?v=K6P1PRMG27g,youtube_video,https://www.youtube.com/@muratanli,False,False,False
Tamir ve bakım,duşakabin tekeri değişimi,4,Duşakabin tekeri nasıl değiştirilir how to replace shower caster,Özay Göçer,31321,4 yıl önce,2:05,x0RdB66aIL8,https://www.youtube.com/watch?v=x0RdB66aIL8,youtube_video,https://www.youtube.com/@ozaygocer248,False,False,False
Tamir ve bakım,duşakabin tekeri değişimi,5,"Duşakabin Kayar Kapı Tekerleri Nasıl Değiştirilir, Tamir Edilir",Bav YapHele,41132,3 yıl önce,8:09,1jIfN1CioBU,https://www.youtube.com/watch?v=1jIfN1CioBU,youtube_video,https://www.youtube.com/@bavyaphele,False,False,False
Tamir ve bakım,duşakabin tekeri değişimi,6,Duşakabin tekeri nasıl takılır? Dikkat edilmesi gerekenler neler? Duşakabin teker montajı ,DEBUDE,902,1 ay önce,3:27,wStGUL7RziE,https://www.youtube.com/watch?v=wStGUL7RziE,youtube_video,https://www.youtube.com/@denizdemirkaya,False,False,False
Tamir ve bakım,duşakabin tekeri değişimi,7,"Kapısı Açılmayan, Kapanmayan, Sallanan Duşakabin Nasıl Tamir Edilir",BENALİ VİDEOLARI,27207,3 yıl önce,8:25,FnQq0Tv9D9o,https://www.youtube.com/watch?v=FnQq0Tv9D9o,youtube_video,https://www.youtube.com/@BENAL%C4%B0V%C4%B0DEOLARI,False,False,False
Tamir ve bakım,duşakabin tekeri değişimi,8,DUŞAKABİN TEKERLEĞİ DEĞİŞİMİ,Oğuzhan KOÇAK,2380,1 yıl önce,2:47,VdzgY8p7rZU,https://www.youtube.com/watch?v=VdzgY8p7rZU,youtube_video,https://www.youtube.com/@Theogus45,False,False,False
Tamir ve bakım,duşakabin tekeri değişimi,9,Duşakabin Tekerlerini Değiştirme/ Yerinden Çıkan Duşakabin Kapağını Ayarlama/Duşakabin Kapağı/ BANYO,Emine Yabacıoğlu Biz Bize Her Telden,21933,1 yıl önce,8:44,7f0t4JZN7YA,https://www.youtube.com/watch?v=7f0t4JZN7YA,youtube_video,https://www.youtube.com/@emineyabacioglu3438,False,False,False
Tamir ve bakım,duşakabin tekeri değişimi,10,"Duşakabin tekerleği, duşakabin tekerleği nasıl takılır how to install shower cabin wheel",Özay Göçer,13006,4 yıl önce,1:34,yP0KAQkSd7M,https://www.youtube.com/watch?v=yP0KAQkSd7M,youtube_video,https://www.youtube.com/@ozaygocer248,False,False,False
Tamir ve bakım,duşakabin tekeri değişimi,11,DUŞAKABİN CAMI TEKERLEK DEGİŞİMİ.,Tamir Tadilat,4173,1 yıl önce,2:09,AkCRFoY3jsA,https://www.youtube.com/watch?v=AkCRFoY3jsA,youtube_video,https://www.youtube.com/@tamirtadilat2486,False,False,False
Tamir ve bakım,duşakabin tekeri değişimi,12,Duşakabin Tekerleği Değişimi  teknikrehber.com,TEKNİK REHBER,37814,5 yıl önce,0:33,LqA-1cHsRYE,https://www.youtube.com/watch?v=LqA-1cHsRYE,youtube_video,https://www.youtube.com/@teknikrehber3768,False,False,False
Tamir ve bakım,duşakabin tekeri değişimi,13,DUŞAKABİN TEKERİ-DUŞAKABİN RULMANI-DUŞKABİNİ PARÇALARI-DUŞKABİNİ-ÖZEL JALUZİ-TEL:0536 253 07 95,Hamdi kabalcı,7950,8 yıl önce,4:00,MbFWZ1yv_dw,https://www.youtube.com/watch?v=MbFWZ1yv_dw,youtube_video,https://www.youtube.com/@hamdikabalc5696,False,False,False
Tamir ve bakım,duşakabin tekeri değişimi,14,Duşakabin tekeri nasıl takılır,alisamsun,74355,7 yıl önce,2:20,ILwLwpdw8gY,https://www.youtube.com/watch?v=ILwLwpdw8gY,youtube_video,https://www.youtube.com/@Alisamsun,False,False,False
Tamir ve bakım,duşakabin tekeri değişimi,15,"Oynar başlıklı hareketli duşakabin tekerlekleri, Mafsallı Sarhoş Tekerlek",Her Gün Yeni Ürün,3028,5 yıl önce,1:04,inbGRdGNxNg,https://www.youtube.com/watch?v=inbGRdGNxNg,youtube_video,https://www.youtube.com/@i%C5%9Feyarar%C5%9Feylercom,False,False,False
Tamir ve bakım,duşakabin tekeri değişimi,16,Duşakabin ray tekerleği nasıl değiştirilir how to replace shower cabin rail wheel,Özay Göçer,7124,4 yıl önce,4:40,izxxbZiRmyA,https://www.youtube.com/watch?v=izxxbZiRmyA,youtube_video,https://www.youtube.com/@ozaygocer248,False,False,False
Tamir ve bakım,duşakabin tekeri değişimi,17,Duşakabin Metal Rulman Tekerlek | Ayrıntı Shop,Ayrıntı Shop / Yapı Malzemeleri,972,7 yıl önce,0:43,nj6j3z1rRys,https://www.youtube.com/watch?v=nj6j3z1rRys,youtube_video,https://www.youtube.com/@Ayr%C4%B1nt%C4%B1ShopYap%C4%B1Malzemeleri,False,False,False
Tamir ve bakım,duşakabin tekeri değişimi,18,Duşakabin cam ayarı nasıl yapılır,alisamsun,48268,7 yıl önce,2:00,hsZGcR051TY,https://www.youtube.com/watch?v=hsZGcR051TY,youtube_video,https://www.youtube.com/@Alisamsun,False,False,False
Tamir ve bakım,duşakabin tekeri değişimi,19,Duşa kabin tekerlek değiştirme,HvC,7511,3 yıl önce,8:42,bXDjAGKKTw4,https://www.youtube.com/watch?v=bXDjAGKKTw4,youtube_video,https://www.youtube.com/@HvC3344,False,False,False
Tamir ve bakım,duşakabin tekeri değişimi,20,Duşakabin Kapı Ayarı Nasıl Yapılır (Cam Kapı),Murat Anlı,37731,5 yıl önce,3:42,muEg2kk26Mg,https://www.youtube.com/watch?v=muEg2kk26Mg,youtube_video,https://www.youtube.com/@muratanli,False,False,False
Tamir ve bakım,silikon çekme banyo,1,Lavabo Silikon Çekme | Lavaboya Silikon Nasıl Çekilir? | Şeffaf Silikon,Metin Aygun,98192,5 yıl önce,3:07,Q-PastOdFKQ,https://www.youtube.com/watch?v=Q-PastOdFKQ,youtube_video,https://www.youtube.com/@mtnaygn,False,False,False
Tamir ve bakım,silikon çekme banyo,2,Duşakabin Silikon Çekme | Silikon Nasıl Çekilir?,Metin Aygun,244629,5 yıl önce,4:48,kgkp0QFsbjM,https://www.youtube.com/watch?v=kgkp0QFsbjM,youtube_video,https://www.youtube.com/@mtnaygn,False,False,False
Tamir ve bakım,silikon çekme banyo,3,"Silikon nasıl çekilir | Banyo lavabo silikonu nasıl çekilir, püf noktası | Silikon Çekme",İsmâil Hakkı FEYZİOĞLU,8406,5 yıl önce,8:39,0zZDw7QKmro,https://www.youtube.com/watch?v=0zZDw7QKmro,youtube_video,https://www.youtube.com/@%C4%B0sm%C3%A2ilHakk%C4%B1FEYZ%C4%B0O%C4%9ELU,False,False,False
Tamir ve bakım,silikon çekme banyo,4,Mutfak Tezgahına Silikon Nasıl Çekilir? | Mutfak Tezgahına Silikon Çekme | Silikon Çekme Püf,Sevilay ile Pratik Bilgiler,21833,4 yıl önce,2:16,L_XO1mDrFhs,https://www.youtube.com/watch?v=L_XO1mDrFhs,youtube_video,https://www.youtube.com/@sevilayilepratikbilgiler,False,False,False
Tamir ve bakım,silikon çekme banyo,5,LAVABO KENARINA SİLİKON NASIL ÇEKİLİR💯 EĞİTİM VİDEOSU,kendin yaparsın,8211,1 yıl önce,4:14,0PC2uCjNpsc,https://www.youtube.com/watch?v=0PC2uCjNpsc,youtube_video,https://www.youtube.com/@kendinyaparsin,False,False,False
Tamir ve bakım,silikon çekme banyo,6,"Duşakabine Silikon Uygulaması! Su Sızıntısını Önleme, Banyo Silikon Çekme Rehberi!",VibeTraxx1,8772,1 yıl önce,4:59,n16geaViAbo,https://www.youtube.com/watch?v=n16geaViAbo,youtube_video,https://www.youtube.com/@VibeTraxx1,False,False,False
Tamir ve bakım,silikon çekme banyo,7,Silikon nasil cekilir? Silikon cekmenin püf noktasi nedir? En kolay silikon cekme yöntemi!,Bence Çok Kolay,263741,7 yıl önce,7:32,re8lZ72m2FM,https://www.youtube.com/watch?v=re8lZ72m2FM,youtube_video,https://www.youtube.com/@Bence%C3%87okKolay,False,False,False
Tamir ve bakım,silikon çekme banyo,8,Silikon Nasıl Çekilir ? Uzmanından Duşakabin Silikon Çekme Taktikleri - Yapıdükkanım,Yapı Dükkanım,81483,5 yıl önce,5:24,u5Bq3y3KOmw,https://www.youtube.com/watch?v=u5Bq3y3KOmw,youtube_video,https://www.youtube.com/@yapdukkanm5718,False,False,False
Tamir ve bakım,silikon çekme banyo,9,SİLOKON ÇEKME/SİLİKON TEMİZLEME✅ DUŞAKABİNE SİLİKON NASIL ÇEKİLİR VE TEMİZLENİR/HOW TO DRAW SILICONE,KIZ BABASI,132502,5 yıl önce,10:28,8wQHqC9YJE8,https://www.youtube.com/watch?v=8wQHqC9YJE8,youtube_video,https://www.youtube.com/@kizbabasi5600,False,False,False
Tamir ve bakım,silikon çekme banyo,10,kalıntısız silikon nasıl çekilir,Ahmet Akdaş,240806,4 yıl önce,1:28,rwdk_i95vsA,https://www.youtube.com/watch?v=rwdk_i95vsA,youtube_video,https://www.youtube.com/@ahmetakdas583,False,False,False
Tamir ve bakım,silikon çekme banyo,11,#reklam Silikon nasıl sökülür | Silikon nasıl çekilir | Silikon yenileme | Silikon kazıyıcı | Mastik,Yaşar Alanoğlu,419248,5 yıl önce,4:45,LYhz5n9xZdc,https://www.youtube.com/watch?v=LYhz5n9xZdc,youtube_video,https://www.youtube.com/@yasaralanoglu_office,False,False,False
Tamir ve bakım,silikon çekme banyo,12,#reklam Silikon asla çekemiyorum diyorsan su sızdırmaz bandı kullanmalısın - Su geçirmez,Yaşar Alanoğlu,118563,3 yıl önce,3:18,pviqISY9fkg,https://www.youtube.com/watch?v=pviqISY9fkg,youtube_video,https://www.youtube.com/@yasaralanoglu_office,False,False,False
Tamir ve bakım,silikon çekme banyo,13,BANYO VE MUTFAK SİLİKON ÇEKME İŞLEMİ | SİLİKON NASIL SÖKÜLÜR - SİLİKON NASIL ÇEKİLİR #silikon #temu ,AnlatıYorum Tekno,1404,8 ay önce,10:28,_EiCQwjpOds,https://www.youtube.com/watch?v=_EiCQwjpOds,youtube_video,https://www.youtube.com/@Anlat%C4%B1YorumTekno,False,False,False
Tamir ve bakım,silikon çekme banyo,14,KALEM GİBİ DÜZGÜN BİR SİLİKON NASIL ÇEKİLİR,kendin yaparsın,923840,6 yıl önce,3:34,YtLaZSAPrs8,https://www.youtube.com/watch?v=YtLaZSAPrs8,youtube_video,https://www.youtube.com/@kendinyaparsin,False,False,False
Tamir ve bakım,silikon çekme banyo,15,DUŞAKABİN'E SİLİKON NASIL ÇEKİLİR?,Ürün İnceleme,34614,6 yıl önce,3:28,7HihJ67r41M,https://www.youtube.com/watch?v=7HihJ67r41M,youtube_video,https://www.youtube.com/@uruninceleme3874,False,False,False
Tamir ve bakım,silikon çekme banyo,16,Silikon Nasıl Çekilir Detaylı Anlatım,ALPTEKİN İNŞAAT,105334,5 yıl önce,7:45,3zG0PQs8a70,https://www.youtube.com/watch?v=3zG0PQs8a70,youtube_video,https://www.youtube.com/@alptekininsaat1004,False,False,False
Tamir ve bakım,silikon çekme banyo,17,Duşakabin Silikonu Nasıl Çekilir?,Derby Kimya,260262,9 yıl önce,1:04,EYjR05vZLDY,https://www.youtube.com/watch?v=EYjR05vZLDY,youtube_video,https://www.youtube.com/@DerbyKimya,False,False,False
Tamir ve bakım,silikon çekme banyo,18,"Silikon nasıl çekilir | Banyo lavabo silikonu nasıl çekilir, püf noktası | Silikon Çekme",İsmâil Hakkı FEYZİOĞLU,8406,5 yıl önce,8:39,0zZDw7QKmro,https://www.youtube.com/watch?v=0zZDw7QKmro,youtube_video,https://www.youtube.com/@%C4%B0sm%C3%A2ilHakk%C4%B1FEYZ%C4%B0O%C4%9ELU,False,False,False
Tamir ve bakım,silikon çekme banyo,19,"Duşakabine Silikon Uygulaması! Su Sızıntısını Önleme, Banyo Silikon Çekme Rehberi!",VibeTraxx1,8772,1 yıl önce,4:59,n16geaViAbo,https://www.youtube.com/watch?v=n16geaViAbo,youtube_video,https://www.youtube.com/@VibeTraxx1,False,False,False
Tamir ve bakım,silikon çekme banyo,20,Banyo Gider Derzine Np 1 Silikon Çözüm Denemesi,Murat Anlı,64185,4 yıl önce,10:21,WuQcbnNaFl4,https://www.youtube.com/watch?v=WuQcbnNaFl4,youtube_video,https://www.youtube.com/@muratanli,False,False,False
Tamir ve bakım,kireç temizliği batarya,1,SİYAH EVYE / Siyah evye temizliği hiç bu kadar kolay olmamıştı 🥰,@kendimcebidamla,4744,2 yıl önce,4:12,cDDZONc6tBs,https://www.youtube.com/watch?v=cDDZONc6tBs,youtube_video,https://www.youtube.com/@kendimcebidamla,False,False,False
Tamir ve bakım,kireç temizliği batarya,2,Duş bataryasının temizlenmesi,Tesisatçı Hasan,15580,6 yıl önce,2:47,3ZbvJKFPESA,https://www.youtube.com/watch?v=3ZbvJKFPESA,youtube_video,https://www.youtube.com/@tesisatcihasan,False,False,False
Tamir ve bakım,kireç temizliği batarya,3,Eski Bataryalarınızı ATMAYIN!!!,Usta Tv,82258,4 yıl önce,5:01,FFlM2IxwX9k,https://www.youtube.com/watch?v=FFlM2IxwX9k,youtube_video,https://www.youtube.com/@Usta-Tv,True,False,False
Tamir ve bakım,kireç temizliği batarya,4,Dasty Profesyonel Kireç Sökücü - Batarya Temizliği,Dasty.Türkiye,598,7 yıl önce,0:33,KEvTY1zpSeA,https://www.youtube.com/watch?v=KEvTY1zpSeA,youtube_video,https://www.youtube.com/@dasty.turkiye2300,False,False,False
Tamir ve bakım,kireç temizliği batarya,5,EN DOĞAL KİREÇ ÇÖZÜCÜ. KİREÇLİ MUSLUK BATARYA TEMİZLİĞİ,Emine ERSOY,5737,2 yıl önce,2:01,CmavKxENYDo,https://www.youtube.com/watch?v=CmavKxENYDo,youtube_video,https://www.youtube.com/@emineersoy4191,False,False,False
Tamir ve bakım,kireç temizliği batarya,6,30 SANİYEDE KİREÇTEN KURTULUN - PRATİK MUSLUK VE BATARYA KİREÇ TEMİZLİĞİ,Organik Annem,100577,6 yıl önce,2:44,72KBnzArdZg,https://www.youtube.com/watch?v=72KBnzArdZg,youtube_video,https://www.youtube.com/@OrganikAnnem,False,False,False
Tamir ve bakım,kireç temizliği batarya,7,BANYO BATARYASI SICAK SU AZ AKIYOR (Bataryanın İçinden Eşşek Arısı Çıktı),USTA SEN OL,74412,1 yıl önce,6:45,U0_j-oco9eg,https://www.youtube.com/watch?v=U0_j-oco9eg,youtube_video,https://www.youtube.com/@ustasenol-2024,False,False,False
Tamir ve bakım,kireç temizliği batarya,8,ÜTÜ KİREÇ TEMİZLİĞİ NASIL YAPILIR | Arçelik BEU 9030 D ARİA,İNTERNET MERKEZİ - Uygun İnternetin Adresi,32707,1 yıl önce,1:32,ncbx4i6G0Ik,https://www.youtube.com/watch?v=ncbx4i6G0Ik,youtube_video,https://www.youtube.com/@internetmerkezi,False,False,False
Tamir ve bakım,kireç temizliği batarya,9,Musluk Bataryaları Nasıl Parlatılır,Bay Tamir □,26671,7 yıl önce,3:05,EX0BznA19PQ,https://www.youtube.com/watch?v=EX0BznA19PQ,youtube_video,https://www.youtube.com/@baytamir2398,False,False,False
Tamir ve bakım,kireç temizliği batarya,10,BUNA HEMEN BAKMALISIN - KİREÇLE TIKANMIŞ BATARYA TEMİZLİĞİ - Tips & Tricks,5 Minute Rhythmic İdeas,69423,5 yıl önce,5:28,HXt_SPnUqGQ,https://www.youtube.com/watch?v=HXt_SPnUqGQ,youtube_video,https://www.youtube.com/@5MinuteRhythmic%C4%B0deas,False,False,False
Tamir ve bakım,kireç temizliği batarya,11,KROM MUSLUK PARLATMA | Nasıl Parlattığımı Görünce Şaşıracaksınız! | Temizlik,Emine Deligoz,822728,5 yıl önce,8:01,xa6abDNAY8s,https://www.youtube.com/watch?v=xa6abDNAY8s,youtube_video,https://www.youtube.com/@EmineDeligoz,False,False,False
Tamir ve bakım,kireç temizliği batarya,12,🔥böyle SABUN ARTIĞI ve KİREÇ lekesi görmedim😱FAYANS duvar banyo batarya temizliği‼️,Gül Taze Z.,52357,2 yıl önce,4:19,MeCB22sbW00,https://www.youtube.com/watch?v=MeCB22sbW00,youtube_video,https://www.youtube.com/@pratikyontemler8549,False,False,False
Tamir ve bakım,kireç temizliği batarya,13,2 dakikada musluk parlatma 💯%💯doğal çözüm,Gülayın.Fikirleri,149570,6 yıl önce,4:29,pYnx8pjRSL4,https://www.youtube.com/watch?v=pYnx8pjRSL4,youtube_video,https://www.youtube.com/@gulayn.fikirleri3352,False,False,False
Tamir ve bakım,kireç temizliği batarya,14,Batarya temizliği/ Musluktaki kireç ve su lekelerine kesin çözüm,Bilge'den Pratikler,2407,3 yıl önce,5:28,29bUXfENgXE,https://www.youtube.com/watch?v=29bUXfENgXE,youtube_video,https://www.youtube.com/@bilgedenpratikler,False,False,False
Tamir ve bakım,kireç temizliği batarya,15,✅BATARYALARINIZ PIRIL PIRIL OLACAK ✅ BU YÖNTEM HARİKA✅BATARYA TEMİZLİĞİ,CANSU’NUN GÜNLÜĞÜ,955,3 yıl önce,3:55,LUpYajL1FTI,https://www.youtube.com/watch?v=LUpYajL1FTI,youtube_video,https://www.youtube.com/@cansunungunlugu1365,False,False,False
Tamir ve bakım,kireç temizliği batarya,16,HENDLEX Evye   Batarya Temizlik & Koruma Seti,Karinca Kararinca,9,3 yıl önce,1:58,KXMoVcmr9zg,https://www.youtube.com/watch?v=KXMoVcmr9zg,youtube_video,https://www.youtube.com/@karincakararinca_tr,False,False,False
Tamir ve bakım,kireç temizliği batarya,17,🖐5 DK KİREÇTEN KURTULUN - PRATİK MUSLUK VE BATARYA KİREÇ TEMİZLİĞİ💯,CANSU’NUN GÜNLÜĞÜ,782,3 yıl önce,3:14,BD82diGIC-A,https://www.youtube.com/watch?v=BD82diGIC-A,youtube_video,https://www.youtube.com/@cansunungunlugu1365,False,False,False
Tamir ve bakım,kireç temizliği batarya,18,Kireçlenmiş Musluk Temizliği💯 Batarya Kireci Nasıl Temizlenir💧,Ev Hanımıyız,6752,5 yıl önce,3:16,6u9bC9Nd7So,https://www.youtube.com/watch?v=6u9bC9Nd7So,youtube_video,https://www.youtube.com/@evhanmyz8900,False,False,False
Tamir ve bakım,kireç temizliği batarya,19,EYACLEAN GENEL TEMİZLİK (Batarya ve Musluk Temizliği),e-bina yapimarket,50,5 yıl önce,0:38,XOxpE_UkPnk,https://www.youtube.com/watch?v=XOxpE_UkPnk,youtube_video,https://www.youtube.com/@e-binayapimarket5442,False,False,False
Tamir ve bakım,kireç temizliği batarya,20,"MUSLUK, BATARYA VE EVYELER TEK MALZEMEYLE  PIRIL PIRIL  { KİREÇ VE SU LEKESİNİ ANINDA YOK EDİYOR.}",HAYATA DAİR,548,4 yıl önce,2:30,7W5EDlNy_FU,https://www.youtube.com/watch?v=7W5EDlNy_FU,youtube_video,https://www.youtube.com/@hayatadair8148,False,False,False
Tamir ve bakım,gömme rezervuar kumanda paneli değişimi,1,SEREL GÖMME REZERVUAR KUMANDA PANEL MONTAJI,METES TEKNİK,46213,5 yıl önce,4:39,Za5xiAFUceo,https://www.youtube.com/watch?v=Za5xiAFUceo,youtube_video,https://www.youtube.com/@metesteknik8170,False,False,False
Tamir ve bakım,gömme rezervuar kumanda paneli değişimi,2,Vitra Gömme Rezervuar (Kapak) Kumanda Paneli Montajı / Concealed Cistern Control Panel İnstallation,Fatih TUNCER,57452,6 yıl önce,5:14,_BhnvA2ljPU,https://www.youtube.com/watch?v=_BhnvA2ljPU,youtube_video,https://www.youtube.com/@fatih-tuncer,False,False,False
Tamir ve bakım,gömme rezervuar kumanda paneli değişimi,3,Serel Gömme Rezervuar Kumanda Paneli Değişimi #serelrezervuar #gömmerezervuar #tamir #servis,İstanbul Gömme Rezervuar Servisi,136,1 ay önce,0:28,-bYdojXJeDw,https://www.youtube.com/watch?v=-bYdojXJeDw,youtube_video,https://www.youtube.com/@gommerezervuarservisi,False,False,False
Tamir ve bakım,gömme rezervuar kumanda paneli değişimi,4,KALE VERSUS İNTEGRA GÖMME REZERVUAR KUMANDA PANELİ NASIL SÖKÜLÜR,Tesisat Servisim,14238,5 yıl önce,1:36,4HWKsATyNHw,https://www.youtube.com/watch?v=4HWKsATyNHw,youtube_video,https://www.youtube.com/@tesisatservisim,False,False,False
Tamir ve bakım,gömme rezervuar kumanda paneli değişimi,5,Kapadokya Gömme Rezervuar Kumanda Paneli Montajı | Cappadocia Flush Plate Installation,SUERA,148,6 ay önce,0:55,SMEg3Lmg4z8,https://www.youtube.com/watch?v=SMEg3Lmg4z8,youtube_video,https://www.youtube.com/@SueraGlobal,False,False,False
Tamir ve bakım,gömme rezervuar kumanda paneli değişimi,6,GEBERİT GÖMME REZERVUAR KUMANDA PANELİ (BASMA BUTONU) NASIL SÖKÜLÜR,Kılıç Tadilat,4667,2 yıl önce,1:11,IkqqP-jkH8k,https://www.youtube.com/watch?v=IkqqP-jkH8k,youtube_video,https://www.youtube.com/@klctadilat572,False,False,False
Tamir ve bakım,gömme rezervuar kumanda paneli değişimi,7,Rsconverter Gömme Rezervuar Üçlü Dönüşüm Seti Tamir Ve Değişim Kiti 12 Cm Kolay Montaj Videosu,GÖMME REZERVUAR TEKNİK SERVİS,173,10 ay önce,1:00,2XqIJ3VXIqw,https://www.youtube.com/watch?v=2XqIJ3VXIqw,youtube_video,https://www.youtube.com/@gommerezervuarteknikservis3559,False,False,False
Tamir ve bakım,gömme rezervuar kumanda paneli değişimi,8,GEBERİT ALPHA 10 KUMANDA PANELİ NASIL SÖKÜLÜR | GÖMME REZERVUAR KAPAĞI NASIL AÇILIR,Tesisat Servisim,17973,5 yıl önce,1:45,kEW27cKJojc,https://www.youtube.com/watch?v=kEW27cKJojc,youtube_video,https://www.youtube.com/@tesisatservisim,False,False,False
Tamir ve bakım,gömme rezervuar kumanda paneli değişimi,9,NKP Gömme Rezervuar iç takım  değişimi nasıl yapılır? ( Nkp basma buton montajı,Macit Tesisat,25763,1 yıl önce,5:16,NaY6mGoPZuM,https://www.youtube.com/watch?v=NaY6mGoPZuM,youtube_video,https://www.youtube.com/@MacitTesisat,False,False,False
Tamir ve bakım,gömme rezervuar kumanda paneli değişimi,10,VitrA Kumanda Paneli Montajı Nasıl Yapılır?,VitrA Türkiye,256066,1 yıl önce,0:49,ZXFNaGcS7_8,https://www.youtube.com/watch?v=ZXFNaGcS7_8,youtube_video,https://www.youtube.com/@VitrAT%C3%BCrkiye,False,True,False
Tamir ve bakım,gömme rezervuar kumanda paneli değişimi,11,visam gömme rezervuar kapağı nasıl açılır?,Tamir Takım Teknoloji,56400,4 yıl önce,2:33,Gn3aK9QQs7o,https://www.youtube.com/watch?v=Gn3aK9QQs7o,youtube_video,https://www.youtube.com/@TamirTakimTeknoloji,False,False,False
Tamir ve bakım,gömme rezervuar kumanda paneli değişimi,12,SANİCA GÖMME REZERVUAR KUMANDA PANELİ NASIL SÖKÜLÜR,Tesisat Servisim,9489,6 yıl önce,3:03,m9YcRKI4UCE,https://www.youtube.com/watch?v=m9YcRKI4UCE,youtube_video,https://www.youtube.com/@tesisatservisim,False,False,False
Tamir ve bakım,gömme rezervuar kumanda paneli değişimi,13,Vitra gömme Rezervuar iç takımı değişimini kendiniz yapabilirsiniz,Macit Tesisat,10553,10 ay önce,8:05,7Gf5ekx4eM0,https://www.youtube.com/watch?v=7Gf5ekx4eM0,youtube_video,https://www.youtube.com/@MacitTesisat,False,False,False
Tamir ve bakım,gömme rezervuar kumanda paneli değişimi,14,VİTRA GÖMME REZERVUAR KAPAK MONTAJI  NASIL YAPILIR?,Macit Tesisat,60085,7 yıl önce,2:59,JeerTrLsEww,https://www.youtube.com/watch?v=JeerTrLsEww,youtube_video,https://www.youtube.com/@MacitTesisat,False,False,False
Tamir ve bakım,gömme rezervuar kumanda paneli değişimi,15,VİTRA KUMANDA PANELİ MONTAJI,Sıhhi Tesisat Ustaları,4919,5 yıl önce,2:51,XorkJQxWEaw,https://www.youtube.com/watch?v=XorkJQxWEaw,youtube_video,https://www.youtube.com/@sihhitesisatustalar3139,False,False,False
Tamir ve bakım,gömme rezervuar kumanda paneli değişimi,16,VİTRA HAVALI GÖMME REZERVUAR TAMİRİ MEKANİK SİSTEME DÖNÜŞÜM,Tesisat Servisim,14301,5 yıl önce,5:20,E2fzuP6exBo,https://www.youtube.com/watch?v=E2fzuP6exBo,youtube_video,https://www.youtube.com/@tesisatservisim,False,False,False
Tamir ve bakım,gömme rezervuar kumanda paneli değişimi,17,Visam Gömme rezervuar boşaltma grubu değişimi.,Çağlar karademir.,27357,2 yıl önce,3:50,9HhjnicN7wE,https://www.youtube.com/watch?v=9HhjnicN7wE,youtube_video,https://www.youtube.com/@caglarkarademir.4783,False,False,False
Tamir ve bakım,gömme rezervuar kumanda paneli değişimi,18,Kumanda paneli değişim seti montajı,Creavit,8046,8 yıl önce,2:00,ZZgsIWDbBN0,https://www.youtube.com/watch?v=ZZgsIWDbBN0,youtube_video,https://www.youtube.com/@Creavit-j2s,False,False,False
Tamir ve bakım,gömme rezervuar kumanda paneli değişimi,19,Serel Gömme Rezervuar Su Kaçırıyor? Conta Değişimi!,Macit Tesisat,310818,2 yıl önce,3:35,eLA0UQvn-9U,https://www.youtube.com/watch?v=eLA0UQvn-9U,youtube_video,https://www.youtube.com/@MacitTesisat,False,False,False
Tamir ve bakım,gömme rezervuar kumanda paneli değişimi,20,GROHE Gömme Rezervuar Kumanda Panelleri,Yütaş Yapı Ürünleri Tic.A.Ş.,2277,10 yıl önce,0:53,spPyE8Uj8FE,https://www.youtube.com/watch?v=spPyE8Uj8FE,youtube_video,https://www.youtube.com/@yutasyapurunleritic.a.s.5401,False,False,False
İlham ve tadilat,küçük banyo yenileme,1,Küçük Banyolar için 8 Ferahlatıcı Tasarım Fikri,decoverse,53136,3 yıl önce,5:30,7kWu0FY4oLw,https://www.youtube.com/watch?v=7kWu0FY4oLw,youtube_video,https://www.youtube.com/@decoversecom,False,False,False
İlham ve tadilat,küçük banyo yenileme,2,"KÜÇÜK BANYOLAR İÇİN DEKORASYON ÖNERİLERİ NELERDİR, BANYO TADİLAT FİKİRLERİ 2022  BANYO DEKORASYON",Ev Dekorasyon Mimarlık ®,1342,4 yıl önce,9:14,_UkbbUh1Kn0,https://www.youtube.com/watch?v=_UkbbUh1Kn0,youtube_video,https://www.youtube.com/@evdekorasyonmimarlik,False,False,False
İlham ve tadilat,küçük banyo yenileme,3,İnanılmaz Banyo Değişimi/ Kırmadan Dökmeden Banyomu Yeniledim / Fayans Boyama/ Yer Döşeme,KIZILIN İZİNDE ,589902,2 yıl önce,18:37,JUIekc2vpDU,https://www.youtube.com/watch?v=JUIekc2vpDU,youtube_video,https://www.youtube.com/@k%C4%B1z%C4%B1l%C4%B1nizinde,False,False,False
İlham ve tadilat,küçük banyo yenileme,4,Modern Bir Görünüm için Akıllara durgunluk veren Banyo Dekorasyon Trendleri - Banyo Modelleri,Tasarım Budur,27004,3 yıl önce,10:50,-_Ijw38BH6Y,https://www.youtube.com/watch?v=-_Ijw38BH6Y,youtube_video,https://www.youtube.com/@tasarimbudur,False,False,False
İlham ve tadilat,küçük banyo yenileme,5,BİR SANAT ESERİ DAHA! 60*120 BANYO SERAMİK DÖŞEME/ANOTHER WORK OF ART! 60*120 BATHROOM CERAMIC FLOOR,Seramik Döşeme,324933,4 yıl önce,11:43,577mnVVUUOQ,https://www.youtube.com/watch?v=577mnVVUUOQ,youtube_video,https://www.youtube.com/@seramikdoseme5570,False,False,False
İlham ve tadilat,küçük banyo yenileme,6,KÜÇÜK BANYOLAR İÇİN 5 TASARIM FİKRİ \\ SERAMİK SEÇİMİ \ DUŞ SİSTEMLERİ\AKSESUARLAR,Zeynep Bordebar,227210,6 yıl önce,3:39,2oE_Ez1qMFg,https://www.youtube.com/watch?v=2oE_Ez1qMFg,youtube_video,https://www.youtube.com/@zeynepbordebar8936,False,False,False
İlham ve tadilat,küçük banyo yenileme,7,Küçük ve Kullanışlı Banyolar İçin 50 Tasarım Fikri,Tasarım Budur,905,3 yıl önce,10:50,iSYNy8jOOfU,https://www.youtube.com/watch?v=iSYNy8jOOfU,youtube_video,https://www.youtube.com/@tasarimbudur,False,False,False
İlham ve tadilat,banyo tadilatı öncesi sonrası,1,📽 KOMPLE EV TADİLAT MALİYETİ- YAPIM AŞAMALARI 2023,Dekorasyon Adam,238881,3 yıl önce,6:06,a-7tzWHL098,https://www.youtube.com/watch?v=a-7tzWHL098,youtube_video,https://www.youtube.com/@dekorasyonadam,False,False,False
İlham ve tadilat,banyo tadilatı öncesi sonrası,2,#banyo #tadilat #öncesisonrası #beforeafter,Stella  Mutfak&Banyo | Fikir&Sanat,738,5 yıl önce,0:44,jRjHpbfhWto,https://www.youtube.com/watch?v=jRjHpbfhWto,youtube_video,https://www.youtube.com/@stellartmutfakbanyo,False,False,False
İlham ve tadilat,banyo tadilatı öncesi sonrası,3,EV TADİLATI / BANYO YENİLEME / MUTFAK YENİLEME / EV DEKORASYON VİDEOLARI / ANKARA,DEKORENZA İç Mimari Tasarım & Mobilya,18768,3 yıl önce,19:49,i6LUqim0vm8,https://www.youtube.com/watch?v=i6LUqim0vm8,youtube_video,https://www.youtube.com/@dekorenza,False,False,False
İlham ve tadilat,banyo tadilatı öncesi sonrası,4,Ultra Lüks Banyo Tadilatı Böyle Yapılır! Ustasından Detaylı Anlatım.,Dekordelisi,1958,1 yıl önce,8:27,HDIKAubrh_I,https://www.youtube.com/watch?v=HDIKAubrh_I,youtube_video,https://www.youtube.com/@dekordelisi,False,False,False
İlham ve tadilat,banyo tadilatı öncesi sonrası,5,İlham Veren Banyo Tadilatı - Banyo Tadilatının Öncesi Sonrası ve Hülya Hanımla Kısa Röportaj,Olca Yapı - Mehmet Turgut,3214,2 yıl önce,2:11,z5ZwO2raThI,https://www.youtube.com/watch?v=z5ZwO2raThI,youtube_video,https://www.youtube.com/@olcayapi,False,False,False
İlham ve tadilat,banyo tadilatı öncesi sonrası,6,Banyo Yenileme ÖNCESİ  ve SONRASI (1),Poyraz Dekorasyon,157,5 yıl önce,0:21,yXBYAwu3wz8,https://www.youtube.com/watch?v=yXBYAwu3wz8,youtube_video,https://www.youtube.com/@PoyrazDekorasyon,False,False,False
İlham ve tadilat,banyo tadilatı öncesi sonrası,7,Banyo tadilatı yaptık baştan sona yeniledik,Macit Tesisat,84416,3 yıl önce,10:04,oZjAP4cHxX4,https://www.youtube.com/watch?v=oZjAP4cHxX4,youtube_video,https://www.youtube.com/@MacitTesisat,False,False,False
İlham ve tadilat,banyo tadilatı öncesi sonrası,8,"Banyo Yenileme, Eski Banyodan Yeni Bir Mucize",Dekorasyon Adam,4610,1 yıl önce,3:21,m1Wb85PMC94,https://www.youtube.com/watch?v=m1Wb85PMC94,youtube_video,https://www.youtube.com/@dekorasyonadam,False,False,False
İlham ve tadilat,banyo tadilatı öncesi sonrası,9,2026 Banyo Yenileme Fiyatları | A’dan Z’ye Detaylar ve Dikkat Edilmesi Gerekenler | Gerçek ve Güncel,Dekordelisi,7395,8 ay önce,6:49,UeOSS2CXXeE,https://www.youtube.com/watch?v=UeOSS2CXXeE,youtube_video,https://www.youtube.com/@dekordelisi,False,False,False
İlham ve tadilat,banyo tadilatı öncesi sonrası,10,2026 Ev Tadilat Fiyatları Burada! En Gerçek ve Güncel Ev Yenileme Maliyetleri,Dekordelisi,7886,6 ay önce,7:13,UXGx3cE0R3Y,https://www.youtube.com/watch?v=UXGx3cE0R3Y,youtube_video,https://www.youtube.com/@dekordelisi,False,False,False
İlham ve tadilat,banyo tadilatı öncesi sonrası,11,Banyo yenileme öncesi sonrası,resit tekin,254,6 yıl önce,1:45,NEMyQCVZ_Mc,https://www.youtube.com/watch?v=NEMyQCVZ_Mc,youtube_video,https://www.youtube.com/@resittekin1445,False,False,False
İlham ve tadilat,banyo tadilatı öncesi sonrası,12,Banyo yenileme,Vitra Artema Yetkili Servis Başarı yapı,71,5 yıl önce,1:01,b2fjNa0AE6g,https://www.youtube.com/watch?v=b2fjNa0AE6g,youtube_video,https://www.youtube.com/@vitraartemayetkiliservisba3966,False,False,True
İlham ve tadilat,banyo tadilatı öncesi sonrası,13,Banyo yenileme öncesi sonrası,resit tekin,254,6 yıl önce,1:45,NEMyQCVZ_Mc,https://www.youtube.com/watch?v=NEMyQCVZ_Mc,youtube_video,https://www.youtube.com/@resittekin1445,False,False,False
İlham ve tadilat,banyo tadilatı öncesi sonrası,14,BANYO YENİLEME & BANYO TADİLATI & FAYANS USTASI,Osman Usta,223,4 yıl önce,1:45,6AmNzFstqt0,https://www.youtube.com/watch?v=6AmNzFstqt0,youtube_video,https://www.youtube.com/@OsmanUstam,False,False,False
İlham ve tadilat,banyo tadilatı öncesi sonrası,15,Öncesi-Sonrası İç Mekan Yenileme Tadilat Projesi,mehmet özmimar,1703,8 yıl önce,0:44,ak5NubtHi5w,https://www.youtube.com/watch?v=ak5NubtHi5w,youtube_video,https://www.youtube.com/@mehmetozmimar6941,False,False,False
İlham ve tadilat,banyo tadilatı öncesi sonrası,16,Eski Banyo Yenileme Projeme Başlıyorum PART 1 - Banyo ve Tuvaletin Anahtar Teslim Tadilatı,Dekordelisi,2290,2 yıl önce,4:07,LlFcX5DgQNI,https://www.youtube.com/watch?v=LlFcX5DgQNI,youtube_video,https://www.youtube.com/@dekordelisi,False,False,False
İlham ve tadilat,banyo tadilatı öncesi sonrası,17,ÖNCESİ VE SONRASI:  BANYO TADİLATI #öncesisonrası,Poyraz Dekorasyon,189,4 yıl önce,5:00,a6VpgZgqy1Q,https://www.youtube.com/watch?v=a6VpgZgqy1Q,youtube_video,https://www.youtube.com/@PoyrazDekorasyon,False,False,False
İlham ve tadilat,banyo tadilatı öncesi sonrası,18,Banyo Yenileme ÖNCESİ  ve SONRASI (1),Poyraz Dekorasyon,157,5 yıl önce,0:21,yXBYAwu3wz8,https://www.youtube.com/watch?v=yXBYAwu3wz8,youtube_video,https://www.youtube.com/@PoyrazDekorasyon,False,False,False
İlham ve tadilat,banyo tadilatı maliyeti,1,Banyoyu Yeniletmek İstiyorum Masrafım Ne Olur? Malzemeler ve Markalar Nedir? Kaç Gün Sürer?,Dekordelisi,2221,11 ay önce,5:26,IFi1aK5Rqnk,https://www.youtube.com/watch?v=IFi1aK5Rqnk,youtube_video,https://www.youtube.com/@dekordelisi,False,False,False
İlham ve tadilat,banyo tadilatı maliyeti,2,2026 Banyo Yenileme Fiyatları | A’dan Z’ye Detaylar ve Dikkat Edilmesi Gerekenler | Gerçek ve Güncel,Dekordelisi,7396,8 ay önce,6:49,UeOSS2CXXeE,https://www.youtube.com/watch?v=UeOSS2CXXeE,youtube_video,https://www.youtube.com/@dekordelisi,False,False,False
İlham ve tadilat,banyo tadilatı maliyeti,3,Bir banyonun yeniden hayat buluşu,OLCAY USTA,1569455,10 ay önce,17:28,tNvspmwo5wk,https://www.youtube.com/watch?v=tNvspmwo5wk,youtube_video,https://www.youtube.com/@OLCAYUSTA,False,False,False
İlham ve tadilat,banyo tadilatı maliyeti,4,BANYO YENİLEME / TAMİRAT - TADİLAT / 6.000 TL MALİYET / NASIL YAPTIK?,Nasıl Yaptım,75865,5 yıl önce,12:56,XUu4ttSBeVE,https://www.youtube.com/watch?v=XUu4ttSBeVE,youtube_video,https://www.youtube.com/@naslyaptm354,False,False,False
İlham ve tadilat,banyo tadilatı maliyeti,5,Banyo Tadilatı Yaptıracaklar için Bazı Öneriler | Memnun Kaldıklarımız/Kalmadıklarımız,Büşra Yürük,2309,1 yıl önce,12:01,BZKa50zgHO4,https://www.youtube.com/watch?v=BZKa50zgHO4,youtube_video,https://www.youtube.com/@harmonibutikofficial,False,False,False
İlham ve tadilat,banyo tadilatı maliyeti,6,2026 Ev Tadilat Fiyatları Burada! En Gerçek ve Güncel Ev Yenileme Maliyetleri,Dekordelisi,7888,6 ay önce,7:13,UXGx3cE0R3Y,https://www.youtube.com/watch?v=UXGx3cE0R3Y,youtube_video,https://www.youtube.com/@dekordelisi,False,False,False
İlham ve tadilat,banyo tadilatı maliyeti,7,📽 KOMPLE EV TADİLAT MALİYETİ- YAPIM AŞAMALARI 2023,Dekorasyon Adam,238876,3 yıl önce,6:06,a-7tzWHL098,https://www.youtube.com/watch?v=a-7tzWHL098,youtube_video,https://www.youtube.com/@dekorasyonadam,False,False,False
İlham ve tadilat,banyo tadilatı maliyeti,8,EV TADİLATI / BANYO YENİLEME / MUTFAK YENİLEME / EV DEKORASYON VİDEOLARI / ANKARA,DEKORENZA İç Mimari Tasarım & Mobilya,18768,3 yıl önce,19:49,i6LUqim0vm8,https://www.youtube.com/watch?v=i6LUqim0vm8,youtube_video,https://www.youtube.com/@dekorenza,False,False,False
İlham ve tadilat,banyo tadilatı maliyeti,9,Banyo Tadilatı nasıl yapılır? Banyo Tesisatı yapımı!,Macit Tesisat,23674,4 yıl önce,6:00,rCNVJzPcXDg,https://www.youtube.com/watch?v=rCNVJzPcXDg,youtube_video,https://www.youtube.com/@MacitTesisat,False,False,False
İlham ve tadilat,banyo tadilatı maliyeti,10,Banyo Tadilatında Dikkat Edilmesi gerekenler,Samir GÜLER,4684,5 yıl önce,6:17,zgJKbxAIROA,https://www.youtube.com/watch?v=zgJKbxAIROA,youtube_video,https://www.youtube.com/@SamirGuler,False,False,False
İlham ve tadilat,banyo tadilatı maliyeti,11,35Yıllık Banyoyu Baştan Sona Yeniledik! | Banyo Tadilatı ve Tesisat Değişimi,Tutar Yapı & Teknik,165,2 ay önce,4:17,rQ2p1DuuRis,https://www.youtube.com/watch?v=rQ2p1DuuRis,youtube_video,https://www.youtube.com/@tutarteknik,False,False,False
İlham ve tadilat,banyo tadilatı maliyeti,12,"DUVARI FAZLA KIRDILAR! HER YER TOZ! - BANYO TADİLATI, BANYO YENİLEME 1. GÜN",Rukiye Taşçi,2885,6 yıl önce,9:06,vHTfTA8UjVw,https://www.youtube.com/watch?v=vHTfTA8UjVw,youtube_video,https://www.youtube.com/@rukiyetasci,False,False,False
İlham ve tadilat,banyo tadilatı maliyeti,13,BANYO YENİLEME / TAMİRAT - TADİLAT / 6.000 TL MALİYET / NASIL YAPTIK?,Nasıl Yaptım,75865,5 yıl önce,12:56,XUu4ttSBeVE,https://www.youtube.com/watch?v=XUu4ttSBeVE,youtube_video,https://www.youtube.com/@naslyaptm354,False,False,False
İlham ve tadilat,banyo tadilatı maliyeti,14,#BANYO TADİLATI NASIL YAPILIR.#EVRİM GEÇİREN BİR BANYO DAHA KARŞINIZDAYIZ.#,Özkal Yapı Ekrem Hasan,3653,6 yıl önce,1:25,ijVU4sFMVWI,https://www.youtube.com/watch?v=ijVU4sFMVWI,youtube_video,https://www.youtube.com/@ozkalyapiekremhasan5454,False,False,False
İlham ve tadilat,banyo tadilatı maliyeti,15,BANYO DEKORASYONU NASIL OLMALI |  BANYO YENİLEME FİKİRLERİ | BANYO TADİLATI | BANYO DEKORASYONU,DEKORENZA İç Mimari Tasarım & Mobilya,53325,4 yıl önce,12:48,P12kFQDdtFc,https://www.youtube.com/watch?v=P12kFQDdtFc,youtube_video,https://www.youtube.com/@dekorenza,False,False,False
İlham ve tadilat,banyo tadilatı maliyeti,16,Banyo Tadilat Fiyatları | 2023,Emek Dekorasyon,7938,9 yıl önce,2:39,IB_d5miTQH8,https://www.youtube.com/watch?v=IB_d5miTQH8,youtube_video,https://www.youtube.com/@Emek.Dekorasyon,False,False,False
İlham ve tadilat,banyo tadilatı maliyeti,17,Banyo tadilatı yaptık baştan sona yeniledik,Macit Tesisat,84416,3 yıl önce,10:04,oZjAP4cHxX4,https://www.youtube.com/watch?v=oZjAP4cHxX4,youtube_video,https://www.youtube.com/@MacitTesisat,False,False,False
İlham ve tadilat,banyo tadilatı maliyeti,18,TÜM AŞAMA ve MAALİYETLERİ ile BANYO TADİLATI // BANYOYU BAŞTAN YARATTIK // BANYO VE TUVALET YENİLEME,10 numara 5 yıldız,8972,5 yıl önce,3:17,GS88P1oOSZY,https://www.youtube.com/watch?v=GS88P1oOSZY,youtube_video,https://www.youtube.com/@10numara-5yldz,False,False,False
İlham ve tadilat,banyo tadilatı maliyeti,19,Banyo Tadilatı Fiyatı | Tadilatım Kaç Para,Tadilatimkacpara,19,5 yıl önce,1:05,H6a7m3VF-Xs,https://www.youtube.com/watch?v=H6a7m3VF-Xs,youtube_video,https://www.youtube.com/@tadilatimkacpara5776,False,False,False
İlham ve tadilat,banyo tasarım fikirleri 2026,1,2026 Banyo Yenileme Fiyatları | A’dan Z’ye Detaylar ve Dikkat Edilmesi Gerekenler | Gerçek ve Güncel,Dekordelisi,7394,8 ay önce,6:49,UeOSS2CXXeE,https://www.youtube.com/watch?v=UeOSS2CXXeE,youtube_video,https://www.youtube.com/@dekordelisi,False,False,False
İlham ve tadilat,banyo tasarım fikirleri 2026,2,BANYO / BANYO DEKORASYONU ÖRNEKLERİ / HER TARZ BANYO / BATHROOM,DEKORENZA İç Mimari Tasarım & Mobilya,1960,5 ay önce,4:28,4qZq3Kgests,https://www.youtube.com/watch?v=4qZq3Kgests,youtube_video,https://www.youtube.com/@dekorenza,False,False,False
İlham ve tadilat,banyo tasarım fikirleri 2026,3,Küçük Banyolar için 8 Ferahlatıcı Tasarım Fikri,decoverse,53136,3 yıl önce,5:30,7kWu0FY4oLw,https://www.youtube.com/watch?v=7kWu0FY4oLw,youtube_video,https://www.youtube.com/@decoversecom,False,False,False
İlham ve tadilat,banyo tasarım fikirleri 2026,4,Modern Banyo Fayans Modelleri ile Şık ve Ferah Banyolar,Dekorasyonist,4445,4 ay önce,9:42,7ear_9hv7Dc,https://www.youtube.com/watch?v=7ear_9hv7Dc,youtube_video,https://www.youtube.com/@Dekorasyonist,False,False,False
İlham ve tadilat,banyo tasarım fikirleri 2026,5,Modern Bir Görünüm için Akıllara durgunluk veren Banyo Dekorasyon Trendleri - Banyo Modelleri,Tasarım Budur,27001,3 yıl önce,10:50,-_Ijw38BH6Y,https://www.youtube.com/watch?v=-_Ijw38BH6Y,youtube_video,https://www.youtube.com/@tasarimbudur,False,False,False
İlham ve tadilat,banyo tasarım fikirleri 2026,6,"Küçük Banyo Fikirleri Modern Tasarımlar, Rustik Dokunuşlar ve Çarpıcı Bir Dönüşüm",Tasarım Budur,2435,1 yıl önce,10:48,yvJ_3dr8mz4,https://www.youtube.com/watch?v=yvJ_3dr8mz4,youtube_video,https://www.youtube.com/@tasarimbudur,False,False,False
İlham ve tadilat,banyo tasarım fikirleri 2026,7,"BANYO DEKORASYON FİKİRLERİ,  BANYO, WC ,TUVALET YENİLEME YAPIM AŞAMALARI ( BATHROOM RENOVATİON )",Dekorasyon Adam,91021,4 yıl önce,3:50,oqZEzAjzkeg,https://www.youtube.com/watch?v=oqZEzAjzkeg,youtube_video,https://www.youtube.com/@dekorasyonadam,False,False,False
İlham ve tadilat,banyo tasarım fikirleri 2026,8,BANYO DEKORASYONU ‼️ #evim#banyo#tadilat#izmir,SEDA KARDAŞ,36130,2 yıl önce,15:01,uXDx2Khn85s,https://www.youtube.com/watch?v=uXDx2Khn85s,youtube_video,https://www.youtube.com/@Sedakardas,False,False,False
İlham ve tadilat,banyo tasarım fikirleri 2026,9,"2 Banyo, Mutfak ve Koridorun Yenilenmesi | Toplam Maliyeti & Tüm Detaylar ve Trend Tasarım Fikirleri",Dekordelisi,1953,11 ay önce,6:01,Ey5ZOECeMsY,https://www.youtube.com/watch?v=Ey5ZOECeMsY,youtube_video,https://www.youtube.com/@dekordelisi,False,False,False
İlham ve tadilat,banyo tasarım fikirleri 2026,10,"2026’nın En Trend 50 Modern Ev Tasarımı | Salon, Mutfak, Banyo Fikirleri",Vesta desing,248,6 ay önce,9:30,N5REJFX4hAI,https://www.youtube.com/watch?v=N5REJFX4hAI,youtube_video,https://www.youtube.com/@Vesta.tadilat.dekorasyon,False,False,False
İlham ve tadilat,banyo tasarım fikirleri 2026,11,70 Modern Banyo Tasarımı 2025 | Şık ve Lüks Dekorasyon Fikirleri,Arden Mimarlık,7815,11 ay önce,3:47,HRomjauwW1E,https://www.youtube.com/watch?v=HRomjauwW1E,youtube_video,https://www.youtube.com/@Ardenmimarlik,False,False,False
İlham ve tadilat,banyo tasarım fikirleri 2026,12,KÜÇÜK BANYOLAR İÇİN 5 TASARIM FİKRİ \\ SERAMİK SEÇİMİ \ DUŞ SİSTEMLERİ\AKSESUARLAR,Zeynep Bordebar,227205,6 yıl önce,3:39,2oE_Ez1qMFg,https://www.youtube.com/watch?v=2oE_Ez1qMFg,youtube_video,https://www.youtube.com/@zeynepbordebar8936,False,False,False
İlham ve tadilat,banyo tasarım fikirleri 2026,13,Mimarın Gözünden | Banyo Tasarımında Önemli Detaylar,decoverse,11513,3 yıl önce,5:02,2C8lmhZLzm4,https://www.youtube.com/watch?v=2C8lmhZLzm4,youtube_video,https://www.youtube.com/@decoversecom,False,False,False
İlham ve tadilat,banyo tasarım fikirleri 2026,14,Sıkıcıdan Muhteşeme: Görmeniz Gereken Harika Banyo Yenileme Fikirleri!,Tasarım Budur,1005,3 yıl önce,10:50,LId-WerP7iE,https://www.youtube.com/watch?v=LId-WerP7iE,youtube_video,https://www.youtube.com/@tasarimbudur,False,False,False
İlham ve tadilat,banyo tasarım fikirleri 2026,15,Küçük ölçüde banyo/ minik banyo fikirleri. Küçük banyo tasarımı #banyotemizligi #banyoutube,Banyo -Mutfak Mimarisi \ Burcu Tarkan,30633,4 yıl önce,2:00,pOcwYZtlm4Q,https://www.youtube.com/watch?v=pOcwYZtlm4Q,youtube_video,https://www.youtube.com/@BurcuTarkan,False,False,False
İlham ve tadilat,banyo tasarım fikirleri 2026,16,BANYO NASIL DEKORE EDİLİR? / 2022 BANYO DEKORASYONU / BANYO TADİLATI / BANYO DEKORASYON FİKİRLERİ,DEKORENZA İç Mimari Tasarım & Mobilya,13126,4 yıl önce,2:24,PZRR_3C1prg,https://www.youtube.com/watch?v=PZRR_3C1prg,youtube_video,https://www.youtube.com/@dekorenza,False,False,False
İlham ve tadilat,banyo tasarım fikirleri 2026,17,QUMATRA 2026 BANYO,QUMATRA TV,40,6 ay önce,1:01,s7QPpRstVJw,https://www.youtube.com/watch?v=s7QPpRstVJw,youtube_video,https://www.youtube.com/@qumatratv,False,False,False
İlham ve tadilat,banyo tasarım fikirleri 2026,18,Beautiful Home Transformation,Floor & Bath Design ,1,12 saat önce,5:45,SCoZ4KnISr4,https://www.youtube.com/watch?v=SCoZ4KnISr4,youtube_video,https://www.youtube.com/@FloorandBathDesignInc,False,False,False
İlham ve tadilat,banyo tasarım fikirleri 2026,19,"2026 Fayans Fiyatları | Banyomun Fayanslarını Kaça Yenilerim, Tadilatını Yaptırsam Maliyeti Ne Olur?",Dekordelisi,1706,3 ay önce,12:02,bFBIPf59gEs,https://www.youtube.com/watch?v=bFBIPf59gEs,youtube_video,https://www.youtube.com/@dekordelisi,False,False,False
İlham ve tadilat,banyo tasarım fikirleri 2026,20,Mutlaka Bilmeniz Gereken 7 Banyo Stili,decoverse,5577,3 yıl önce,6:43,vGvV9z_vTkY,https://www.youtube.com/watch?v=vGvV9z_vTkY,youtube_video,https://www.youtube.com/@decoversecom,False,False,False
İlham ve tadilat,banyo dekorasyonu,1,70 Modern Banyo Tasarımı 2025 | Şık ve Lüks Dekorasyon Fikirleri,Arden Mimarlık,7807,11 ay önce,3:47,HRomjauwW1E,https://www.youtube.com/watch?v=HRomjauwW1E,youtube_video,https://www.youtube.com/@Ardenmimarlik,False,False,False
İlham ve tadilat,banyo dekorasyonu,2,Modern Banyo Fayans Modelleri ile Şık ve Ferah Banyolar,Dekorasyonist,4445,4 ay önce,9:42,7ear_9hv7Dc,https://www.youtube.com/watch?v=7ear_9hv7Dc,youtube_video,https://www.youtube.com/@Dekorasyonist,False,False,False
İlham ve tadilat,banyo dekorasyonu,3,Banyo tadilatı yaptık baştan sona yeniledik,Macit Tesisat,84416,3 yıl önce,10:04,oZjAP4cHxX4,https://www.youtube.com/watch?v=oZjAP4cHxX4,youtube_video,https://www.youtube.com/@MacitTesisat,False,False,False
İlham ve tadilat,banyo dekorasyonu,4,İnanılmaz Banyo Değişimi/ Kırmadan Dökmeden Banyomu Yeniledim / Fayans Boyama/ Yer Döşeme,KIZILIN İZİNDE ,589900,2 yıl önce,18:37,JUIekc2vpDU,https://www.youtube.com/watch?v=JUIekc2vpDU,youtube_video,https://www.youtube.com/@k%C4%B1z%C4%B1l%C4%B1nizinde,False,False,False
İlham ve tadilat,banyo dekorasyonu,5,Modern Bir Görünüm için Akıllara durgunluk veren Banyo Dekorasyon Trendleri - Banyo Modelleri,Tasarım Budur,27001,3 yıl önce,10:50,-_Ijw38BH6Y,https://www.youtube.com/watch?v=-_Ijw38BH6Y,youtube_video,https://www.youtube.com/@tasarimbudur,False,False,False
İlham ve tadilat,banyo dekorasyonu,6,BANYO DEKORASYON FİKİRLERİ - BANYO TASARIMLARI,Zortaş Concept,6998,5 yıl önce,0:44,svfkbNPUpuQ,https://www.youtube.com/watch?v=svfkbNPUpuQ,youtube_video,https://www.youtube.com/@Zorta%C5%9FConcept,False,False,False
İlham ve tadilat,banyo dekorasyonu,7,Yeni Dekoratif Ürünler ile Banyo Dekorasyonu I En Trend Banyo Dekorasyonu Uygulaması I Dekonil,Dekonil,55229,3 yıl önce,2:42,r4depcbQySg,https://www.youtube.com/watch?v=r4depcbQySg,youtube_video,https://www.youtube.com/@dekonilcom,False,False,False
İlham ve tadilat,kiralık ev banyo yenileme,1,"DUVARI FAZLA KIRDILAR! HER YER TOZ! - BANYO TADİLATI, BANYO YENİLEME 1. GÜN",Rukiye Taşçi,2885,6 yıl önce,9:06,vHTfTA8UjVw,https://www.youtube.com/watch?v=vHTfTA8UjVw,youtube_video,https://www.youtube.com/@rukiyetasci,False,False,False
İlham ve tadilat,kiralık ev banyo yenileme,2,"🚿🎬 BANYO DEKORASYON FİKİRLERİ, BANYO YENİLEME/ YAPIM AŞAMALARI ( BATHROOM RENOVATİON )",Dekorasyon Adam,4356,3 yıl önce,1:49,5cnrIbZmSWw,https://www.youtube.com/watch?v=5cnrIbZmSWw,youtube_video,https://www.youtube.com/@dekorasyonadam,False,False,False
İlham ve tadilat,kiralık ev banyo yenileme,3,Banyo Tadilat Projemiz Bitti - Dekordelisi,Dekordelisi,924,5 yıl önce,4:58,IVlluSG_oEM,https://www.youtube.com/watch?v=IVlluSG_oEM,youtube_video,https://www.youtube.com/@dekordelisi,False,False,False
İlham ve tadilat,kiralık ev banyo yenileme,4,EV TADİLATI / BANYO YENİLEME / MUTFAK YENİLEME / EV DEKORASYON VİDEOLARI / ANKARA,DEKORENZA İç Mimari Tasarım & Mobilya,18768,3 yıl önce,19:49,i6LUqim0vm8,https://www.youtube.com/watch?v=i6LUqim0vm8,youtube_video,https://www.youtube.com/@dekorenza,False,False,False
İlham ve tadilat,kiralık ev banyo yenileme,5,Komple Banyo Yenileme Projemiz - Dekordelisi,Dekordelisi,1198,6 yıl önce,3:44,4oYONYR2c6I,https://www.youtube.com/watch?v=4oYONYR2c6I,youtube_video,https://www.youtube.com/@dekordelisi,False,False,False
İlham ve tadilat,kiralık ev banyo yenileme,6,detaylı banyo seramik yenileme çalışması. detailed bathroom renovation,fırat Tali,24050,3 yıl önce,22:28,RY_FtDqP4Q4,https://www.youtube.com/watch?v=RY_FtDqP4Q4,youtube_video,https://www.youtube.com/@firattali,False,False,False
İlham ve tadilat,kiralık ev banyo yenileme,7,2026 Banyo Yenileme Fiyatları | A’dan Z’ye Detaylar ve Dikkat Edilmesi Gerekenler | Gerçek ve Güncel,Dekordelisi,7396,8 ay önce,6:49,UeOSS2CXXeE,https://www.youtube.com/watch?v=UeOSS2CXXeE,youtube_video,https://www.youtube.com/@dekordelisi,False,False,False
İlham ve tadilat,kiralık ev banyo yenileme,8,Kırmadan Dökmeden Banyonuzu Yepyeni Hale Getirin! - Banyo Yenileme Nasıl Yapılır?,Koçtaş,282599,5 yıl önce,8:07,welQvPLothc,https://www.youtube.com/watch?v=welQvPLothc,youtube_video,https://www.youtube.com/@koctastv,False,False,False
İlham ve tadilat,kiralık ev banyo yenileme,9,Banyo yenileme,Vitra Artema Yetkili Servis Başarı yapı,71,5 yıl önce,1:01,b2fjNa0AE6g,https://www.youtube.com/watch?v=b2fjNa0AE6g,youtube_video,https://www.youtube.com/@vitraartemayetkiliservisba3966,False,False,True
İlham ve tadilat,kiralık ev banyo yenileme,10,BANYO YENİLEME / TAMİRAT - TADİLAT / 6.000 TL MALİYET / NASIL YAPTIK?,Nasıl Yaptım,75865,5 yıl önce,12:56,XUu4ttSBeVE,https://www.youtube.com/watch?v=XUu4ttSBeVE,youtube_video,https://www.youtube.com/@naslyaptm354,False,False,False
İlham ve tadilat,kiralık ev banyo yenileme,11,BANYO DEKORASYONU NASIL OLMALI |  BANYO YENİLEME FİKİRLERİ | BANYO TADİLATI | BANYO DEKORASYONU,DEKORENZA İç Mimari Tasarım & Mobilya,53325,4 yıl önce,12:48,P12kFQDdtFc,https://www.youtube.com/watch?v=P12kFQDdtFc,youtube_video,https://www.youtube.com/@dekorenza,False,False,False
İlham ve tadilat,kiralık ev banyo yenileme,12,kiracı dostu banyo yenileme | yerleri folyo ile kapladım!,Şeyda Taktak,19561,2 yıl önce,12:37,zgGd6R4GVv4,https://www.youtube.com/watch?v=zgGd6R4GVv4,youtube_video,https://www.youtube.com/@seydataktak,False,False,False
İlham ve tadilat,kiralık ev banyo yenileme,13,BANYO YENİLEME & BANYO TADİLATI & FAYANS USTASI,Osman Usta,223,4 yıl önce,1:45,6AmNzFstqt0,https://www.youtube.com/watch?v=6AmNzFstqt0,youtube_video,https://www.youtube.com/@OsmanUstam,False,False,False
İlham ve tadilat,kiralık ev banyo yenileme,14,1 Günde Banyo Yenileme,Sade Mimarlık (Hicran Kadıoğlu),91,6 yıl önce,0:41,9R98HgqUwZc,https://www.youtube.com/watch?v=9R98HgqUwZc,youtube_video,https://www.youtube.com/@sademimarlk9629,False,False,False
İlham ve tadilat,kiralık ev banyo yenileme,15,Banyo tadilatı ne kadar tutar ? Maliyeti nedir ?  Denizli banyo tadilat Rivaniva.com,Rivaniva Toptan Elektrik Malzemeleri,3068,2 yıl önce,0:41,IRVpj4LRbbM,https://www.youtube.com/watch?v=IRVpj4LRbbM,youtube_video,https://www.youtube.com/@rivaniva,False,False,False
İlham ve tadilat,kiralık ev banyo yenileme,16,Komple Banyo Yenileme Projemiz - Dekordelisi,Dekordelisi,1198,6 yıl önce,3:44,4oYONYR2c6I,https://www.youtube.com/watch?v=4oYONYR2c6I,youtube_video,https://www.youtube.com/@dekordelisi,False,False,False
İlham ve tadilat,kiralık ev banyo yenileme,17,Banyo Tadilat Fiyatları | 2023,Emek Dekorasyon,7938,9 yıl önce,2:39,IB_d5miTQH8,https://www.youtube.com/watch?v=IB_d5miTQH8,youtube_video,https://www.youtube.com/@Emek.Dekorasyon,False,False,False
İlham ve tadilat,kiralık ev banyo yenileme,18,BANYO YENİLEME/TADİLAT,Dizayn Tadiat,265,5 yıl önce,1:01,mWDIgLqDbDY,https://www.youtube.com/watch?v=mWDIgLqDbDY,youtube_video,https://www.youtube.com/@dizayndus4827,False,False,False
İlham ve tadilat,kiralık ev banyo yenileme,19,Eskişehir banyo tadilatı - Akarbaşı mahallesi,Ferhad Kaban,301,9 yıl önce,2:12,MivO4qPD15Q,https://www.youtube.com/watch?v=MivO4qPD15Q,youtube_video,https://www.youtube.com/@ferhadkaban4149,False,False,False
İlham ve tadilat,fayans üstüne fayans,1,Seramik üstüne seramik döşenirmi? Fayans ustası cevaplıyor.,şehmus kalkan,623888,8 yıl önce,2:45,sHqsgyTRfhY,https://www.youtube.com/watch?v=sHqsgyTRfhY,youtube_video,https://www.youtube.com/@SehmusKalkan,False,False,False
İlham ve tadilat,fayans üstüne fayans,2,Seramik Kaplı Eski Bir Zemin Üzerine Yeni Seramik Uygulaması Nasıl Yapılır?,Saint-Gobain Weber Türkiye,319788,4 yıl önce,2:16,Z19TjmLfLqw,https://www.youtube.com/watch?v=Z19TjmLfLqw,youtube_video,https://www.youtube.com/@weberturkiye,False,False,False
İlham ve tadilat,fayans üstüne fayans,3,banyo yer uygulaması 60x60 seramik .bathroom floor application,fırat Tali,216625,4 yıl önce,8:02,3AqY7LYrIsc,https://www.youtube.com/watch?v=3AqY7LYrIsc,youtube_video,https://www.youtube.com/@firattali,False,False,False
İlham ve tadilat,fayans üstüne fayans,4,FAYANS ÜSTÜNE FAYANS NASIL DÖŞENİR A'dan Z'ye (Detaylı ve sesli anlatım!) -  Laying tiles on tiles,Cengiz Dolunay,534775,3 yıl önce,21:40,Xyl5I2sDo-s,https://www.youtube.com/watch?v=Xyl5I2sDo-s,youtube_video,https://www.youtube.com/@cengizdolunay,False,False,False
İlham ve tadilat,fayans üstüne fayans,5,FAYANS ÜSTÜNE FAYANS OLURMU?,DİPLOMALI USTA,51103,5 yıl önce,1:14,vK22lGBYZjY,https://www.youtube.com/watch?v=vK22lGBYZjY,youtube_video,https://www.youtube.com/@diplomaliusta775,False,False,False
İlham ve tadilat,fayans üstüne fayans,6,FAYANS ÜSTÜNE FAYANS NASIL YAPILIR? (En İnce Ayrıntısına Kadar Anlattım!!) - Laying tiles on tiles,Cengiz Dolunay,7328,2 yıl önce,10:34,6Xx5k-m72sY,https://www.youtube.com/watch?v=6Xx5k-m72sY,youtube_video,https://www.youtube.com/@cengizdolunay,False,False,False
İlham ve tadilat,fayans üstüne fayans,7,Eski Fayans üzerine - Çok Kolay Seramik Döşedik#seramik #keşfet #trending#fayans #seramikkaplama#fyp,VatandasTR,3398,3 yıl önce,7:30,mgaEdYWUPj8,https://www.youtube.com/watch?v=mgaEdYWUPj8,youtube_video,https://www.youtube.com/@Vatandasmedya,False,False,False
İlham ve tadilat,fayans üstüne fayans,8,Duvarda seramik üzerine seramik,OLCAY USTA,468822,3 yıl önce,11:53,IXiiORINqRQ,https://www.youtube.com/watch?v=IXiiORINqRQ,youtube_video,https://www.youtube.com/@OLCAYUSTA,False,False,False
İlham ve tadilat,fayans üstüne fayans,9,Duvara Fayans Nasıl Döşenir ? | Harç nasıl hazırlanır | Harç nasıl çekilir ( DETAYLI VE SESLİ ),Cengiz Dolunay,266001,4 yıl önce,13:09,4pjhEczc4nI,https://www.youtube.com/watch?v=4pjhEczc4nI,youtube_video,https://www.youtube.com/@cengizdolunay,False,False,False
İlham ve tadilat,fayans üstüne fayans,10,Fayans üstü fayans Mutfak tezgahı 60X120,OLCAY USTA,109012,3 yıl önce,3:58,lifHqgbo2Pw,https://www.youtube.com/watch?v=lifHqgbo2Pw,youtube_video,https://www.youtube.com/@OLCAYUSTA,False,False,False
İlham ve tadilat,fayans üstüne fayans,11,DUVARDA FAYANS ÜSTÜNE FAYANS NASIL DÖŞENİR A'dan Z'ye (Detaylı ve sesli anlatım !) - tiles on tiles,Cengiz Dolunay,89277,2 yıl önce,11:19,SaE4a1jP1qs,https://www.youtube.com/watch?v=SaE4a1jP1qs,youtube_video,https://www.youtube.com/@cengizdolunay,False,False,False
İlham ve tadilat,fayans üstüne fayans,12,SERAMİK ÜZERİNE SERAMİK NASIL YAPIŞTIRILIR?,Erdem Fidan (ErdmFidan),255046,6 yıl önce,17:14,osy7U3Y0Ix0,https://www.youtube.com/watch?v=osy7U3Y0Ix0,youtube_video,https://www.youtube.com/@ErdemFidan,False,False,False
İlham ve tadilat,fayans üstüne fayans,13,SERAMİK ÜSTÜNE SERAMİK YAPIŞTIRMA,Mehmet Çınar,18650,7 yıl önce,6:59,KBrPdbFUebo,https://www.youtube.com/watch?v=KBrPdbFUebo,youtube_video,https://www.youtube.com/@mehmet.c%C4%B1nar058,False,False,False
İlham ve tadilat,fayans üstüne fayans,14,Kara sıva üzerine sağlam fayans döşetmek için 3 önemli.! nokta.,şehmus kalkan,84001,10 yıl önce,4:20,xfrudSFABRI,https://www.youtube.com/watch?v=xfrudSFABRI,youtube_video,https://www.youtube.com/@SehmusKalkan,False,False,False
İlham ve tadilat,fayans üstüne fayans,15,Seramik (fayans) üstüne fileli alçı sıva böyle yapılır!,şehmus kalkan,142107,6 yıl önce,7:26,pXY7dBIXeRM,https://www.youtube.com/watch?v=pXY7dBIXeRM,youtube_video,https://www.youtube.com/@SehmusKalkan,False,False,False
İlham ve tadilat,fayans üstüne fayans,16,60x120 GRANİT FAYANS SERAMİK DÖŞEMESİ,Mühendislik Harikaları,13703470,6 yıl önce,11:06,37re5DStkGQ,https://www.youtube.com/watch?v=37re5DStkGQ,youtube_video,https://www.youtube.com/@MuhendislikHarikalarTR,False,False,False
İlham ve tadilat,fayans üstüne fayans,17,Seramik Döşemede Başlangıç Noktası Ve Kod Nasıl Yapılır ?#how #howto              DİKKATLİ DİNLEYİN,Cengiz Dolunay,143684,3 yıl önce,13:06,_nhx_0EdZUA,https://www.youtube.com/watch?v=_nhx_0EdZUA,youtube_video,https://www.youtube.com/@cengizdolunay,False,False,False
İlham ve tadilat,fayans üstüne fayans,18,Boyalı Bir Duvara Seramik Uygulaması Nasıl Yapılır?,Saint-Gobain Weber Türkiye,171954,4 yıl önce,2:13,m9Z9XjJMM2Q,https://www.youtube.com/watch?v=m9Z9XjJMM2Q,youtube_video,https://www.youtube.com/@weberturkiye,False,False,False
İlham ve tadilat,fayans üstüne fayans,19,Eski usül seramik döşeme metodu - fayans döşeme,şehmus kalkan,85194,7 yıl önce,4:13,3VwpEUyR_hY,https://www.youtube.com/watch?v=3VwpEUyR_hY,youtube_video,https://www.youtube.com/@SehmusKalkan,False,False,False
İlham ve tadilat,fayans üstüne fayans,20,Alçı Sıva Üzerine Seramik Uygulaması Nasıl Yapılır?,Saint-Gobain Weber Türkiye,242834,4 yıl önce,2:23,H-ZDgf-in34,https://www.youtube.com/watch?v=H-ZDgf-in34,youtube_video,https://www.youtube.com/@weberturkiye,False,False,False
İlham ve tadilat,fayans boyama,1,Seramik ve fayans boyama #fayansboyama #seramikboyama #fayans, Boyacı Serdar Usta,287567,2 yıl önce,4:32,vkgyxUaVm4Q,https://www.youtube.com/watch?v=vkgyxUaVm4Q,youtube_video,https://www.youtube.com/@BoyacSerdarUsta,False,False,False
İlham ve tadilat,fayans boyama,2,Fayans Boyayanların Yorumları. Banyo ve Yer Fayans Boyama Yorumları. Banyosunu Boyayanlar Memnun mu,Benim Evim,234350,2 yıl önce,4:11,kZhwzbusojM,https://www.youtube.com/watch?v=kZhwzbusojM,youtube_video,https://www.youtube.com/@benim.evim.,False,False,False
İlham ve tadilat,fayans boyama,3,"Bianca Stella İle Ara Fayans, Derz Arası Nasıl Boyanır?",Bianca Boya,23372,1 yıl önce,0:44,HNgFWpzblOQ,https://www.youtube.com/watch?v=HNgFWpzblOQ,youtube_video,https://www.youtube.com/@bianca_boya,False,False,False
İlham ve tadilat,fayans boyama,4,Fayans Boyama Nasıl Yapılır? Uygulama Örnekleri - Uzmanından Tavsiyeler,Evde Mimar,268643,7 yıl önce,2:07,RYT0CWr3qTg,https://www.youtube.com/watch?v=RYT0CWr3qTg,youtube_video,https://www.youtube.com/@EvdeMimar,False,False,False
İlham ve tadilat,fayans boyama,5,Bianca Stella ile Banyo Nasıl Boyanır? - Banyo Fayans Boyama,Bianca Boya,128373,1 yıl önce,2:56,9WN6BftfLgI,https://www.youtube.com/watch?v=9WN6BftfLgI,youtube_video,https://www.youtube.com/@bianca_boya,False,False,False
İlham ve tadilat,fayans boyama,6,"Fayans Boyası ile Fayans Boyama ""Dryfix Faience Paint""",Dryfix Yalıtım & Boya,116364,5 yıl önce,1:27,2FluPrb63IY,https://www.youtube.com/watch?v=2FluPrb63IY,youtube_video,https://www.youtube.com/@dryfixyalitimboya,False,False,False
İlham ve tadilat,fayans boyama,7,"Bianca Stella İle Mutfak Yenileme - Fayans , Mutfak Tezgahı, Mutfak Dolabı Nasıl Boyanır?",Bianca Boya,33145,1 yıl önce,3:39,utDCKD2EJR0,https://www.youtube.com/watch?v=utDCKD2EJR0,youtube_video,https://www.youtube.com/@bianca_boya,False,False,False
İlham ve tadilat,fayans boyama,8,Banyo Yenileme 1 : Fayans Boyama (Dryfix Fayans Boyası) | Laçin Tenel,Laçin Tenel,256977,5 yıl önce,18:22,QlGIDaHSlu8,https://www.youtube.com/watch?v=QlGIDaHSlu8,youtube_video,https://www.youtube.com/@lacintenel,False,False,False
İlham ve tadilat,fayans boyama,9,"BOYANAN FAYANSLARIN SON HALİ (2 YIL),DAYANIKLIKLIK,SOYULMALAR,TEZGAH BOYAMA,BANYO VE MUTFAK YENİLEME",Melike Gümüş,47986,3 yıl önce,42:52,hrWC2RNmWaI,https://www.youtube.com/watch?v=hrWC2RNmWaI,youtube_video,https://www.youtube.com/@melikegumusvlog,False,False,False
İlham ve tadilat,fayans boyama,10,Fayans boyama önce-sonra,Ebral Ceylin,30759,7 yıl önce,1:42,sAnXnnp20E0,https://www.youtube.com/watch?v=sAnXnnp20E0,youtube_video,https://www.youtube.com/@ebralceylin9640,False,False,False
İlham ve tadilat,fayans boyama,11,seramik boyama#kalebodur boyama#fayans boyama#boya #vernik,Mahmut Yılmaz,13779,1 yıl önce,5:27,5Xi2b44LGhM,https://www.youtube.com/watch?v=5Xi2b44LGhM,youtube_video,https://www.youtube.com/@mahmutylmaz2828,False,False,False
İlham ve tadilat,fayans boyama,12,Bianca Stella Boya İle Fayans Boyama Nasıl Yapılır?,Bianca Boya,439838,4 yıl önce,8:44,m_HJLNm1o9g,https://www.youtube.com/watch?v=m_HJLNm1o9g,youtube_video,https://www.youtube.com/@bianca_boya,False,False,False
İlham ve tadilat,fayans boyama,13,"Banyo Yenileme | Fayans Boyama,Dry Fix Fayans Boyası,Kırmadan Dökmeden Yenileme,Tadilat,Tüm Detaylr",Melike Gümüş,138423,4 yıl önce,22:30,qJCz7Zjjjw0,https://www.youtube.com/watch?v=qJCz7Zjjjw0,youtube_video,https://www.youtube.com/@melikegumusvlog,False,False,False
İlham ve tadilat,fayans boyama,14,Banyo Seramik Boyama Nasıl Yapılır? | Ev Yenileme | Seray Kutsal,Koçtaş,2323954,7 yıl önce,11:24,Js7bKwIH8Kw,https://www.youtube.com/watch?v=Js7bKwIH8Kw,youtube_video,https://www.youtube.com/@koctastv,False,False,False
İlham ve tadilat,fayans boyama,15,Banyo Fayans Boyama,Eddas Home,51538,3 yıl önce,10:46,FaApdLjAFDE,https://www.youtube.com/watch?v=FaApdLjAFDE,youtube_video,https://www.youtube.com/@eddashome,False,False,False
İlham ve tadilat,fayans boyama,16,Cadence AMBIANTE Mat Akrilik Islak Zemin Boyası Nasıl Uygulanır?,Cadence Craft,18988,3 yıl önce,2:32,6ARb9nAYlLY,https://www.youtube.com/watch?v=6ARb9nAYlLY,youtube_video,https://www.youtube.com/@CadenceCraft,False,False,False
İlham ve tadilat,fayans boyama,17,Zemine stencıl çalışması ❤️ fayans boyama,Gönülce Sanat,150397,6 yıl önce,1:01,o6oKhKqlYi0,https://www.youtube.com/watch?v=o6oKhKqlYi0,youtube_video,https://www.youtube.com/@gonulcesanat3710,False,False,False
İlham ve tadilat,fayans boyama,18,Bianca Stella Boya Uygulama Öncesi Zemin Hazırlığı Nasıl Yapılmalıdır?,Bianca Boya,182872,5 yıl önce,1:59,pIyt55PJupo,https://www.youtube.com/watch?v=pIyt55PJupo,youtube_video,https://www.youtube.com/@bianca_boya,False,False,False
Marka ve rakip,vitra,1,"VitrA V-Fix Concealed Cisterns - Fit Easily, Forget Confidently",VitrA Bathrooms,13248,3 yıl önce,3:30,IBc50ABVMnk,https://www.youtube.com/watch?v=IBc50ABVMnk,youtube_video,https://www.youtube.com/@VitrABathrooms1,False,True,False
Marka ve rakip,vitra,2,"""Chair Times"" – A History of Seating",Vitra,436432,1 yıl önce,1:30:06,pruIWHMxZb0,https://www.youtube.com/watch?v=pruIWHMxZb0,youtube_video,https://www.youtube.com/@vitra,True,False,False
Marka ve rakip,vitra,3,VitrA Rim-ex - Kirlere Yer Bırakmayan Kanalsız Klozet -,VitrA Türkiye,344453,7 yıl önce,0:16,-cd69ggAPzQ,https://www.youtube.com/watch?v=-cd69ggAPzQ,youtube_video,https://www.youtube.com/@VitrAT%C3%BCrkiye,False,True,False
Marka ve rakip,vitra,4,VitrA QuantumFlush,VitrA Türkiye,3915,5 ay önce,0:30,YTXa8ML95HU,https://www.youtube.com/watch?v=YTXa8ML95HU,youtube_video,https://www.youtube.com/@VitrAT%C3%BCrkiye,False,True,False
Marka ve rakip,vitra,5,VitrA Sense Hibrit Batarya,VitrA Türkiye,3947,7 ay önce,0:44,prsj_s53JJk,https://www.youtube.com/watch?v=prsj_s53JJk,youtube_video,https://www.youtube.com/@VitrAT%C3%BCrkiye,False,True,False
Marka ve rakip,vitra,6,VitrA Duş Sistemi Montaj Rehberi | VitrA Core Square Duş Sistemi,VitrA Türkiye,151645,9 ay önce,1:30,-8FYDxbBp_k,https://www.youtube.com/watch?v=-8FYDxbBp_k,youtube_video,https://www.youtube.com/@VitrAT%C3%BCrkiye,False,True,False
Marka ve rakip,vitra,7,Vitra V-Care smart toilet montajı Vitra akıllı klozet montajı ,fatih gökmen,550,3 ay önce,35:57,bLxIXrCT3AQ,https://www.youtube.com/watch?v=bLxIXrCT3AQ,youtube_video,https://www.youtube.com/@fatihgokmen55,False,False,False
Marka ve rakip,vitra,8,VitrA Sense Hibrit Eviye Batarya Montajı Nasıl Yapılır?,VitrA Türkiye,224833,9 ay önce,1:29,y4nKQ8CvhZo,https://www.youtube.com/watch?v=y4nKQ8CvhZo,youtube_video,https://www.youtube.com/@VitrAT%C3%BCrkiye,False,True,False
Marka ve rakip,vitra,9,VitrA QuantumFlush,VitrA Türkiye,942690,2 yıl önce,0:27,zI1_r5ZjMAY,https://www.youtube.com/watch?v=zI1_r5ZjMAY,youtube_video,https://www.youtube.com/@VitrAT%C3%BCrkiye,False,True,False
Marka ve rakip,vitra,10,Vitra marka tuvalet nasıl kurulur كيفية تركيب تواليت جداري ماركة فيترا,heating & plomberie kombi servisi  تدفئة و سباكة,33977,3 yıl önce,10:31,xqfBWiMCsvE,https://www.youtube.com/watch?v=xqfBWiMCsvE,youtube_video,https://www.youtube.com/@Plumbing_,False,False,False
Marka ve rakip,vitra,11,VitrA | Rim-ex,VitrA Türkiye,81382,12 yıl önce,0:33,5wtrrlLlAHU,https://www.youtube.com/watch?v=5wtrrlLlAHU,youtube_video,https://www.youtube.com/@VitrAT%C3%BCrkiye,False,True,False
Marka ve rakip,vitra,12,VitrA V-care Ürün Filmi,VitrA Türkiye,15794,9 yıl önce,2:45,U__7jFbvzFU,https://www.youtube.com/watch?v=U__7jFbvzFU,youtube_video,https://www.youtube.com/@VitrAT%C3%BCrkiye,False,True,False
Marka ve rakip,vitra,13,VitrA Sento,VitrA Türkiye,149560,8 yıl önce,1:15,ek1oF0rBihg,https://www.youtube.com/watch?v=ek1oF0rBihg,youtube_video,https://www.youtube.com/@VitrAT%C3%BCrkiye,False,True,False
Marka ve rakip,vitra,14,VitrA | Hayranlık Uyandıran Seramikler,VitrA Türkiye,7136,11 yıl önce,0:23,7IeZ3iYjRVI,https://www.youtube.com/watch?v=7IeZ3iYjRVI,youtube_video,https://www.youtube.com/@VitrAT%C3%BCrkiye,False,True,False
Marka ve rakip,vitra,15,VitrA Minibox,VitrA Bathrooms,10036,11 yıl önce,1:31,rHgOSoN9ye4,https://www.youtube.com/watch?v=rHgOSoN9ye4,youtube_video,https://www.youtube.com/@VitrABathrooms1,False,True,False
Marka ve rakip,vitra,16,VitrA Rimex Klozet Debi Kısıcı Ayarı Nasıl Yapılır?,VitrA Türkiye,271096,1 yıl önce,0:56,BD9RY1cP2do,https://www.youtube.com/watch?v=BD9RY1cP2do,youtube_video,https://www.youtube.com/@VitrAT%C3%BCrkiye,False,True,False
Marka ve rakip,vitra,17,VitrA / Unicera Fuarı / 2020,VitrA Türkiye,10045,6 yıl önce,3:36,-1TPUp3KIQs,https://www.youtube.com/watch?v=-1TPUp3KIQs,youtube_video,https://www.youtube.com/@VitrAT%C3%BCrkiye,False,True,False
Marka ve rakip,artema,1,Artema Engin Günaydın 10 Yıl Garanti Reklamı,BiReklam TV,1920,11 yıl önce,0:49,_11-of253SI,https://www.youtube.com/watch?v=_11-of253SI,youtube_video,https://www.youtube.com/@bireklamtv3566,False,False,False
Marka ve rakip,artema,2,Artema Engin Günaydın Reklam Filmi 2,Banyomoda,78728,13 yıl önce,0:44,Xn3KPrItI5U,https://www.youtube.com/watch?v=Xn3KPrItI5U,youtube_video,https://www.youtube.com/@BanyomodaTr,False,False,False
Marka ve rakip,artema,3,Artema | Reklam Filmi | Eviye Bataryaları 2017,Artema Türkiye,1964148,9 yıl önce,0:22,SM-1uEV70S4,https://www.youtube.com/watch?v=SM-1uEV70S4,youtube_video,https://www.youtube.com/@artema,False,True,False
Marka ve rakip,artema,4,"Artema _ Aç-Kapa _  ""Şener Şen"" Filmleri",Timur Tanyer,227735,10 yıl önce,5:07,qXfTkp4uELM,https://www.youtube.com/watch?v=qXfTkp4uELM,youtube_video,https://www.youtube.com/@TimurTanyer,False,False,False
Marka ve rakip,artema,5,Vitra & Artema  _ 1990 öncesi filmler,Timur Tanyer,3571,5 yıl önce,14:27,C1z9CgbUftg,https://www.youtube.com/watch?v=C1z9CgbUftg,youtube_video,https://www.youtube.com/@TimurTanyer,False,False,False
Marka ve rakip,artema,6,AÇ KAPA ARTEMA,GÖKHAN ALAKUŞ,64418,13 yıl önce,0:33,X1Ll9_-iWzA,https://www.youtube.com/watch?v=X1Ll9_-iWzA,youtube_video,https://www.youtube.com/@rippaaa1,False,False,False
Marka ve rakip,artema,7,Artema Engin Günaydın Reklam Filmi 2,Ali ŞİMŞEK,1545,11 yıl önce,0:44,me56Ag9mHbE,https://www.youtube.com/watch?v=me56Ag9mHbE,youtube_video,https://www.youtube.com/@simsekali08,False,False,False
Marka ve rakip,artema,8,ARTEMA - LITE SABER,Warner Music Japan,89315,12 yıl önce,4:22,IxPusmlOFf8,https://www.youtube.com/watch?v=IxPusmlOFf8,youtube_video,https://www.youtube.com/@warnermusicjapan,True,False,False
Marka ve rakip,artema,9,"Artema Banyo Bataryaları A41937, A41994 ve A42460 Karşılaştırma ve İnceleme",Sosyopat,2275,2 yıl önce,10:41,9m68gTILfOc,https://www.youtube.com/watch?v=9m68gTILfOc,youtube_video,https://www.youtube.com/@sosyopat-tv,False,False,False
Marka ve rakip,artema,10,Artema Tuzlu  Su Testi  Engin Günaydın Reklamı,Ali ŞİMŞEK,2515,11 yıl önce,0:44,uUoYx-wJDwo,https://www.youtube.com/watch?v=uUoYx-wJDwo,youtube_video,https://www.youtube.com/@simsekali08,False,False,False
Marka ve rakip,artema,11,Artema Suit Lavabo ve Banyo Armatürleri,Artema Türkiye,5345,9 yıl önce,1:43,bdNUhyW4rCs,https://www.youtube.com/watch?v=bdNUhyW4rCs,youtube_video,https://www.youtube.com/@artema,False,True,False
Marka ve rakip,artema,12,Artema Aquaheat Termostatik Batarya -  Sıcaklık Sabitleme,Artema Türkiye,20337,7 yıl önce,0:07,smZe2KM-xAg,https://www.youtube.com/watch?v=smZe2KM-xAg,youtube_video,https://www.youtube.com/@artema,False,True,False
Marka ve rakip,artema,13,ARTEMA - Last Sweet Romance PV,RedShift Films,20859,14 yıl önce,4:00,oz6w_LMo7R4,https://www.youtube.com/watch?v=oz6w_LMo7R4,youtube_video,https://www.youtube.com/@rshiftfilms,False,False,False
Marka ve rakip,artema,14,ARTEMA - Dancing Field,Warner Music Japan,361179,13 yıl önce,4:44,fWeZ8f3y3rE,https://www.youtube.com/watch?v=fWeZ8f3y3rE,youtube_video,https://www.youtube.com/@warnermusicjapan,True,False,False
Marka ve rakip,artema,15,VitrA | Artema @ UNICERA,VitrA Türkiye,10875,14 yıl önce,3:14,tZqkdzmksO8,https://www.youtube.com/watch?v=tZqkdzmksO8,youtube_video,https://www.youtube.com/@VitrAT%C3%BCrkiye,False,True,False
Marka ve rakip,artema,16,"Artema Lavabo Bataryaları A41999, A42091, A42103, A42458 ve A42578 Karşılaştırma ve İnceleme",Sosyopat,5439,2 yıl önce,11:26,C4ba5zCwwbI,https://www.youtube.com/watch?v=C4ba5zCwwbI,youtube_video,https://www.youtube.com/@sosyopat-tv,False,False,False
Marka ve rakip,artema,17,ARTEMA - Night Strikers,Warner Music Japan,158072,12 yıl önce,3:39,auKNHoM9T84,https://www.youtube.com/watch?v=auKNHoM9T84,youtube_video,https://www.youtube.com/@warnermusicjapan,True,False,False
Marka ve rakip,artema,18,Artema Engin Günaydın Reklam 3,Banyomoda,44164,13 yıl önce,0:43,8skAOkI47Ig,https://www.youtube.com/watch?v=8skAOkI47Ig,youtube_video,https://www.youtube.com/@BanyomodaTr,False,False,False
Marka ve rakip,vitra v-care,1,Discover the VitrA V-Care Smart Toilet,VitrA Bathrooms,38664,3 yıl önce,2:47,HU5fMJBFouU,https://www.youtube.com/watch?v=HU5fMJBFouU,youtube_video,https://www.youtube.com/@VitrABathrooms1,False,True,False
Marka ve rakip,vitra v-care,2,V-care Akıllı Klozet İncelemesi,ShiftDelete.Net,143959,11 yıl önce,5:30,epyefABb_Yk,https://www.youtube.com/watch?v=epyefABb_Yk,youtube_video,https://www.youtube.com/@ShiftDeleteNet,False,False,False
Marka ve rakip,vitra v-care,3,VitrA V-care Ürün Filmi,VitrA Türkiye,15794,9 yıl önce,2:45,U__7jFbvzFU,https://www.youtube.com/watch?v=U__7jFbvzFU,youtube_video,https://www.youtube.com/@VitrAT%C3%BCrkiye,False,True,False
Marka ve rakip,vitra v-care,4,Vitra V Care Akıllı Klozet Tanıtım,YapıStil,55479,9 yıl önce,8:12,M_jVZSA91Cw,https://www.youtube.com/watch?v=M_jVZSA91Cw,youtube_video,https://www.youtube.com/@yapistil,False,False,False
Marka ve rakip,vitra v-care,5,VitrA V-Care 3 | Flush Performance,VitrA Bathrooms,216,2 ay önce,0:17,-lwhI68DNBI,https://www.youtube.com/watch?v=-lwhI68DNBI,youtube_video,https://www.youtube.com/@VitrABathrooms1,False,True,False
Marka ve rakip,vitra v-care,6,Vitra V-care Akıllı Klozetin montajı nasıl yapılır?,Banyomoda,3676,5 yıl önce,8:11,eKcjAsEmMa4,https://www.youtube.com/watch?v=eKcjAsEmMa4,youtube_video,https://www.youtube.com/@BanyomodaTr,False,False,False
Marka ve rakip,vitra v-care,7,VitrA V-Care Smart Toilet Prime,Banyomoda,1053,5 yıl önce,3:11,Pt5puW-WH6c,https://www.youtube.com/watch?v=Pt5puW-WH6c,youtube_video,https://www.youtube.com/@BanyomodaTr,False,False,False
Marka ve rakip,vitra v-care,8,Total Comfort at Your Fingertips | VitrA V-Care 3 Prime Remote Functions,VitrA Bathrooms,1079,6 ay önce,0:59,34dQTvo5vVI,https://www.youtube.com/watch?v=34dQTvo5vVI,youtube_video,https://www.youtube.com/@VitrABathrooms1,False,True,False
Marka ve rakip,vitra v-care,9,Vitra V-Care smart toilet montajı Vitra akıllı klozet montajı ,fatih gökmen,550,3 ay önce,35:57,bLxIXrCT3AQ,https://www.youtube.com/watch?v=bLxIXrCT3AQ,youtube_video,https://www.youtube.com/@fatihgokmen55,False,False,False
Marka ve rakip,vitra v-care,10,How to install a VitrA V-care,VitrA Bathrooms,30414,10 yıl önce,8:11,XhFQ6BBJA3o,https://www.youtube.com/watch?v=XhFQ6BBJA3o,youtube_video,https://www.youtube.com/@VitrABathrooms1,False,True,False
Marka ve rakip,vitra v-care,11,VitrA V Care 1.1 ontkalkingsprocedure Frissebips,Frisse Bips,4827,6 yıl önce,2:25,HnQaFnaKchs,https://www.youtube.com/watch?v=HnQaFnaKchs,youtube_video,https://www.youtube.com/@frissebips,False,False,False
Marka ve rakip,vitra v-care,12,Vitra V-Care Prime Rimex Smart Wall Hung WC - Tooaleta Shower Toilets,Maro GmbH - Der Dusch-WC-Spezialist,3787,5 yıl önce,3:11,UYpjnecahFs,https://www.youtube.com/watch?v=UYpjnecahFs,youtube_video,https://www.youtube.com/@maro-bidet,False,False,False
Marka ve rakip,vitra v-care,13,VitrA V-care bediening douchewc Frissebips,Frisse Bips,6403,10 yıl önce,2:43,6nwt6Ltz8tk,https://www.youtube.com/watch?v=6nwt6Ltz8tk,youtube_video,https://www.youtube.com/@frissebips,False,False,False
Marka ve rakip,vitra v-care,14,VitrA V-Care Akıllı Klozet | Akıllı Tuvalet Deneyimi,Banyotrendy,216139,9 yıl önce,0:38,E8Dz5MTFIBg,https://www.youtube.com/watch?v=E8Dz5MTFIBg,youtube_video,https://www.youtube.com/@Banyotrendy,False,False,False
Marka ve rakip,vitra v-care,15,How to install a V-Care Comfort Smart Toilet,VitrA Bathrooms,19739,3 yıl önce,6:04,KG5JB7wrp90,https://www.youtube.com/watch?v=KG5JB7wrp90,youtube_video,https://www.youtube.com/@VitrABathrooms1,False,True,False
Marka ve rakip,vitra v-care,16,V-care Asma Klozet Montajı,VitrA Türkiye,135493,11 yıl önce,8:11,d5yXYGxE0u4,https://www.youtube.com/watch?v=d5yXYGxE0u4,youtube_video,https://www.youtube.com/@VitrAT%C3%BCrkiye,False,True,False
Marka ve rakip,vitra v-care,17,VitrA - V-Care,Vitra Georgia,1221,10 yıl önce,0:54,Pu4Q3810qbk,https://www.youtube.com/watch?v=Pu4Q3810qbk,youtube_video,https://www.youtube.com/@vitrageorgia984,False,False,True
Marka ve rakip,vitra v-care,18,VitrA V-Care Akıllı Klozet Prime montajı nasıl yapılır?,Vitra Artema Yetkili Servis Başarı yapı,1564,4 yıl önce,6:09,h4hmPA5q-sc,https://www.youtube.com/watch?v=h4hmPA5q-sc,youtube_video,https://www.youtube.com/@vitraartemayetkiliservisba3966,False,False,True
Marka ve rakip,vitra v-care,19,VitrA’nın akıllı klozeti V-Care,Havas İstanbul,980,4 yıl önce,0:46,VoBhntNjj0c,https://www.youtube.com/watch?v=VoBhntNjj0c,youtube_video,https://www.youtube.com/@havaswwist,False,False,False
Marka ve rakip,vitra v-care,20,V-care Şımartan Klozet,VitrA Türkiye,1642166,11 yıl önce,1:06,dEAtmjFsxrw,https://www.youtube.com/watch?v=dEAtmjFsxrw,youtube_video,https://www.youtube.com/@VitrAT%C3%BCrkiye,False,True,False
Marka ve rakip,vitra akıllı klozet kurulumu,1,Vitra V-Care smart toilet montajı Vitra akıllı klozet montajı ,fatih gökmen,551,3 ay önce,35:57,bLxIXrCT3AQ,https://www.youtube.com/watch?v=bLxIXrCT3AQ,youtube_video,https://www.youtube.com/@fatihgokmen55,False,False,False
Marka ve rakip,vitra akıllı klozet kurulumu,2,Vitra V-care Akıllı Klozetin montajı nasıl yapılır?,Banyomoda,3676,5 yıl önce,8:11,eKcjAsEmMa4,https://www.youtube.com/watch?v=eKcjAsEmMa4,youtube_video,https://www.youtube.com/@BanyomodaTr,False,False,False
Marka ve rakip,vitra akıllı klozet kurulumu,3,VitrA Temassız Asma Klozet montajı,VitrA Türkiye,97281,5 yıl önce,5:13,wmMBKD-GfNE,https://www.youtube.com/watch?v=wmMBKD-GfNE,youtube_video,https://www.youtube.com/@VitrAT%C3%BCrkiye,False,True,False
Marka ve rakip,vitra akıllı klozet kurulumu,4,Vitra V Care Akıllı Klozet Tanıtım,YapıStil,55479,9 yıl önce,8:12,M_jVZSA91Cw,https://www.youtube.com/watch?v=M_jVZSA91Cw,youtube_video,https://www.youtube.com/@yapistil,False,False,False
Marka ve rakip,vitra akıllı klozet kurulumu,5,VitrA V-Care Akıllı Klozet Prime montajı nasıl yapılır?,Vitra Artema Yetkili Servis Başarı yapı,1564,4 yıl önce,6:09,h4hmPA5q-sc,https://www.youtube.com/watch?v=h4hmPA5q-sc,youtube_video,https://www.youtube.com/@vitraartemayetkiliservisba3966,False,False,True
Marka ve rakip,vitra akıllı klozet kurulumu,6,Geberit AquaClean Mera Akıllı klozet montajı,Devrikoğlu Mühendislik BODRUM,75450,8 yıl önce,7:29,1R4xdB_kmYw,https://www.youtube.com/watch?v=1R4xdB_kmYw,youtube_video,https://www.youtube.com/@devrikoglumuhendislikbodru9083,False,False,False
Marka ve rakip,vitra akıllı klozet kurulumu,7,V-care Akıllı Klozet İncelemesi,ShiftDelete.Net,143961,11 yıl önce,5:30,epyefABb_Yk,https://www.youtube.com/watch?v=epyefABb_Yk,youtube_video,https://www.youtube.com/@ShiftDeleteNet,False,False,False
Marka ve rakip,vitra akıllı klozet kurulumu,8,Ege Vitrifiye Duvara Tam Dayalı Klozet Montaj Videosu,Ege Vitrifiye,81980,7 yıl önce,2:35,2SGqFqTa_hg,https://www.youtube.com/watch?v=2SGqFqTa_hg,youtube_video,https://www.youtube.com/@egevitrifiye2674,False,False,False
Marka ve rakip,vitra akıllı klozet kurulumu,9,VitrA Asma Klozet Gizli Montaj (alttan montaj),VitrA Türkiye,68912,8 yıl önce,0:56,ib1Avj6fuOw,https://www.youtube.com/watch?v=ib1Avj6fuOw,youtube_video,https://www.youtube.com/@VitrAT%C3%BCrkiye,False,True,False
Marka ve rakip,vitra akıllı klozet kurulumu,10,VitrA QuantumFlush montajı nasıl yapılır?,VitrA Türkiye,26583,2 yıl önce,2:42,ZyMjTP4kSIw,https://www.youtube.com/watch?v=ZyMjTP4kSIw,youtube_video,https://www.youtube.com/@VitrAT%C3%BCrkiye,False,True,False
Marka ve rakip,vitra akıllı klozet kurulumu,11,VitrA Asma Klozet Gizli Montaj (üstten montaj),VitrA Türkiye,16617,6 yıl önce,1:30,Fqik1Mt0X7s,https://www.youtube.com/watch?v=Fqik1Mt0X7s,youtube_video,https://www.youtube.com/@VitrAT%C3%BCrkiye,False,True,False
Marka ve rakip,vitra akıllı klozet kurulumu,12,VitrA Klozet Kapağı Montajı Nasıl Yapılır? | Hızlı Kurulum,VitrA Türkiye,338524,1 yıl önce,1:10,3rnivNp9ix4,https://www.youtube.com/watch?v=3rnivNp9ix4,youtube_video,https://www.youtube.com/@VitrAT%C3%BCrkiye,False,True,False
Marka ve rakip,vitra akıllı klozet kurulumu,13,Vitra Metropole entegre ara musluklu klozetin montajı nasıl yapılır?,Banyomoda,588,5 yıl önce,2:30,nzVN8onqeR8,https://www.youtube.com/watch?v=nzVN8onqeR8,youtube_video,https://www.youtube.com/@BanyomodaTr,False,False,False
Marka ve rakip,vitra akıllı klozet kurulumu,14,Asma Klozet Montajı,VitrA Türkiye,36184,9 yıl önce,1:04,0Pos6wQJ2L4,https://www.youtube.com/watch?v=0Pos6wQJ2L4,youtube_video,https://www.youtube.com/@VitrAT%C3%BCrkiye,False,True,False
Marka ve rakip,vitra akıllı klozet kurulumu,15,KLOZET MONTAJI NASIL YAPILIR - DETAYLI ANLATIM,Hüseyin Aktaş,601855,7 yıl önce,5:09,-aOZH35q-xA,https://www.youtube.com/watch?v=-aOZH35q-xA,youtube_video,https://www.youtube.com/@huseyinaktas.,False,False,False
Marka ve rakip,vitra akıllı klozet kurulumu,16,VİTRA GÖMME REZERVUAR MONTAJI,Sıhhi Tesisat Ustaları,133805,5 yıl önce,2:50,6495TGVQPR4,https://www.youtube.com/watch?v=6495TGVQPR4,youtube_video,https://www.youtube.com/@sihhitesisatustalar3139,False,False,False
Marka ve rakip,vitra akıllı klozet kurulumu,17,KURULUM MONTAJ VIDEOSU,Akıllı Klozet,34730,12 yıl önce,4:55,C2f8KZcNuzQ,https://www.youtube.com/watch?v=C2f8KZcNuzQ,youtube_video,https://www.youtube.com/@akllklozet3294,False,False,False
Marka ve rakip,vitra akıllı klozet kurulumu,18,"vitra norm klozet montajı-klozet montajı-detaylı anlatım(iç takım,köruk,klozet kapağı)",Hamdi Ertürk,73035,6 yıl önce,26:54,_8fynBQNhEI,https://www.youtube.com/watch?v=_8fynBQNhEI,youtube_video,https://www.youtube.com/@Hamdierturk,False,False,False
Marka ve rakip,vitra akıllı klozet kurulumu,19,VitrA V-Fix Prime 8 cm Gömme Rezervuar montajı nasıl yapılır? – Tuğla duvar,VitrA Türkiye,315510,5 yıl önce,7:16,2mzVnoBKXh4,https://www.youtube.com/watch?v=2mzVnoBKXh4,youtube_video,https://www.youtube.com/@VitrAT%C3%BCrkiye,False,True,False
Marka ve rakip,kale banyo,1,Hayat İçin Kale | Kale Banyo ve Yaşam Alanları Reklamı,Banyotrendy,352,10 yıl önce,1:14,qrRwPMsRFWM,https://www.youtube.com/watch?v=qrRwPMsRFWM,youtube_video,https://www.youtube.com/@Banyotrendy,False,False,False
Marka ve rakip,kale banyo,2,Kale Banyo Dolabı Fabrikası | Üretim Gücü ve Marka Tanıtımı,Banyotrendy,2673,7 yıl önce,3:22,I4S7GhqPIIw,https://www.youtube.com/watch?v=I4S7GhqPIIw,youtube_video,https://www.youtube.com/@Banyotrendy,False,False,False
Marka ve rakip,kale banyo,3,Kale Banyo | Kale Grubu TV Reklam Filmi,Kale Banyo,34775,14 yıl önce,0:37,WQSDE7YeMYU,https://www.youtube.com/watch?v=WQSDE7YeMYU,youtube_video,https://www.youtube.com/@KaleVideo,False,False,False
Marka ve rakip,kale banyo,4,Kale Banyo | Hayalimdeki Banyo,Kale Banyo,527956,11 yıl önce,0:36,wE15o_07qyo,https://www.youtube.com/watch?v=wE15o_07qyo,youtube_video,https://www.youtube.com/@KaleVideo,False,False,False
Marka ve rakip,kale banyo,5,Melis Birkan’ın Evinin Banyoları Kale’nin Modern Dokunuşlarıyla Yenilendi,Kale Banyo,78543,10 ay önce,1:08,Fqll76zb72w,https://www.youtube.com/watch?v=Fqll76zb72w,youtube_video,https://www.youtube.com/@KaleVideo,False,False,False
Marka ve rakip,kale banyo,6,"Doğa Rutkay, doğanın tüm detaylarını yansıtan Kale ürünleri ile banyosunu yeniden tasarladı!",Kale Banyo,550,2 yıl önce,1:09,eyFIedPi3NU,https://www.youtube.com/watch?v=eyFIedPi3NU,youtube_video,https://www.youtube.com/@KaleVideo,False,False,False
Marka ve rakip,kale banyo,7,Kerem Bürsin’in evinin banyo ve mutfağı Kale markalarına emanet.,Kale Banyo,1556,2 yıl önce,1:01,ZXyQsO4-eqM,https://www.youtube.com/watch?v=ZXyQsO4-eqM,youtube_video,https://www.youtube.com/@KaleVideo,False,False,False
Marka ve rakip,kale banyo,8,Kale Banyo | Kale Smart Yıkama Klozetin Özellikleri ve Avantajları Nelerdir?,Kale Banyo,6983,12 yıl önce,0:55,AbSZ9d1gYR0,https://www.youtube.com/watch?v=AbSZ9d1gYR0,youtube_video,https://www.youtube.com/@KaleVideo,False,False,False
Marka ve rakip,kale banyo,9,"Hakan Kütahya x Kale Banyo, T-One & Kalebodur",T-One,12457,5 yıl önce,0:59,nnUJnp6NYek,https://www.youtube.com/watch?v=nnUJnp6NYek,youtube_video,https://www.youtube.com/@TOnebyKale,False,False,False
Marka ve rakip,kale banyo,10,Kale Banyo Boy Dolapları artık 170 cm!,Kale Banyo,925,7 yıl önce,0:20,a53VXSpKG40,https://www.youtube.com/watch?v=a53VXSpKG40,youtube_video,https://www.youtube.com/@KaleVideo,False,False,False
Marka ve rakip,kale banyo,11,Kale Banyo | Kale Çalışanlarından Happy Dansı,Kale Banyo,20818,11 yıl önce,4:47,HZiIC45brWk,https://www.youtube.com/watch?v=HZiIC45brWk,youtube_video,https://www.youtube.com/@KaleVideo,False,False,False
Marka ve rakip,kale banyo,12,Kale Banyo Unicera 2014,Modiki,59,8 yıl önce,1:50,9uM19uOSX0M,https://www.youtube.com/watch?v=9uM19uOSX0M,youtube_video,https://www.youtube.com/@Modikitube,False,False,False
Marka ve rakip,kale banyo,13,"Doğa Rutkay, hayal ettiği banyoya Kale ürünleriyle sahip oldu.",Kale Banyo,354,2 yıl önce,1:11,8VKkAaiieno,https://www.youtube.com/watch?v=8VKkAaiieno,youtube_video,https://www.youtube.com/@KaleVideo,False,False,False
Marka ve rakip,kale banyo,14,Kale Banyo Mobilya Fabrikası - Bandırma,Kale Banyo,1805,7 yıl önce,3:22,EmjV-0m1x_I,https://www.youtube.com/watch?v=EmjV-0m1x_I,youtube_video,https://www.youtube.com/@KaleVideo,False,False,False
Marka ve rakip,kale banyo,15,Hayatı Kolaylaştıran Banyo Mobilyaları Kale'de!,Çanakkale Seramik,914,8 yıl önce,0:07,MN22Q1l-mag,https://www.youtube.com/watch?v=MN22Q1l-mag,youtube_video,https://www.youtube.com/@CanakkaleSrmk,False,False,False
Marka ve rakip,kale banyo,16,Kale Banyo | Kale 2014,Kale Banyo,767,12 yıl önce,2:43,0dCmnm4OXos,https://www.youtube.com/watch?v=0dCmnm4OXos,youtube_video,https://www.youtube.com/@KaleVideo,False,False,False
Marka ve rakip,kale banyo,17,UNICERA 2019 Fuarı | Kale Banyo,Kale Banyo,545,7 yıl önce,1:01,HuOi0La_Udo,https://www.youtube.com/watch?v=HuOi0La_Udo,youtube_video,https://www.youtube.com/@KaleVideo,False,False,False
Marka ve rakip,kale banyo,18,Arte Serisi | Kale Banyo,Kale Banyo,1085,9 yıl önce,0:24,SDNDpn76Pvk,https://www.youtube.com/watch?v=SDNDpn76Pvk,youtube_video,https://www.youtube.com/@KaleVideo,False,False,False
Marka ve rakip,creavit klozet,1,Creavit WQ Akıllı Klozet,Creavit,209421,4 yıl önce,1:30,SU2lf1bxSm4,https://www.youtube.com/watch?v=SU2lf1bxSm4,youtube_video,https://www.youtube.com/@Creavit-j2s,False,False,False
Marka ve rakip,creavit klozet,2,Creavit   Combined Bidet Toilets,Creavit Global,18091,6 yıl önce,1:27,M9U6ks2G9d0,https://www.youtube.com/watch?v=M9U6ks2G9d0,youtube_video,https://www.youtube.com/@creavitglobal,False,False,False
Marka ve rakip,creavit klozet,3,Creavit-Asma Klozetler,Creavit,1951,2 yıl önce,1:00,ULiAnLqf65U,https://www.youtube.com/watch?v=ULiAnLqf65U,youtube_video,https://www.youtube.com/@Creavit-j2s,False,False,False
Marka ve rakip,creavit klozet,4,creavit elegant rim-out klozet,Trak Yapı Market,279,1 yıl önce,0:31,0UXH6PdbYPI,https://www.youtube.com/watch?v=0UXH6PdbYPI,youtube_video,https://www.youtube.com/@TrakYapMarket,False,False,False
Marka ve rakip,creavit klozet,5,Creavit Amortisörlü Klozet Kapak Montaj Filmi,Creavit,25266,11 yıl önce,1:25,1q3xGKHxeO4,https://www.youtube.com/watch?v=1q3xGKHxeO4,youtube_video,https://www.youtube.com/@Creavit-j2s,False,False,False
Marka ve rakip,creavit klozet,6,Creavit klozetlerde rezervuar iç takım seti montajı nasıl yapılır ?,dekovincom,40975,6 yıl önce,1:58,2YtrGqAzYq8,https://www.youtube.com/watch?v=2YtrGqAzYq8,youtube_video,https://www.youtube.com/@dekovin,False,False,False
Marka ve rakip,creavit klozet,7,Creavit | Rim-Off,Creavit,150960,3 yıl önce,1:22,73SCEeZUlsg,https://www.youtube.com/watch?v=73SCEeZUlsg,youtube_video,https://www.youtube.com/@Creavit-j2s,False,False,False
Marka ve rakip,creavit klozet,8,Creavit klozetlerde Tak-Çıkar Klozet Kapağı montajı nasıl yapılır ?,dekovincom,112832,6 yıl önce,0:58,NAWhPEcbcYM,https://www.youtube.com/watch?v=NAWhPEcbcYM,youtube_video,https://www.youtube.com/@dekovin,False,False,False
Marka ve rakip,creavit klozet,9,Creavit Kanalsız (Rim-OFF) Klozetler ve Özellikleri,dekovincom,22869,6 yıl önce,2:16,e0ABIYGR6b4,https://www.youtube.com/watch?v=e0ABIYGR6b4,youtube_video,https://www.youtube.com/@dekovin,False,False,False
Marka ve rakip,creavit klozet,10,Creavit Elegant Klozet 3D Animasyon Tanıtım Filmi | Pixel Fabrikası,Pixel Fabrikası,2313,3 yıl önce,0:38,KQCaCeqdSXE,https://www.youtube.com/watch?v=KQCaCeqdSXE,youtube_video,https://www.youtube.com/@PixelFabrikas%C4%B1,False,False,False
Marka ve rakip,creavit klozet,11,Creavit Asma Klozet,Creavit,2063,7 yıl önce,0:25,4aBQpdn_GgI,https://www.youtube.com/watch?v=4aBQpdn_GgI,youtube_video,https://www.youtube.com/@Creavit-j2s,False,False,False
Marka ve rakip,creavit klozet,12,Монтаж подвесного безободкового унитаза Creavit Elegant,Creavit TV,909,2 yıl önce,1:27,G6N3W_ssXlw,https://www.youtube.com/watch?v=G6N3W_ssXlw,youtube_video,https://www.youtube.com/@CreavitTV,False,False,False
Marka ve rakip,creavit klozet,13,Creavit Entegre Taharet Musluğu,banyoistanbul,335,6 yıl önce,0:25,RUuycheSZ4M,https://www.youtube.com/watch?v=RUuycheSZ4M,youtube_video,https://www.youtube.com/@banyoistanbul1173,False,False,False
Marka ve rakip,creavit klozet,14,Creavit Soft Closing Pan Cover,Creavit,118699,6 yıl önce,0:20,P4rHWn20F9U,https://www.youtube.com/watch?v=P4rHWn20F9U,youtube_video,https://www.youtube.com/@creavit288,False,False,False
Marka ve rakip,creavit klozet,15,Creavit Tak-Çıkar Kapak,Creavit,15516,7 yıl önce,0:25,G20aSDB-i6k,https://www.youtube.com/watch?v=G20aSDB-i6k,youtube_video,https://www.youtube.com/@Creavit-j2s,False,False,False
Marka ve rakip,creavit klozet,16,Creavit Pluggable Pan Cover,Creavit Global,1484,6 yıl önce,0:25,sFfarUjSQ_E,https://www.youtube.com/watch?v=sFfarUjSQ_E,youtube_video,https://www.youtube.com/@creavitglobal,False,False,False
Marka ve rakip,creavit klozet,17,Creavit Entegre Taharet Musluklu Klozet Montaji Nasıl Yapılır ?,dekovincom,5134,6 yıl önce,1:57,abwo-dAoDBg,https://www.youtube.com/watch?v=abwo-dAoDBg,youtube_video,https://www.youtube.com/@dekovin,False,False,False
Marka ve rakip,creavit klozet,18,Gömme Rezervuar Grubu Tanıtım,Creavit,776,4 yıl önce,4:42,ogInRpR_qUw,https://www.youtube.com/watch?v=ogInRpR_qUw,youtube_video,https://www.youtube.com/@Creavit-j2s,False,False,False
Marka ve rakip,creavit klozet,19,Унитаз подвесной безободковый Creavit Elegant,Sergii Odynokov,2448,6 yıl önce,0:59,BusNVHuvEZw,https://www.youtube.com/watch?v=BusNVHuvEZw,youtube_video,https://www.youtube.com/@sergiiodynokov1671,False,False,False
Marka ve rakip,creavit klozet,20,Creavit Stop Valve Installation For Back to Wall Pan,Creavit Global,14492,5 yıl önce,4:53,RQaUDi5IG9M,https://www.youtube.com/watch?v=RQaUDi5IG9M,youtube_video,https://www.youtube.com/@creavitglobal,False,False,False
Marka ve rakip,serel klozet,1,Serel mark asma klozet gömme rezervuar detaylı anlatım montaj ,sıhhi tesisatçı yalçın usta,848,4 ay önce,4:53,mqGUYaerYBg,https://www.youtube.com/watch?v=mqGUYaerYBg,youtube_video,https://www.youtube.com/@shhitesisatcyalcnusta4074,False,False,False
Marka ve rakip,serel klozet,2,SEREL Gömme Rezervuar,SEREL,2488,6 yıl önce,1:32,ZnzlXYvanSI,https://www.youtube.com/watch?v=ZnzlXYvanSI,youtube_video,https://www.youtube.com/@SerelseramikTrKurumsal,False,False,False
Marka ve rakip,serel klozet,3,SEREL  Hygiene Plus,SEREL,3369,11 yıl önce,0:43,oQkc3c8smN4,https://www.youtube.com/watch?v=oQkc3c8smN4,youtube_video,https://www.youtube.com/@SerelseramikTrKurumsal,False,False,False
Marka ve rakip,serel klozet,4,Baştan Sona Rezervuarlı Klozet Montajı Nasıl Yapılır? TADİLAT 11.Bölüm | #ECA #SEREL E #ÖNERİ,Erdem Fidan (ErdmFidan),547762,6 yıl önce,12:26,IKACq0lXBOQ,https://www.youtube.com/watch?v=IKACq0lXBOQ,youtube_video,https://www.youtube.com/@ErdemFidan,False,False,False
Marka ve rakip,serel klozet,5,Hayatı Kolaylaştıran Parlak Fikirler: SEREL EASYWASH KLOZET,SEREL,725878,9 yıl önce,0:33,F_IVP-JjKjw,https://www.youtube.com/watch?v=F_IVP-JjKjw,youtube_video,https://www.youtube.com/@SerelseramikTrKurumsal,False,False,False
Marka ve rakip,serel klozet,6,Serel Gömme Sifon Rezervuar Su Kaçırma Sorunu ve Tamiri - Su Faturası Yüksek Geldiyse...,ahcomak,322328,2 yıl önce,7:50,DvhsVTEjPBk,https://www.youtube.com/watch?v=DvhsVTEjPBk,youtube_video,https://www.youtube.com/@ahcomak,False,False,False
Marka ve rakip,serel klozet,7,SEREL Purewash,SEREL,1831,7 yıl önce,0:46,QyHhBbSD__M,https://www.youtube.com/watch?v=QyHhBbSD__M,youtube_video,https://www.youtube.com/@SerelseramikTrKurumsal,False,False,False
Marka ve rakip,serel klozet,8,ECA Serel ile Temizlikte Yeni Dönem 🚿 | Kolay Temizlik Teknolojisi,Banyotrendy,3991,12 yıl önce,0:44,D5BUqAz2LiY,https://www.youtube.com/watch?v=D5BUqAz2LiY,youtube_video,https://www.youtube.com/@Banyotrendy,False,False,False
Marka ve rakip,serel klozet,9,SEREL Easywash,SEREL,9194,7 yıl önce,1:09,mmiwh8TS4MI,https://www.youtube.com/watch?v=mmiwh8TS4MI,youtube_video,https://www.youtube.com/@SerelseramikTrKurumsal,False,False,False
Marka ve rakip,serel klozet,10,"Hijyen, konfor ve ekonomi hep bir arada... | E.C.A. SEREL",E.C.A.,690,10 yıl önce,1:26,JuPHMGhd0Dw,https://www.youtube.com/watch?v=JuPHMGhd0Dw,youtube_video,https://www.youtube.com/@EcaTrKurumsal,False,False,False
Marka ve rakip,serel klozet,11,SEREL GÖMME REZERVUAR KUMANDA PANEL MONTAJI,METES TEKNİK,46214,5 yıl önce,4:39,Za5xiAFUceo,https://www.youtube.com/watch?v=Za5xiAFUceo,youtube_video,https://www.youtube.com/@metesteknik8170,False,False,False
Marka ve rakip,serel klozet,12,E.C.A. - SEREL Unicera Exhibition 2013,SEREL,2654,10 yıl önce,2:17,YOlDbnpDEC0,https://www.youtube.com/watch?v=YOlDbnpDEC0,youtube_video,https://www.youtube.com/@SerelseramikTrKurumsal,False,False,False
Marka ve rakip,serel klozet,13,Hayatı Kolaylaştıran Parlak Fikirler: SEREL HYGIENE PLUS,SEREL,640995,9 yıl önce,0:33,nhKGr5yzi_o,https://www.youtube.com/watch?v=nhKGr5yzi_o,youtube_video,https://www.youtube.com/@SerelseramikTrKurumsal,False,False,False
Marka ve rakip,serel klozet,14,CeraStyle Asma Klozet Gizli Montajı,Turkuaz Seramik,51085,3 yıl önce,2:28,WOOWp_h9_Qo,https://www.youtube.com/watch?v=WOOWp_h9_Qo,youtube_video,https://www.youtube.com/@TurkuazSeramikofficial,False,False,False
Marka ve rakip,serel klozet,15,SEREL GÖMME REZERVUAR TAMİRİ | SU KAÇAĞI VE İÇ TAKIM DEĞİŞİMİ (USTA ANLATIMI #ECA ,Kılıç Tadilat,1946,5 ay önce,4:10,2O0Cpm947RI,https://www.youtube.com/watch?v=2O0Cpm947RI,youtube_video,https://www.youtube.com/@klctadilat572,False,False,False
Marka ve rakip,serel klozet,16,ECA SEREL 2019  CNR İSTANBUL FUAR,Mete ÖZHERSEK,455,7 yıl önce,9:25,HgjuR18Ddjw,https://www.youtube.com/watch?v=HgjuR18Ddjw,youtube_video,https://www.youtube.com/@meteozhersek,False,False,False
Marka ve rakip,serel klozet,17,SEREL GÖMME REZERVUAR MONTAJI NASIL YAPILIR,GeneLMekanik,21607,6 yıl önce,1:31,7KG3I7EQLzo,https://www.youtube.com/watch?v=7KG3I7EQLzo,youtube_video,https://www.youtube.com/@genelmekanik,False,False,False
Marka ve rakip,serel klozet,18,Öğren ve Öğret serel Gömme kilozet montajı nasıl yapılır.detaylı anlatmalı ve uygulamalı,Guven Karakiz,9080,3 yıl önce,21:24,8Y6BtXbP_zY,https://www.youtube.com/watch?v=8Y6BtXbP_zY,youtube_video,https://www.youtube.com/@guvenkarakiz9796,False,False,False
Marka ve rakip,serel klozet,19,ECA Serel hijyen klozet kapak menteşe amortisör değişimi,Evden Dersler,3004,9 ay önce,4:08,x0xid4Rcm9c,https://www.youtube.com/watch?v=x0xid4Rcm9c,youtube_video,https://www.youtube.com/@evdendersler,False,False,False
Marka ve rakip,serel klozet,20,Serel Hygiene Plus,SEREL,753,7 yıl önce,0:49,ANuLKtF_ObU,https://www.youtube.com/watch?v=ANuLKtF_ObU,youtube_video,https://www.youtube.com/@SerelseramikTrKurumsal,False,False,False
Marka ve rakip,eca batarya,1,E.C.A mutfak bataryası montajı detaylı anlatım baştan sona ,sıhhi tesisatçı yalçın usta,4108,5 ay önce,8:32,9tY8JIGKNI0,https://www.youtube.com/watch?v=9tY8JIGKNI0,youtube_video,https://www.youtube.com/@shhitesisatcyalcnusta4074,False,False,False
Marka ve rakip,eca batarya,2,ECA Niobe Serisi- Banyonu değiştirmek istiyorsan kesinlikle izlemelisin!!,FİXİR,12491,3 yıl önce,1:44,wfritKBWfKY,https://www.youtube.com/watch?v=wfritKBWfKY,youtube_video,https://www.youtube.com/@fixirnet,False,False,False
Marka ve rakip,eca batarya,3,E.C.A. | EasyTouch | Batarya,E.C.A.,906,5 yıl önce,0:43,9jVLDYvBauc,https://www.youtube.com/watch?v=9jVLDYvBauc,youtube_video,https://www.youtube.com/@EcaTrKurumsal,False,False,False
Marka ve rakip,eca batarya,4,E C A  Tiera Lavabo Bataryası Kumandalı Montaj Videosu   TR,E.C.A.,23854,3 yıl önce,3:27,Jeb53xZKMFY,https://www.youtube.com/watch?v=Jeb53xZKMFY,youtube_video,https://www.youtube.com/@EcaTrKurumsal,False,False,False
Marka ve rakip,eca batarya,5,E C A  FOTOSELLİ BATARYA TANITIM FLİMİ,Netzemin Online Mağazacılık,1025,11 yıl önce,3:44,8WBE_JAjyDI,https://www.youtube.com/watch?v=8WBE_JAjyDI,youtube_video,https://www.youtube.com/@netzeminonlinemagazaclk3338,False,False,False
Marka ve rakip,eca batarya,6,AÇ-KAPA MUSLUK KARTUŞ DEĞİŞİMİ (faucet cartridge replacement) 250123,yavrika,134653,3 yıl önce,7:55,ePGhLtHvVB0,https://www.youtube.com/watch?v=ePGhLtHvVB0,youtube_video,https://www.youtube.com/@yavrika,False,False,False
Marka ve rakip,eca batarya,7,E.C.A. | Royal Armatür,E.C.A.,11461,4 yıl önce,1:16,rv0Ieg_7iBM,https://www.youtube.com/watch?v=rv0Ieg_7iBM,youtube_video,https://www.youtube.com/@EcaTrKurumsal,False,False,False
Marka ve rakip,eca batarya,8,Eca Dalia Banyo Bataryası,AL Nalburiye,1325,4 yıl önce,1:01,rSqK2tjSVGI,https://www.youtube.com/watch?v=rSqK2tjSVGI,youtube_video,https://www.youtube.com/@alcomtr,False,False,False
Marka ve rakip,eca batarya,9,ECA Novita Serisi | Zamansız Batarya ve Armatür Tasarımı,Banyotrendy,4638,12 yıl önce,0:24,nm8trovwraM,https://www.youtube.com/watch?v=nm8trovwraM,youtube_video,https://www.youtube.com/@Banyotrendy,False,False,False
Marka ve rakip,eca batarya,10,E C A  Life Termostatik  On Off Ankastre Banyo Bataryası Montaj Videosu,E.C.A.,1967,7 ay önce,5:11,QobhZG4FquM,https://www.youtube.com/watch?v=QobhZG4FquM,youtube_video,https://www.youtube.com/@EcaTrKurumsal,False,False,False
Marka ve rakip,eca batarya,11,E.C.A.  | Tiera | Lavabo Batarya,E.C.A.,8219,5 yıl önce,1:01,7qOb9g5HX5A,https://www.youtube.com/watch?v=7qOb9g5HX5A,youtube_video,https://www.youtube.com/@EcaTrKurumsal,False,False,False
Marka ve rakip,eca batarya,12,ECA Dual Flow Arıtma Su Girişli Eviye Bataryası Montajı,Banyotrendy,2605,4 ay önce,2:00,62pXG3QpM2s,https://www.youtube.com/watch?v=62pXG3QpM2s,youtube_video,https://www.youtube.com/@Banyotrendy,False,False,False
Marka ve rakip,eca batarya,13,ECA Electra Batarya,Netzemin.net,2229,12 yıl önce,0:36,fSJ_VQzxY7o,https://www.youtube.com/watch?v=fSJ_VQzxY7o,youtube_video,https://www.youtube.com/@Netzeminnet,False,False,False
Marka ve rakip,eca batarya,14,ECA Life Termostatik On Off Ankastre Batarya Montajı,Banyotrendy,245,4 ay önce,4:27,25g3M1ftCts,https://www.youtube.com/watch?v=25g3M1ftCts,youtube_video,https://www.youtube.com/@Banyotrendy,False,False,False
Marka ve rakip,eca batarya,15,E.C.A. | Tasarımlarıyla Fark Yaratıyor!,E.C.A.,2989,8 yıl önce,0:36,fOBBZR2D3Ng,https://www.youtube.com/watch?v=fOBBZR2D3Ng,youtube_video,https://www.youtube.com/@EcaTrKurumsal,False,False,False
Marka ve rakip,eca batarya,16,ECA Termostatik Duş Bataryası ve Duş Kolonu Montajı Nasıl Yapılır? | Adım Adım Kurulum,Banyotrendy,2361,4 ay önce,3:19,x0H8KTtKFJY,https://www.youtube.com/watch?v=x0H8KTtKFJY,youtube_video,https://www.youtube.com/@Banyotrendy,False,False,False
Marka ve rakip,eca batarya,17,ECA Spiralli Mutfak Eviye Bataryaları Nasıl Takılır?,Banyotrendy,3264,4 ay önce,1:59,6TPcZUGpU-I,https://www.youtube.com/watch?v=6TPcZUGpU-I,youtube_video,https://www.youtube.com/@Banyotrendy,False,False,False
Marka ve rakip,eca batarya,18,ECA Ankastre Lavabo Bataryası Montajı 🚰 #eca #ankastre #lavabo,Banyotrendy,457,4 ay önce,3:31,4oIbqEBwIDY,https://www.youtube.com/watch?v=4oIbqEBwIDY,youtube_video,https://www.youtube.com/@Banyotrendy,False,False,False
Marka ve rakip,eca batarya,19,ÜST BORUDAN SU SIZDIRAN BATARYA TAMİRİ. MUSLUK SU SIZDIRIYOR NE YAPMALI. LAVABO BATARYA,Taner Aydın,84870,3 yıl önce,8:27,_GPC_XTb-SQ,https://www.youtube.com/watch?v=_GPC_XTb-SQ,youtube_video,https://www.youtube.com/@Taner-Ayd%C4%B1n,False,False,False
Marka ve rakip,eca batarya,20,ECA LAVABO BATARYA TAMİRİ kartuş değişimi kısa versiyon,fatih gökmen,9724,2 yıl önce,15:37,v70TR4_8Ihw,https://www.youtube.com/watch?v=v70TR4_8Ihw,youtube_video,https://www.youtube.com/@fatihgokmen55,False,False,False
Marka ve rakip,grohe batarya,1,GROHE BANYO BATARYASI MONTAJI Bath Mixer Installation,Tesisat Servisim,89821,5 yıl önce,3:30,5HZkJfASrx0,https://www.youtube.com/watch?v=5HZkJfASrx0,youtube_video,https://www.youtube.com/@tesisatservisim,False,False,False
Marka ve rakip,grohe batarya,2,GROHE Basin Mixer Faucet ! How to replace flexible hose,FixitCrew,137133,2 yıl önce,6:19,rW5YdNP9n6w,https://www.youtube.com/watch?v=rW5YdNP9n6w,youtube_video,https://www.youtube.com/@fixitcrew,False,False,False
Marka ve rakip,grohe batarya,3,GROHE - Armatürünüzün Pilini Nasıl Kontrol Edebilirsiniz?,Banyomarka,316,5 yıl önce,0:47,3-2EqId7y1A,https://www.youtube.com/watch?v=3-2EqId7y1A,youtube_video,https://www.youtube.com/@BanyomarkaCom,False,False,False
Marka ve rakip,grohe batarya,4,GROHE Eviye Bataryası Nasıl Takılır? | Mutfak Bataryası Montajı,Banyotrendy,1313,4 ay önce,2:47,nCHgOf4vLtw,https://www.youtube.com/watch?v=nCHgOf4vLtw,youtube_video,https://www.youtube.com/@Banyotrendy,False,False,False
Marka ve rakip,grohe batarya,5,Grohe Minta Touch C Eviye Bataryası | Dokunmatik Mutfak Bataryası,Banyotrendy,916,10 yıl önce,1:32,NpDvUswNx5M,https://www.youtube.com/watch?v=NpDvUswNx5M,youtube_video,https://www.youtube.com/@Banyotrendy,False,False,False
Marka ve rakip,grohe batarya,6,GROHE SmartControl - Grohe Essence SmartControl Spiralli Eviye Bataryası,Banyomarka,3134,4 yıl önce,1:17,MxdCVsoUr8A,https://www.youtube.com/watch?v=MxdCVsoUr8A,youtube_video,https://www.youtube.com/@BanyomarkaCom,False,False,False
Marka ve rakip,grohe batarya,7,Introduction of GROHE Ceramics,GROHE,27251,8 yıl önce,0:42,SS7Lw_VQ1gU,https://www.youtube.com/watch?v=SS7Lw_VQ1gU,youtube_video,https://www.youtube.com/@GROHE,False,False,False
Marka ve rakip,grohe batarya,8,grohe rapido smartbox smartcontrol montaj videosu,MEKANİKER,8228,7 yıl önce,6:45,qBJC15k77bE,https://www.youtube.com/watch?v=qBJC15k77bE,youtube_video,https://www.youtube.com/@mekaniker5328,False,False,False
Marka ve rakip,grohe batarya,9,GROHE | Grohtherm 2-Handle Thermostatic Trim System Operation | Installation Video,GROHE America,141117,6 yıl önce,0:45,Z9Aw3382s3s,https://www.youtube.com/watch?v=Z9Aw3382s3s,youtube_video,https://www.youtube.com/@GroheAmerica,False,False,False
Marka ve rakip,grohe batarya,10,Grohe Lavabo Bataryası,Yütaş Yapı Ürünleri Tic.A.Ş.,1019,5 yıl önce,1:19,aH18uHknV4s,https://www.youtube.com/watch?v=aH18uHknV4s,youtube_video,https://www.youtube.com/@yutasyapurunleritic.a.s.5401,False,False,False
Marka ve rakip,grohe batarya,11,GROHE Eurosmart - easy and functional,GROHE,7386,5 yıl önce,1:24,S0A1D_BlSjU,https://www.youtube.com/watch?v=S0A1D_BlSjU,youtube_video,https://www.youtube.com/@GROHE,False,False,False
Marka ve rakip,grohe batarya,12,How To – Calibrate the GROHE thermostat and why?,GROHE,26050,3 yıl önce,1:08,I1_5tb0ZF4I,https://www.youtube.com/watch?v=I1_5tb0ZF4I,youtube_video,https://www.youtube.com/@GROHE,False,False,False
Marka ve rakip,grohe batarya,13,GROHE Ecojoy - sustainable technology,GROHE,12530,5 yıl önce,0:35,IzqRmv0rKbU,https://www.youtube.com/watch?v=IzqRmv0rKbU,youtube_video,https://www.youtube.com/@GROHE,False,False,False
Marka ve rakip,grohe batarya,14,GROHE SmartControl Mükemmel Duş Setleri - Gizli Teknolojinin Gizli Avantajları,Banyomarka,2389,5 yıl önce,1:38,h4t_0fSTI18,https://www.youtube.com/watch?v=h4t_0fSTI18,youtube_video,https://www.youtube.com/@BanyomarkaCom,False,False,False
Marka ve rakip,grohe batarya,15,Grohe ibox montajı,Professional Baku,103698,5 yıl önce,3:11,G5nbcyDeBX0,https://www.youtube.com/watch?v=G5nbcyDeBX0,youtube_video,https://www.youtube.com/@ProfessionalBaku,False,False,False
Marka ve rakip,grohe batarya,16,Grohe Wave Yeni Lavabo Bataryası 23581001,Yütaş Yapı Ürünleri Tic.A.Ş.,1526,8 yıl önce,1:37,w9A_SsZDWQU,https://www.youtube.com/watch?v=w9A_SsZDWQU,youtube_video,https://www.youtube.com/@yutasyapurunleritic.a.s.5401,False,False,False
Marka ve rakip,grohe batarya,17,"GROHE Essence - Iconic Design, Powerful Features",GROHE,14196,3 yıl önce,1:29,6fCEuqDPeh8,https://www.youtube.com/watch?v=6fCEuqDPeh8,youtube_video,https://www.youtube.com/@GROHE,False,False,False
Marka ve rakip,grohe batarya,18,How To Install A Pop-Up Basin Waste | Faucet / Tap Installation - Part #2 (GROHE 23445000) | XDIY,XDIY with Itzik,24253,4 yıl önce,4:13,TrafRb9xlkc,https://www.youtube.com/watch?v=TrafRb9xlkc,youtube_video,https://www.youtube.com/@XDIY,False,False,False
Marka ve rakip,grohe batarya,19,Grohe ankastre duş bataryası,Turan Kına,3290,6 yıl önce,0:43,p3I8RXT9CIk,https://www.youtube.com/watch?v=p3I8RXT9CIk,youtube_video,https://www.youtube.com/@turankina,False,False,False
Marka ve rakip,grohe batarya,20,GROHE ESSENCE KOLAY MONTE EDİLEBİLEN ŞIK LAVABO BATARYASI,MORMİ YAPI ÜRÜNLERİ ,469,4 yıl önce,1:55,BjCMojMIkPA,https://www.youtube.com/watch?v=BjCMojMIkPA,youtube_video,https://www.youtube.com/@mormiyapiurunleri9101,False,False,False
Marka ve rakip,geberit gömme rezervuar,1,Geberit Gömme Rezervuar Montajı Sigma 8CM Kombifix,YapıStil,76985,9 yıl önce,3:50,rP-Kl43894I,https://www.youtube.com/watch?v=rP-Kl43894I,youtube_video,https://www.youtube.com/@yapistil,False,False,False
Marka ve rakip,geberit gömme rezervuar,2,Geberit Sigma Duofix Gömme Rezervuar Kurulumu,Yapılır,1446,6 yıl önce,4:19,zVwKlpyPUII,https://www.youtube.com/watch?v=zVwKlpyPUII,youtube_video,https://www.youtube.com/@yapilir461,False,False,False
Marka ve rakip,geberit gömme rezervuar,3,Geberit AquaClean Mera Akıllı klozet montajı,Devrikoğlu Mühendislik BODRUM,75450,8 yıl önce,7:29,1R4xdB_kmYw,https://www.youtube.com/watch?v=1R4xdB_kmYw,youtube_video,https://www.youtube.com/@devrikoglumuhendislikbodru9083,False,False,False
Marka ve rakip,geberit gömme rezervuar,4,Geberit Gömme Rezervuar Seti Kampanyası - YapıMarka,Yapı Marka,2188,3 yıl önce,0:16,sSJ2s55V1oQ,https://www.youtube.com/watch?v=sSJ2s55V1oQ,youtube_video,https://www.youtube.com/@yapmarka389,False,False,False
Marka ve rakip,geberit gömme rezervuar,5,Geberit Duofix Sigma 8cm Alçıpan Duvar / Montaj,Banyocity,1047,6 yıl önce,4:18,yIjm-gVvbMc,https://www.youtube.com/watch?v=yIjm-gVvbMc,youtube_video,https://www.youtube.com/@banyocity,False,False,False
Marka ve rakip,geberit gömme rezervuar,6,Geberit Alpha Gömme Rezervuar Montajı 8 CM Kombifix,YapıStil,19864,9 yıl önce,4:22,1acUBVkRdv4,https://www.youtube.com/watch?v=1acUBVkRdv4,youtube_video,https://www.youtube.com/@yapistil,False,False,False
Marka ve rakip,geberit gömme rezervuar,7,Geberit Gömme Rezervuar Su Kaçırıyor? (Kırmadan Kesin Çözüm ve Tamir),Mini Tesisat,9248,9 ay önce,3:55,Mf_EFraTh78,https://www.youtube.com/watch?v=Mf_EFraTh78,youtube_video,https://www.youtube.com/@minitesisat,False,False,False
Marka ve rakip,geberit gömme rezervuar,8,GEBERİT İCON KLOZET MONTAJI,fatih gökmen,36017,3 yıl önce,6:25,7KqOeB8elXw,https://www.youtube.com/watch?v=7KqOeB8elXw,youtube_video,https://www.youtube.com/@fatihgokmen55,False,False,False
Marka ve rakip,geberit gömme rezervuar,9,GEBERİT GÖMME REZERVUAR (SİFON) SU KAÇIRIYOR TAMİRİ,Kılıç Tadilat,53318,5 yıl önce,7:46,IisTPuANON8,https://www.youtube.com/watch?v=IisTPuANON8,youtube_video,https://www.youtube.com/@klctadilat572,False,False,False
Marka ve rakip,geberit gömme rezervuar,10,VitrA Gömme Rezervuar Montaji Nasıl Yapılır,Banyomoda,230590,12 yıl önce,3:22,LMPwOxA0X0I,https://www.youtube.com/watch?v=LMPwOxA0X0I,youtube_video,https://www.youtube.com/@BanyomodaTr,False,False,False
Marka ve rakip,geberit gömme rezervuar,11,GÖMME REZERVUAR NASIL OLMALI?,Tesisat Servisim,4240,5 yıl önce,2:10,jNI-sHbInAw,https://www.youtube.com/watch?v=jNI-sHbInAw,youtube_video,https://www.youtube.com/@tesisatservisim,False,False,False
Marka ve rakip,geberit gömme rezervuar,12,GÖMME REZERVUAR MONTAJI NASIL YAPILIR ? GEBERİT MONTAJI,Macit Tesisat,172417,7 yıl önce,5:10,y3F5pE9cXNE,https://www.youtube.com/watch?v=y3F5pE9cXNE,youtube_video,https://www.youtube.com/@MacitTesisat,False,False,False
Marka ve rakip,geberit gömme rezervuar,13,BANYO DUVARINI KIRMADAN GÖMME REZERVUAR KURULUMU VE MONTAJI BÖYLE YAPILIR!,KS Dekorasyon,92375,6 yıl önce,5:23,7mhXMjm-RBI,https://www.youtube.com/watch?v=7mhXMjm-RBI,youtube_video,https://www.youtube.com/@ksdekorasyon,False,False,False
Marka ve rakip,geberit gömme rezervuar,14,Geberit gömme rezervuar tamiri,Sıhhi Tesisat Ustaları,7989,2 yıl önce,4:27,jLcz3scvACk,https://www.youtube.com/watch?v=jLcz3scvACk,youtube_video,https://www.youtube.com/@sihhitesisatustalar3139,False,False,False
Marka ve rakip,geberit gömme rezervuar,15,Geberit Alpha Gömme Rezervuar 8 cm Duofix Montajı,Yapılır,1039,4 yıl önce,5:32,nH_GW5DKfy8,https://www.youtube.com/watch?v=nH_GW5DKfy8,youtube_video,https://www.youtube.com/@yapilir461,False,False,False
Marka ve rakip,geberit gömme rezervuar,16,Geberit Kumanda Kapağı Sigma 80 - banyomagazam.com,banyomagazam,127,7 yıl önce,4:21,uYLlkfLCoJI,https://www.youtube.com/watch?v=uYLlkfLCoJI,youtube_video,https://www.youtube.com/@banyomagazam,False,False,False
Marka ve rakip,geberit gömme rezervuar,17,GEBERİT SMYLE SQUARE ASMA KLOZET MONTAJI,fatih gökmen,45947,3 yıl önce,22:50,sA7KVgabKPU,https://www.youtube.com/watch?v=sA7KVgabKPU,youtube_video,https://www.youtube.com/@fatihgokmen55,False,False,False
Marka ve rakip,geberit gömme rezervuar,18,Vitra gömme rezervuar temiz su işlenmesi,Murat TANIMAZ,61268,5 yıl önce,9:53,eBDpHpGS5V0,https://www.youtube.com/watch?v=eBDpHpGS5V0,youtube_video,https://www.youtube.com/@murattanimaz1543,False,False,False
Marka ve rakip,geberit gömme rezervuar,19,Geberit Marka Gömme Rezervuar Ölçüleri 4k video,Esnafın Yeri,13571,6 yıl önce,3:32,wBOErkx6kz4,https://www.youtube.com/watch?v=wBOErkx6kz4,youtube_video,https://www.youtube.com/@Esnaf%C4%B1nyeri,False,False,False
Marka ve rakip,hansgrohe,1,hansgrohe EcoSmart shower l FI,hansgrohe,223,4 gün önce,0:57,YXCLirAl7SU,https://www.youtube.com/watch?v=YXCLirAl7SU,youtube_video,https://www.youtube.com/@hansgrohe,False,False,False
Marka ve rakip,hansgrohe,2,hansgrohe EcoSmart faucet l FI,hansgrohe,233,4 gün önce,0:28,zZbAa4Z5pv4,https://www.youtube.com/watch?v=zZbAa4Z5pv4,youtube_video,https://www.youtube.com/@hansgrohe,False,False,False
Marka ve rakip,hansgrohe,3,hansgrohe CoolStart l FI,hansgrohe,125,4 gün önce,0:54,q0kiWprjZ8w,https://www.youtube.com/watch?v=q0kiWprjZ8w,youtube_video,https://www.youtube.com/@hansgrohe,False,False,False
Marka ve rakip,hansgrohe,4,hansgrohe EcoStop+ l NL,hansgrohe,234,13 gün önce,0:29,dUu37YKpnpQ,https://www.youtube.com/watch?v=dUu37YKpnpQ,youtube_video,https://www.youtube.com/@hansgrohe,False,False,False
Marka ve rakip,hansgrohe,5,hansgrohe EcoStop Technology l NL,hansgrohe,154,13 gün önce,0:29,isGsHxbxAB8,https://www.youtube.com/watch?v=isGsHxbxAB8,youtube_video,https://www.youtube.com/@hansgrohe,False,False,False
Marka ve rakip,hansgrohe,6,hansgrohe EcoSmart+ AirPower l NL,hansgrohe,101,13 gün önce,0:31,G4Dpj4QuX0U,https://www.youtube.com/watch?v=G4Dpj4QuX0U,youtube_video,https://www.youtube.com/@hansgrohe,False,False,False
Marka ve rakip,hansgrohe,7,hansgrohe EcoSmart+ l NL,hansgrohe,132,13 gün önce,0:31,AV7tUsMR-TM,https://www.youtube.com/watch?v=AV7tUsMR-TM,youtube_video,https://www.youtube.com/@hansgrohe,False,False,False
Marka ve rakip,hansgrohe,8,hansgrohe EcoSmart (douche) l NL,hansgrohe,370,13 gün önce,0:55,SsFmQkbJvgM,https://www.youtube.com/watch?v=SsFmQkbJvgM,youtube_video,https://www.youtube.com/@hansgrohe,False,False,False
Marka ve rakip,hansgrohe,9,hansgrohe EcoSmart l NL,hansgrohe,48,13 gün önce,0:28,1kE51ZrJwdA,https://www.youtube.com/watch?v=1kE51ZrJwdA,youtube_video,https://www.youtube.com/@hansgrohe,False,False,False
Marka ve rakip,hansgrohe,10,hansgrohe EcoSelection l NL,hansgrohe,46,13 gün önce,0:40,8JrxdwmSOQY,https://www.youtube.com/watch?v=8JrxdwmSOQY,youtube_video,https://www.youtube.com/@hansgrohe,False,False,False
Marka ve rakip,hansgrohe,11,hansgrohe Pulsify showers,hansgrohe,102115,5 yıl önce,4:30,LXS1oBaJJzc,https://www.youtube.com/watch?v=LXS1oBaJJzc,youtube_video,https://www.youtube.com/@hansgrohe,False,False,False
Marka ve rakip,hansgrohe,12,hansgrohe AirPower,hansgrohe,7202,3 yıl önce,0:40,YJNMlgbVE8M,https://www.youtube.com/watch?v=YJNMlgbVE8M,youtube_video,https://www.youtube.com/@hansgrohe,False,False,False
Marka ve rakip,hansgrohe,13,hansgrohe iBox universal 2 & ShowerSelect Comfort | Installation Video,xTWOstore,152432,3 yıl önce,3:24,asvuPA5G0I0,https://www.youtube.com/watch?v=asvuPA5G0I0,youtube_video,https://www.youtube.com/@xtwostoreAG,False,False,False
Marka ve rakip,hansgrohe,14,Hansgrohe ShowerSelect installation in a renovated bathroom,hansgrohe,348738,12 yıl önce,2:35,VF30liM9wVg,https://www.youtube.com/watch?v=VF30liM9wVg,youtube_video,https://www.youtube.com/@hansgrohe,False,False,False
Marka ve rakip,hansgrohe,15,iBox Universal Plus - Hansgrohe - installation instructions video!,faucetbestbuy,664509,14 yıl önce,6:39,bu3DAVh2c4I,https://www.youtube.com/watch?v=bu3DAVh2c4I,youtube_video,https://www.youtube.com/@faucetbestbuy,False,False,False
Marka ve rakip,hansgrohe,16,hansgrohe Exafill Featureclip I DE,hansgrohe,599,1 ay önce,1:10,cCuFb5R5XBE,https://www.youtube.com/watch?v=cCuFb5R5XBE,youtube_video,https://www.youtube.com/@hansgrohe,False,False,False
Marka ve rakip,hansgrohe,17,hansgrohe Aquno Select M81 kitchen faucet,hansgrohe,68919,5 yıl önce,1:34,QD9dnE-WwuU,https://www.youtube.com/watch?v=QD9dnE-WwuU,youtube_video,https://www.youtube.com/@hansgrohe,False,False,False
Marka ve rakip,hansgrohe,18,hansgrohe Avalegra Imageclip,hansgrohe,2012,1 yıl önce,0:50,G51G614h82M,https://www.youtube.com/watch?v=G51G614h82M,youtube_video,https://www.youtube.com/@hansgrohe,False,False,False
Marka ve rakip,hansgrohe,19,hansgrohe Raindance Alive Showerpipe Features (EN),hansgrohe,21438,1 yıl önce,2:05,u97bp5arEmM,https://www.youtube.com/watch?v=u97bp5arEmM,youtube_video,https://www.youtube.com/@hansgrohe,False,False,False
Marka ve rakip,hansgrohe,20,hansgrohe ComfortZone,hansgrohe,4522,1 yıl önce,0:39,O9nu0SQ-X5o,https://www.youtube.com/watch?v=O9nu0SQ-X5o,youtube_video,https://www.youtube.com/@hansgrohe,False,False,False
Marka ve rakip,duravit,1,How to Install a Duravit DuraSystem Concealed Toilet Cistern,Plumb-It Online,4627,2 yıl önce,6:59,D8CnwfE4D9c,https://www.youtube.com/watch?v=D8CnwfE4D9c,youtube_video,https://www.youtube.com/@plumbitonline,False,False,False
Marka ve rakip,duravit,2,Duravit - Starck 3 Duravit Mounting Installation Video,RSF Bathrooms,116756,7 yıl önce,0:45,5TVMfXHD6oM,https://www.youtube.com/watch?v=5TVMfXHD6oM,youtube_video,https://www.youtube.com/@rsfbathrooms,False,False,False
Marka ve rakip,duravit,3,DURAVİT Starck 3 KLOZET KAPAĞI MONTAJI,Tesisat Servisim,14037,6 yıl önce,6:27,PPRBnmT8_cc,https://www.youtube.com/watch?v=PPRBnmT8_cc,youtube_video,https://www.youtube.com/@tesisatservisim,False,False,False
Marka ve rakip,duravit,4,ME by Starck WC Hero Edition Installation,Duravit,479,2 ay önce,1:08,wC1eVXJeMJM,https://www.youtube.com/watch?v=wC1eVXJeMJM,youtube_video,https://www.youtube.com/@DuravitAG,False,False,False
Marka ve rakip,duravit,5,Experience an all-in-one intelligent toilet with customizable options with Duravit Sensowash,Kuysen,179896,3 yıl önce,0:27,Rqu9BJr98cA,https://www.youtube.com/watch?v=Rqu9BJr98cA,youtube_video,https://www.youtube.com/@kuysenofficial,False,False,False
Marka ve rakip,duravit,6,Duravit Tractor,Duravit Juguetes,5675,7 yıl önce,0:25,BkeWAyWpyVE,https://www.youtube.com/watch?v=BkeWAyWpyVE,youtube_video,https://www.youtube.com/@duravitjuguetes1828,False,False,False
Marka ve rakip,duravit,7,Duravit presents Balcoon by Patricia Urquiola,Duravit,4747,1 yıl önce,0:38,P9IABo-LeEI,https://www.youtube.com/watch?v=P9IABo-LeEI,youtube_video,https://www.youtube.com/@DuravitAG,False,False,False
Marka ve rakip,duravit,8,Duravit presents Vitrium - Design by Christian Werner,Duravit,926063,3 yıl önce,1:06,oGKDOsJPGNM,https://www.youtube.com/watch?v=oGKDOsJPGNM,youtube_video,https://www.youtube.com/@DuravitAG,False,False,False
Marka ve rakip,duravit,9,Система креплений Duravit Durafix,220 Вольт,2343,10 yıl önce,0:45,2YQEGnBf1MA,https://www.youtube.com/watch?v=2YQEGnBf1MA,youtube_video,https://www.youtube.com/@220volt220,False,False,False
Marka ve rakip,duravit,10,【デュラビット・バスルーム】Vero Air by Duravit – timeless geometry reinterpreted,Duravit,1297,5 yıl önce,1:41,gIubjDKPGsI,https://www.youtube.com/watch?v=gIubjDKPGsI,youtube_video,https://www.youtube.com/@DuravitAG,False,False,False
Marka ve rakip,duravit,11,Duravit | SensoWash® Slim Dusch WC Handhabung und Funktionen,Эко Душ,1253,8 yıl önce,3:24,PktZqb-WsXQ,https://www.youtube.com/watch?v=PktZqb-WsXQ,youtube_video,https://www.youtube.com/@eco-dush,False,False,False
Marka ve rakip,duravit,12,How to remove DURAVIT toilet seat.,Make Life Easier,285238,7 yıl önce,0:56,ZKq0DCUAduI,https://www.youtube.com/watch?v=ZKq0DCUAduI,youtube_video,https://www.youtube.com/@makelifeeasier2700,False,False,False
Marka ve rakip,duravit,13,Shower + Bath by Duravit – Walk-in-Dusche und Badewanne in einem,Duravit,657175,9 yıl önce,1:18,i51NtP9bx_w,https://www.youtube.com/watch?v=i51NtP9bx_w,youtube_video,https://www.youtube.com/@DuravitAG,False,False,False
Marka ve rakip,duravit,14,"Duravit No.1 – the contemporary, complete bathroom range on a budget by Duravit",Duravit,20337,4 yıl önce,1:16,z-y-ZAXuFcA,https://www.youtube.com/watch?v=z-y-ZAXuFcA,youtube_video,https://www.youtube.com/@DuravitAG,False,False,False
Marka ve rakip,duravit,15,Duravit Rimless Technology,QS Supplies,1680,3 yıl önce,0:34,pHGncUvQKtI,https://www.youtube.com/watch?v=pHGncUvQKtI,youtube_video,https://www.youtube.com/@QSSupplies-videos,False,False,False
Marka ve rakip,duravit,16,duravit starck3 replacement soft close seat cover 006389000 video,Vogue Spas & Bathrooms,8542,3 yıl önce,0:20,_D4BJ49ZDbU,https://www.youtube.com/watch?v=_D4BJ49ZDbU,youtube_video,https://www.youtube.com/@voguespasbathrooms,False,False,False
Marka ve rakip,duravit,17,Duravit toilets are dumb,Pershing Plumbing,3115,1 yıl önce,7:23,BFf6eQnjoqc,https://www.youtube.com/watch?v=BFf6eQnjoqc,youtube_video,https://www.youtube.com/@pershingplumbing9007,False,False,False
Marka ve rakip,duravit,18,Duravit Presents... Sensowash Starck F,Duravit ZA,70195,3 yıl önce,1:06,01oT-1J2AgU,https://www.youtube.com/watch?v=01oT-1J2AgU,youtube_video,https://www.youtube.com/@duravitshowroomsZA,False,False,False
Marka ve rakip,duravit,19,How To Install A Duravit Starck 3 Toilet Seat and Cover,Plumb-It Online,43978,2 yıl önce,3:34,mW8PmYps3l0,https://www.youtube.com/watch?v=mW8PmYps3l0,youtube_video,https://www.youtube.com/@plumbitonline,False,False,False
Marka ve rakip,bocchi lavabo,1,Bocchi Monoblok Lavabo Montajı Nasıl Yapılır?,Banyotrendy,9746,7 yıl önce,1:50,Rn91OTpOc0Y,https://www.youtube.com/watch?v=Rn91OTpOc0Y,youtube_video,https://www.youtube.com/@Banyotrendy,False,False,False
Marka ve rakip,bocchi lavabo,2,BOCCHI - Banyo Lavaboları,BOCCHI,3868,5 yıl önce,0:24,-7hD8q9IoQA,https://www.youtube.com/watch?v=-7hD8q9IoQA,youtube_video,https://www.youtube.com/@BOCCHIBAGNO,False,False,False
Marka ve rakip,bocchi lavabo,3,BOCCHI İle Her Evin Bir Kimliği Var!,BOCCHI,150456,4 yıl önce,0:15,qXGFI_E91js,https://www.youtube.com/watch?v=qXGFI_E91js,youtube_video,https://www.youtube.com/@BOCCHIBAGNO,False,False,False
Marka ve rakip,bocchi lavabo,4,BOCCHI Contempo Eviye İle Mutfağınızın Havası Değişecek 💫,BOCCHI,1650,4 yıl önce,0:33,G1grNb3-JXM,https://www.youtube.com/watch?v=G1grNb3-JXM,youtube_video,https://www.youtube.com/@BOCCHIBAGNO,False,False,False
Marka ve rakip,bocchi lavabo,5,BOCCHI Lavabolar; Tasarımları İle Sizi Kendine Hayran Bırakacak...,BOCCHI,17972,3 yıl önce,0:54,LZLtPZ99gRo,https://www.youtube.com/watch?v=LZLtPZ99gRo,youtube_video,https://www.youtube.com/@BOCCHIBAGNO,False,False,False
Marka ve rakip,bocchi lavabo,6,BOCCHI Renkleri İçinizi Isıtacak...,BOCCHI,12411,4 yıl önce,0:48,HfigGg5iY74,https://www.youtube.com/watch?v=HfigGg5iY74,youtube_video,https://www.youtube.com/@BOCCHIBAGNO,False,False,False
Marka ve rakip,bocchi lavabo,7,Banyo ve Mutfaklar Beyazdan Çok Daha Fazlası ✨ #BocchiBagno,BOCCHI,1264607,4 yıl önce,0:35,ZbLnVDNHtLQ,https://www.youtube.com/watch?v=ZbLnVDNHtLQ,youtube_video,https://www.youtube.com/@BOCCHIBAGNO,False,False,False
Marka ve rakip,bocchi lavabo,8,BOCCHI Fenice Etajerli Lavabo Banyolarınızda Hoş bir Hava Yaratacak...,BOCCHI,400,4 yıl önce,0:47,ler8QbIotVE,https://www.youtube.com/watch?v=ler8QbIotVE,youtube_video,https://www.youtube.com/@BOCCHIBAGNO,False,False,False
Marka ve rakip,bocchi lavabo,9,Rengarenk Banyolar BOCCHI'de! 🧡,BOCCHI,386,5 yıl önce,0:18,7cl3VLAIRAQ,https://www.youtube.com/watch?v=7cl3VLAIRAQ,youtube_video,https://www.youtube.com/@BOCCHIBAGNO,False,False,False
Marka ve rakip,bocchi lavabo,10,BOCCHI ile renk banyolarda! 💖,BOCCHI,12037,4 yıl önce,0:21,4PDeRKDU0h0,https://www.youtube.com/watch?v=4PDeRKDU0h0,youtube_video,https://www.youtube.com/@BOCCHIBAGNO,False,False,False
Marka ve rakip,bocchi lavabo,11,BOCCHI Banyo Koleksiyonu,BOCCHI,484,5 yıl önce,0:18,DefMvo42ZSQ,https://www.youtube.com/watch?v=DefMvo42ZSQ,youtube_video,https://www.youtube.com/@BOCCHIBAGNO,False,False,False
Marka ve rakip,bocchi lavabo,12,Hayallerinizdeki Banyoya Kavuşmak BOCCHI ile Artık Çok Kolay!,BOCCHI,71557,2 yıl önce,0:28,mEiajcsjikg,https://www.youtube.com/watch?v=mEiajcsjikg,youtube_video,https://www.youtube.com/@BOCCHIBAGNO,False,False,False
Marka ve rakip,bocchi lavabo,13,BOCCHI Teknolojileri,BOCCHI,434,5 yıl önce,0:31,CNJH7C6Ld5o,https://www.youtube.com/watch?v=CNJH7C6Ld5o,youtube_video,https://www.youtube.com/@BOCCHIBAGNO,False,False,False
Marka ve rakip,bocchi lavabo,14,DESSONI COUNTRY BANYO DOLABI  ÇİMSTONE TEZGAH BOCCHİ LAVABO LAKE KAPAKLI METAL ÇERÇEVELİ #dessoni,DESSONI,11160,6 yıl önce,1:26,AZLZxlR39YA,https://www.youtube.com/watch?v=AZLZxlR39YA,youtube_video,https://www.youtube.com/@dessonidesign,False,False,False
Marka ve rakip,bocchi lavabo,15,Rengarenk BOCCHI Lavabo ve Klozet Modelleri | Banyo Tasarımında Renk,Banyotrendy,302,7 yıl önce,0:33,QbGFKRMHYMA,https://www.youtube.com/watch?v=QbGFKRMHYMA,youtube_video,https://www.youtube.com/@Banyotrendy,False,False,False
Marka ve rakip,bocchi lavabo,16,Installation of BOCCHI Nuova 1501 Retro-Fit Apron-Front Kitchen Sink,Bocchi USA,708,5 yıl önce,2:16,QEAPj2XINoc,https://www.youtube.com/watch?v=QEAPj2XINoc,youtube_video,https://www.youtube.com/@BocchiUSA,False,False,False
Marka ve rakip,bocchi lavabo,17,BOCCHI Banyo Bataryaları ile zamansız şıklık...,BOCCHI,203,4 yıl önce,0:21,pioHfJyGYeo,https://www.youtube.com/watch?v=pioHfJyGYeo,youtube_video,https://www.youtube.com/@BOCCHIBAGNO,False,False,False
Marka ve rakip,bocchi lavabo,18,BOCCHI Strata Koleksiyonu,BOCCHI,70992,4 yıl önce,0:28,rTbg3coIdVM,https://www.youtube.com/watch?v=rTbg3coIdVM,youtube_video,https://www.youtube.com/@BOCCHIBAGNO,False,False,False
Marka ve rakip,bocchi lavabo,19,BOCCHI Firenze Koleksiyonu; Modern Banyo Arayışındakilerin İlk Tercihi 💫,BOCCHI,298,4 yıl önce,0:31,u9RmiBxeOlc,https://www.youtube.com/watch?v=u9RmiBxeOlc,youtube_video,https://www.youtube.com/@BOCCHIBAGNO,False,False,False
Marka ve rakip,bocchi lavabo,20,BOCCHI ile Dijital Tasarımın Estetiği Banyo Kültürüyle Buluşuyor!,BOCCHI,1201,2 yıl önce,0:22,vDNPGqmnh3o,https://www.youtube.com/watch?v=vDNPGqmnh3o,youtube_video,https://www.youtube.com/@BOCCHIBAGNO,False,False,False
Marka ve rakip,ikea banyo,1,IKEA’dan İyi Fikirler: Banyonuzu Büyütecek Çözümler,IKEA Türkiye,3043,5 yıl önce,0:33,6VjBa5a3O0E,https://www.youtube.com/watch?v=6VjBa5a3O0E,youtube_video,https://www.youtube.com/@IKEAT%C3%BCrkiye,False,False,False
Marka ve rakip,ikea banyo,2,IKEA BANYO TURU #1 - KÜÇÜK BANYO DEKORASYONU - İç Mimar Sisters,iç mimar Sisters,19486,7 yıl önce,6:02,Q4HuuCuszXU,https://www.youtube.com/watch?v=Q4HuuCuszXU,youtube_video,https://www.youtube.com/@i%C3%A7mimarsisters,False,False,False
Marka ve rakip,ikea banyo,3,IKEA'DAN MUTFAK ve BANYO BAKIYORUZ / Dolap ASMR #asmr #asmrvideo #ikea,Oyku Yurci,2026,2 yıl önce,15:56,YqC8W5ri19E,https://www.youtube.com/watch?v=YqC8W5ri19E,youtube_video,https://www.youtube.com/@oykuyurcii,False,False,False
Marka ve rakip,ikea banyo,4,Hakan Kütahya ile Banyo Hakkındaki Her Şey | IKEA,IKEA Türkiye,9924,3 yıl önce,11:57,8VLzcIY15Mw,https://www.youtube.com/watch?v=8VLzcIY15Mw,youtube_video,https://www.youtube.com/@IKEAT%C3%BCrkiye,False,False,False
Marka ve rakip,ikea banyo,5,Kale Banyo olarak artık IKEA'dayız!,Kale Banyo,566,7 yıl önce,0:16,IPteIDgqgCA,https://www.youtube.com/watch?v=IPteIDgqgCA,youtube_video,https://www.youtube.com/@KaleVideo,False,False,False
Marka ve rakip,ikea banyo,6,İkea Banyo Dolabı Modelleri ve Fiyatları,Fani Beyin,3400,6 yıl önce,1:14,kykwwl24_uQ,https://www.youtube.com/watch?v=kykwwl24_uQ,youtube_video,https://www.youtube.com/@FaniBeyin,False,False,False
Marka ve rakip,ikea banyo,7,3 Easy Ways to Organize Your Bathroom - IKEA Home Tour,IKEA USA,103190,7 yıl önce,0:40,CAAP6jg7Ezg,https://www.youtube.com/watch?v=CAAP6jg7Ezg,youtube_video,https://www.youtube.com/@IKEAUSA,False,False,False
Marka ve rakip,ikea banyo,8,IKEA EV TURU #1 37 m2 BANYO & MUTFAK & SALON & YATAK ODASI - İç Mimar Sisters,iç mimar Sisters,27714,4 yıl önce,23:02,yhvXpNwRPlg,https://www.youtube.com/watch?v=yhvXpNwRPlg,youtube_video,https://www.youtube.com/@i%C3%A7mimarsisters,False,False,False
Marka ve rakip,ikea banyo,9,2019 İkea Banyo Aksesuarları,Ev Dekorasyon Fikirleri (Ev Dekorasyonu),24806,9 yıl önce,4:03,m1yf0XMKdtg,https://www.youtube.com/watch?v=m1yf0XMKdtg,youtube_video,https://www.youtube.com/@EvDekorasyonFikirleri,False,False,False
Marka ve rakip,ikea banyo,10,IKEA BANYO TURU #2 - KÜÇÜK BANYOLAR İÇİN ÇÖZÜMLER - İç Mimar Sisters,iç mimar Sisters,15067,7 yıl önce,6:45,Y-6h3U9b_XA,https://www.youtube.com/watch?v=Y-6h3U9b_XA,youtube_video,https://www.youtube.com/@i%C3%A7mimarsisters,False,False,False
Marka ve rakip,ikea banyo,11,Ikea Tisken basket | No drilling,k-nemo,10269,2 yıl önce,2:24,KwPQT4i26VM,https://www.youtube.com/watch?v=KwPQT4i26VM,youtube_video,https://www.youtube.com/@k-nemo,False,False,False
Marka ve rakip,ikea banyo,12,İkea Banyo Rafı RAGRUND Kurulumu,Okan Yaldır,2289,1 yıl önce,8:55,CJS5WvfvjZA,https://www.youtube.com/watch?v=CJS5WvfvjZA,youtube_video,https://www.youtube.com/@OkanYaldir,False,False,False
Marka ve rakip,ikea banyo,13,ÄNGSJÖN double washbasin assembly & installation.,IKEA UAE,70983,2 yıl önce,9:18,R_C8Xlc6BPc,https://www.youtube.com/watch?v=R_C8Xlc6BPc,youtube_video,https://www.youtube.com/@IKEAUAE,False,False,False
Marka ve rakip,ikea banyo,14,Banyo Yenileme | İnşaat Temizliği| Ikea Banyo | Hazır Ramen Deneyimi,Tuğba'dan,2404,1 yıl önce,24:48,IDf1t_36Vvw,https://www.youtube.com/watch?v=IDf1t_36Vvw,youtube_video,https://www.youtube.com/@tugbadann,False,False,False
Marka ve rakip,ikea banyo,15,IKEA BANYO TURU #3 - BANYO DEKORASYON FİKİRLERİ - İç Mimar Sisters,iç mimar Sisters,6945,7 yıl önce,4:27,uOcBU3OA33c,https://www.youtube.com/watch?v=uOcBU3OA33c,youtube_video,https://www.youtube.com/@i%C3%A7mimarsisters,False,False,False
Marka ve rakip,ikea banyo,16,IKEA BANYO TURU #4 - BANYO DEKORASYONU - İç Mimar Sisters,iç mimar Sisters,9551,7 yıl önce,6:06,kFyj92tTM3A,https://www.youtube.com/watch?v=kFyj92tTM3A,youtube_video,https://www.youtube.com/@i%C3%A7mimarsisters,False,False,False
Marka ve rakip,ikea banyo,17,EYLÜL 2025 İKEA TURU/YENİ ÜRÜNLER/İNDİRİMLER/MUTFAK/EV AKSESUARLARI /BANYO VE DAHA FAZLASI/GÜNCEL!!!,MUTLU AİLEM,17284,1 yıl önce,40:08,Orjf1kGNRrQ,https://www.youtube.com/watch?v=Orjf1kGNRrQ,youtube_video,https://www.youtube.com/@mutluailem16,False,False,False
Marka ve rakip,ikea banyo,18,Ikea banyo dolabı montajı,k-nemo,82406,6 yıl önce,7:21,MWQSjr_WNVc,https://www.youtube.com/watch?v=MWQSjr_WNVc,youtube_video,https://www.youtube.com/@k-nemo,False,False,False
Marka ve rakip,ikea banyo,19,ÇEYİZ ALIŞVERİŞİM PART 3 🛍️ BANYO ÜRÜNLERİ 🛒 TRENDYOL IKEA BİM #çeyizalışverişi #çeyiz #ikea,Elif Merve TUNÇBİLEK,1366,5 yıl önce,11:46,JC3W7kuez7w,https://www.youtube.com/watch?v=JC3W7kuez7w,youtube_video,https://www.youtube.com/@elifmervetuncbilek,False,False,False
Marka ve rakip,ikea banyo,20,"IKEA SEPET,DÜZENLEYİCİ,BANYO… ÜRÜNLERİ.KAP ÇAYINI TAKIL VİDEO’YA🥳😍🥰",ANLIK KARE,10931,2 yıl önce,7:31,QiuY_k097dA,https://www.youtube.com/watch?v=QiuY_k097dA,youtube_video,https://www.youtube.com/@Kubiyun,False,False,False
Marka ve rakip,koçtaş banyo,1,KOÇTAŞ 2025 BANYO DOLAPLARI YAZ FIRSATLARI KOÇTAŞ YENİLER,İndirim Notu,4238,1 yıl önce,1:03,yVIzOsI0bwI,https://www.youtube.com/watch?v=yVIzOsI0bwI,youtube_video,https://www.youtube.com/@%C4%B0ndirimNotu,False,False,False
Marka ve rakip,koçtaş banyo,2,Her türlü çözüm Koçtaş’ta! Banyo - KOÇTAŞ Reklamı,TÜRKİYE'NİN REKLAMLARI,11559,9 yıl önce,0:19,ozXWG15hr6k,https://www.youtube.com/watch?v=ozXWG15hr6k,youtube_video,https://www.youtube.com/@turkiyeninreklamlari,False,False,False
Marka ve rakip,koçtaş banyo,3,Koçtaş Havluluk Çeşitleri (Banyo Peteği),Ckmk TamirHane,4971,9 yıl önce,0:15,_RNj1aMrJd4,https://www.youtube.com/watch?v=_RNj1aMrJd4,youtube_video,https://www.youtube.com/@Ckmktamirhane,False,False,False
Marka ve rakip,koçtaş banyo,4,Koçtaş - Bakarız Filmleri - Banyo Kataloğu,Koçtaş,231834,10 yıl önce,1:08,lGMVrtgk7Vg,https://www.youtube.com/watch?v=lGMVrtgk7Vg,youtube_video,https://www.youtube.com/@koctastv,False,False,False
Marka ve rakip,koçtaş banyo,5,Koçtaş Banyo Dolabı Montajı Nasıl Yapılır? #koçtaş #banyodolabımontajı #lavabomontajı,İstanbul Avize Tamiri,36504,6 yıl önce,2:57,zCt04dvaYac,https://www.youtube.com/watch?v=zCt04dvaYac,youtube_video,https://www.youtube.com/@istanbulavizetamiri1715,False,False,False
Marka ve rakip,koçtaş banyo,6,30. Yıla Özel Büyük Banyo Dönüşüm Kampanyası,Koçtaş,401,5 ay önce yayınlandı,9:43,JSJQ-C7FXjk,https://www.youtube.com/watch?v=JSJQ-C7FXjk,youtube_video,https://www.youtube.com/@koctastv,False,False,False
Marka ve rakip,koçtaş banyo,7,Koçtaş 65 cm Lake Banyo Dolabı Reklamı 2013,Egemen çağan Atılgan,308,5 ay önce,0:18,7frOLipMxsE,https://www.youtube.com/watch?v=7frOLipMxsE,youtube_video,https://www.youtube.com/@Egemen%C3%A7a%C4%9FanAt%C4%B1lgan,False,False,False
Marka ve rakip,koçtaş banyo,8,Koçtaş Banyo Dolabı Modelleri ve Fiyatları 2024 (Ücretsiz Montaj Avantajı!),Mini Tesisat,14598,2 yıl önce,2:07,bABv-O7zkY8,https://www.youtube.com/watch?v=bABv-O7zkY8,youtube_video,https://www.youtube.com/@minitesisat,False,False,False
Marka ve rakip,koçtaş banyo,9,KoçtaşLive Sas Global Banyo,Koçtaş,610,6 ay önce yayınlandı,30:01,U7VLHDNpndc,https://www.youtube.com/watch?v=U7VLHDNpndc,youtube_video,https://www.youtube.com/@koctastv,False,False,False
Marka ve rakip,koçtaş banyo,10,Koçtaş Banyo Dolabı Modelleri ve Fiyatları,Fani Beyin,27706,6 yıl önce,1:21,0zXRfNzo4r0,https://www.youtube.com/watch?v=0zXRfNzo4r0,youtube_video,https://www.youtube.com/@FaniBeyin,False,False,False
Marka ve rakip,koçtaş banyo,11,30. Yıla Özel Büyük Banyo Dönüşüm Kampanyası,Koçtaş,847,5 ay önce yayınlandı,30:19,Dyq_cAJ2GcE,https://www.youtube.com/watch?v=Dyq_cAJ2GcE,youtube_video,https://www.youtube.com/@koctastv,False,False,False
Marka ve rakip,koçtaş banyo,12,Koçtaş banyo dolap modelleri ve fiyatları,Mobilyaya Bakış,127633,10 yıl önce,0:52,UWz-rBE98P0,https://www.youtube.com/watch?v=UWz-rBE98P0,youtube_video,https://www.youtube.com/@mobilyayabaks7065,False,False,False
Marka ve rakip,koçtaş banyo,13,Kırmadan Dökmeden Banyo Yenileme Fikri - Uygun Fiyatlı Banyo Yenileme Nasıl Yapılır?,Koçtaş,91877,2 yıl önce,6:28,il5m2-pJTf8,https://www.youtube.com/watch?v=il5m2-pJTf8,youtube_video,https://www.youtube.com/@koctastv,False,False,False
Marka ve rakip,koçtaş banyo,14,Koçtaş Flat 100 Banyo Dolabı Reklamı 2009,Egemen çağan Atılgan,121,5 ay önce,0:17,ylx7K5sK_pg,https://www.youtube.com/watch?v=ylx7K5sK_pg,youtube_video,https://www.youtube.com/@Egemen%C3%A7a%C4%9FanAt%C4%B1lgan,False,False,False
Marka ve rakip,koçtaş banyo,15,Koçtaş Yarıyıl Fırsat Ürünleri | Koçtaş Dolap Çalışma Masası Banyo Dolabı | Koçtaş İndirim Kataloğu,İndirim vakti,4918,6 yıl önce,3:16,_2f5LbzND1g,https://www.youtube.com/watch?v=_2f5LbzND1g,youtube_video,https://www.youtube.com/@indirimvakti,False,False,False
Marka ve rakip,koçtaş banyo,16,2022 Koçtaş Banyo Dolabı Modelleri ve Fiyatları | Mağaza Turu,Mini Tesisat,35701,4 yıl önce,3:18,8umrs46V7bU,https://www.youtube.com/watch?v=8umrs46V7bU,youtube_video,https://www.youtube.com/@minitesisat,False,False,False
Marka ve rakip,koçtaş banyo,17,Koçtaş BANYO DUŞE KABİN FİYATLARI (Haziran 2017),şehmus kalkan,68804,9 yıl önce,3:35,hwq8nK9LLMA,https://www.youtube.com/watch?v=hwq8nK9LLMA,youtube_video,https://www.youtube.com/@SehmusKalkan,False,False,False
Marka ve rakip,koçtaş banyo,18,KoçtaşLive Banyo,Koçtaş,654,6 ay önce yayınlandı,30:21,YKybZz5empI,https://www.youtube.com/watch?v=YKybZz5empI,youtube_video,https://www.youtube.com/@koctastv,False,False,False
Marka ve rakip,koçtaş banyo,19,Koçtaş Turu / Mağaza Turu / Banyo Modelleri,Beyza’dan Geleceğe Hatıralar,1246,5 yıl önce,5:47,7HnQBh63wIg,https://www.youtube.com/watch?v=7HnQBh63wIg,youtube_video,https://www.youtube.com/@beyzadangelecegehatralar8438,False,False,False
Marka ve rakip,koçtaş banyo,20,Koçtaş banyo dolabı modelleri 2019 - 2020,Mobilya Sarayı,45674,11 yıl önce,3:10,Qzo2BEpIsGQ,https://www.youtube.com/watch?v=Qzo2BEpIsGQ,youtube_video,https://www.youtube.com/@MobilyaSarayi,False,False,False
Marka ve rakip,trendyol banyo dolabı inceleme,1,Koçtaş Banyo Dolabı Modelleri ve Fiyatları 2024 (Ücretsiz Montaj Avantajı!),Mini Tesisat,14601,2 yıl önce,2:07,bABv-O7zkY8,https://www.youtube.com/watch?v=bABv-O7zkY8,youtube_video,https://www.youtube.com/@minitesisat,False,False,False
Marka ve rakip,trendyol banyo dolabı inceleme,2,BİM – Lavabolu Banyo Dolabı,BİM Türkiye,32256,6 yıl önce,0:27,GuX7b--XdDA,https://www.youtube.com/watch?v=GuX7b--XdDA,youtube_video,https://www.youtube.com/@B%C4%B0MT%C3%BCrkiye,False,False,False
Marka ve rakip,trendyol banyo dolabı inceleme,3,BAUHAUS BANYO DOLAPLARI 2024 MODEL VE FİYATLARI,Kılıç Tadilat,8564,2 yıl önce,2:30,iYM2dj8XMeE,https://www.youtube.com/watch?v=iYM2dj8XMeE,youtube_video,https://www.youtube.com/@klctadilat572,False,False,False
Marka ve rakip,trendyol banyo dolabı inceleme,4,akrilik banyo dolabı özel ölçü tasarım ve üretim merkezi BAYRAK MOBİLYA,BAYRAK MOBİLYA,13293,5 yıl önce,1:58,HY0L_SgjAGM,https://www.youtube.com/watch?v=HY0L_SgjAGM,youtube_video,https://www.youtube.com/@Bayrak-mobilya,False,False,False
Marka ve rakip,trendyol banyo dolabı inceleme,5,DESSONI BANYO DOLABI SALKIM MODELİ #dessoni,DESSONI,14989,3 yıl önce,0:37,tCOwPeRLx6Y,https://www.youtube.com/watch?v=tCOwPeRLx6Y,youtube_video,https://www.youtube.com/@dessonidesign,False,False,False
Marka ve rakip,trendyol banyo dolabı inceleme,6,400 TL YE LÜKS BANYO DOLABI ALDIK❌YENİ EVİN EKSİKLERİ TAMAMLANIYOR❌BANYOM HARİKA OLDU..,ÇAVUŞ AİLESİNİN GÜNLÜĞÜ,6076,5 yıl önce,40:07,yUx9ocMRnEU,https://www.youtube.com/watch?v=yUx9ocMRnEU,youtube_video,https://www.youtube.com/@Goknur_Cavus_,False,False,False
Marka ve rakip,trendyol banyo dolabı inceleme,7,Koçtaş banyo dolap modelleri ve fiyatları,Mobilyaya Bakış,127631,10 yıl önce,0:52,UWz-rBE98P0,https://www.youtube.com/watch?v=UWz-rBE98P0,youtube_video,https://www.youtube.com/@mobilyayabaks7065,False,False,False
Marka ve rakip,trendyol banyo dolabı inceleme,8,Toptan Banyo Dolapları ❣️ Klozet Fiyatları Kargo Vardır #banyo #dolap #klozet #lavabo 0532 159 96 85,Sahibinden 13,5839,3 yıl önce,0:58,ZMnaK51l6cI,https://www.youtube.com/watch?v=ZMnaK51l6cI,youtube_video,https://www.youtube.com/@sahibindensatlkreklamhizme6135,False,False,False
Marka ve rakip,trendyol banyo dolabı inceleme,9,AYNALI RAFLI BANYO dolabı birleştirme montajı,serhat ayer,43234,3 yıl önce,5:59,p6TGxpdfThs,https://www.youtube.com/watch?v=p6TGxpdfThs,youtube_video,https://www.youtube.com/@seaeyed22,False,False,False
Marka ve rakip,trendyol banyo dolabı inceleme,10,Artim&intarz Çok Amaçlı Kitaplık & Mutfak & Banyo Dolabı Kurulumu,Artim Mobilya,760,5 yıl önce,4:09,Mk-hBiBG2LA,https://www.youtube.com/watch?v=Mk-hBiBG2LA,youtube_video,https://www.youtube.com/@artimmobilya,False,False,False
Marka ve rakip,trendyol banyo dolabı inceleme,11,Rani KD109 Çamaşır Makinesi Dolabı 4 Kapaklı 2 Raflı Banyo Dolabı Beyaz,Rani Mobilya,1848830,1 yıl önce,0:16,sZkU_zFs824,https://www.youtube.com/watch?v=sZkU_zFs824,youtube_video,https://www.youtube.com/@RaniMobilya,False,False,False
Marka ve rakip,trendyol banyo dolabı inceleme,12,çamaşır makinesi klozet üstü 3 raflı düzenleyici  raf banyo rafı üstü banyo dolap yenibitpazarı,www.yenibitpazari.com,30620,5 yıl önce,1:00,sNZHX9VSDS4,https://www.youtube.com/watch?v=sNZHX9VSDS4,youtube_video,https://www.youtube.com/@nasip3232,False,False,False
Marka ve rakip,trendyol banyo dolabı inceleme,13,Trio Pazaryeri İstanbul 60'lık Alt Banyo Dolabı Kurulum Videosu,Trio Pazaryeri,272,4 yıl önce,4:27,ygzsvp-pjiI,https://www.youtube.com/watch?v=ygzsvp-pjiI,youtube_video,https://www.youtube.com/@triopazaryeri,False,False,False
Marka ve rakip,trendyol banyo dolabı inceleme,14,Koçtaş Banyo Dolabı Modelleri ve Fiyatları,Fani Beyin,27706,6 yıl önce,1:21,0zXRfNzo4r0,https://www.youtube.com/watch?v=0zXRfNzo4r0,youtube_video,https://www.youtube.com/@FaniBeyin,False,False,False
Marka ve rakip,trendyol banyo dolabı inceleme,15,Rani KD109 Çamaşır Makinesi Dolabı 4 Kapaklı 2 Raflı Banyo Dolabı Beyaz,Rani Mobilya,1848830,1 yıl önce,0:16,sZkU_zFs824,https://www.youtube.com/watch?v=sZkU_zFs824,youtube_video,https://www.youtube.com/@RaniMobilya,False,False,False
Marka ve rakip,trendyol banyo dolabı inceleme,16,Yurudesign Daisy Çok Amaçlı Dolap Banyo Dolabı Keçe-Beyaz DY1-WK Montaj Videosu,Yurudesign,265,2 yıl önce,20:52,NfeGmjhevF0,https://www.youtube.com/watch?v=NfeGmjhevF0,youtube_video,https://www.youtube.com/@yuru_design,False,False,False
Marka ve rakip,trendyol banyo dolabı inceleme,17,Banyo; Lavabo modelleri - Lavabo fiyatları - bauhaus,şehmus kalkan,273795,10 yıl önce,3:24,BlA2TRg-Wss,https://www.youtube.com/watch?v=BlA2TRg-Wss,youtube_video,https://www.youtube.com/@SehmusKalkan,False,False,False
Marka ve rakip,trendyol banyo dolabı inceleme,18,çamaşır makinesi klozet üstü 3 raflı düzenleyici  raf banyo rafı üstü banyo dolap yenibitpazarı,www.yenibitpazari.com,30620,5 yıl önce,1:00,sNZHX9VSDS4,https://www.youtube.com/watch?v=sNZHX9VSDS4,youtube_video,https://www.youtube.com/@nasip3232,False,False,False
Marka ve rakip,trendyol banyo dolabı inceleme,19,A101 çamaşır makinesi dolabı kurulumu (tiamob banyo dolabı),Bak-Yap,19026,3 yıl önce,59:19,F0HOjU-Ydfk,https://www.youtube.com/watch?v=F0HOjU-Ydfk,youtube_video,https://www.youtube.com/@bak-yap6521,False,False,False
Yeni kategoriler,granit evye montajı,1,Evye  montajı,SSH PLUS,93427,10 yıl önce,4:54,HOwFmFxD-pQ,https://www.youtube.com/watch?v=HOwFmFxD-pQ,youtube_video,https://www.youtube.com/@sshplus8188,False,False,False
Yeni kategoriler,granit evye montajı,2,Evye Bağlantı Kelepçesi Nasıl Takılır Montaj?  Mutfak bulaşık evyesi kelepçesi kancası klipsi,İsmâil Hakkı FEYZİOĞLU,23513,2 yıl önce,3:17,T6rPcYr62AY,https://www.youtube.com/watch?v=T6rPcYr62AY,youtube_video,https://www.youtube.com/@%C4%B0sm%C3%A2ilHakk%C4%B1FEYZ%C4%B0O%C4%9ELU,False,False,False
Yeni kategoriler,granit evye montajı,3,HANSGROHE EVYE MONTAJI,5K DİZAYN,12444,4 yıl önce,6:06,zW8kteto7-Y,https://www.youtube.com/watch?v=zW8kteto7-Y,youtube_video,https://www.youtube.com/@5KD%C4%B0ZAYN,False,False,False
Yeni kategoriler,granit evye montajı,4,POLEX GRANİT EVYE P-01 + ARITMALI BEYAZ BATARYA #K8,EGEMER YAPI,165,1 yıl önce,1:18,AI0KPixRlZo,https://www.youtube.com/watch?v=AI0KPixRlZo,youtube_video,https://www.youtube.com/@egemeryapi6032,False,False,False
Yeni kategoriler,granit evye montajı,5,HANSGROHE EVYE MONTAJI (0552 356 95 46),5K DİZAYN,7231,4 yıl önce,2:45,2og67m87kW8,https://www.youtube.com/watch?v=2og67m87kW8,youtube_video,https://www.youtube.com/@5KD%C4%B0ZAYN,False,False,False
Yeni kategoriler,granit evye montajı,6,GRANİT EVYEDEN MEMNUN MUYUM ?? İzlemeden evye almayın! | En çok merak ettiklerinizi cevapladım,Pınar Öztürk İnal,28030,4 yıl önce,10:57,x090bjD-OgU,https://www.youtube.com/watch?v=x090bjD-OgU,youtube_video,https://www.youtube.com/@pinarozturkinal,False,False,False
Yeni kategoriler,granit evye montajı,7,Shock Granit Eviye Montajı | Granit Evye Montajı Nasıl Yapılır?,Evan Yapı,2218,2 yıl önce,2:03,38iqRju_rIk,https://www.youtube.com/watch?v=38iqRju_rIk,youtube_video,https://www.youtube.com/@evanyapimalzemeleri,False,False,False
Yeni kategoriler,granit evye montajı,8,POLEX TEK HAZNE TAŞMALI GRANİT EVYE SİFON MONTAJI (TTL1),EGEMER YAPI,4522,1 yıl önce,1:51,d1yF2QswrgQ,https://www.youtube.com/watch?v=d1yF2QswrgQ,youtube_video,https://www.youtube.com/@egemeryapi6032,False,False,False
Yeni kategoriler,granit evye montajı,9,Mutfak Tezgahı ve Evye Montajı,BAUHAUS Türkiye,493997,14 yıl önce,11:11,uiJDyTB9weU,https://www.youtube.com/watch?v=uiJDyTB9weU,youtube_video,https://www.youtube.com/@BauhausTurkiye,False,False,False
Yeni kategoriler,granit evye montajı,10,Ahşap 🪵Mutfak 🪵Tezgâhına Granit Evye Montajı....,Nezih Peynircioğlu,8476,6 yıl önce,2:46,E1NYcw5jfnk,https://www.youtube.com/watch?v=E1NYcw5jfnk,youtube_video,https://www.youtube.com/@nezih1963.,False,False,False
Yeni kategoriler,granit evye montajı,11,Neden GRANİT EVYE almanızı tavsiye etmiyorum? Evye almadan önce yanılmamak için izlemeniz gerek!,BOĞAZİÇİ 'Lİ HIRDAVATÇI,48842,4 yıl önce,5:02,dmyNswwpH7o,https://www.youtube.com/watch?v=dmyNswwpH7o,youtube_video,https://www.youtube.com/@hirdavatfirsati-com,False,False,False
Yeni kategoriler,granit evye montajı,12,Neden Granit Evye Aldım ?,Su Perisinin Mutfağı,21987,2 yıl önce,3:53,JOKGeMA-7bc,https://www.youtube.com/watch?v=JOKGeMA-7bc,youtube_video,https://www.youtube.com/@superisininmutfagi,False,False,False
Yeni kategoriler,granit evye montajı,13,POLEX GRANİT EVYE-DUŞTEKNESİ,EBRAR SERRA VE MİRA,2217,10 yıl önce,2:38,iZhjcxuQf90,https://www.youtube.com/watch?v=iZhjcxuQf90,youtube_video,https://www.youtube.com/@ebrarserravemira9083,False,False,False
Yeni kategoriler,granit evye montajı,14,POLEX ÇİFT HAZNE TAŞMALI GRANİT EVYE SİFON MONTAJI (ÇTL1) ,EGEMER YAPI,1878,1 yıl önce,1:51,rfTOcBc7Bk8,https://www.youtube.com/watch?v=rfTOcBc7Bk8,youtube_video,https://www.youtube.com/@egemeryapi6032,False,False,False
Yeni kategoriler,granit evye montajı,15,Mutfak Lavabosu (evye) nasıl yapıştırılır | Çelik silikon ile,kendin yaparsın,284771,6 yıl önce,2:54,lUyMd8sAzQo,https://www.youtube.com/watch?v=lUyMd8sAzQo,youtube_video,https://www.youtube.com/@kendinyaparsin,False,False,False
Yeni kategoriler,granit evye montajı,16,MUTFAK EVYESİ YAPIŞTIRMA - Tezgah Altı Evye Montajı - Mutfak Lavabo Tamiri - Lavabo Düştü,Murat Tesisat - Ankara Kameralı Su Kaçak Tespiti,113827,5 yıl önce,1:52,JnSkDvDKNzg,https://www.youtube.com/watch?v=JnSkDvDKNzg,youtube_video,https://www.youtube.com/@MuratTesisatAnkara,False,False,False
Yeni kategoriler,granit evye montajı,17,Çuval Ev İçin Mutfak Tezgahı ve Evye Montajı,Sonsuz Olasılık,2915,3 yıl önce,4:45,VP9NxFhWgY4,https://www.youtube.com/watch?v=VP9NxFhWgY4,youtube_video,https://www.youtube.com/@SonsuzOlaslk,False,False,False
Yeni kategoriler,granit evye montajı,18,teka franke EVYE EVİYE SİFON TOPLAMA VE MONTAJ,İpek Yapı Teka  peramics ,148241,6 yıl önce,4:22,1du5cnUsAew,https://www.youtube.com/watch?v=1du5cnUsAew,youtube_video,https://www.youtube.com/@ipekyap9355,False,False,False
Yeni kategoriler,granit evye montajı,19,"Mutfak evyesi nasıl yapıştırılır | Mutfak lavabosu nasıl yapıştırılır takılır, montaj",İsmâil Hakkı FEYZİOĞLU,119010,4 yıl önce,14:36,uukvkFhbrQ8,https://www.youtube.com/watch?v=uukvkFhbrQ8,youtube_video,https://www.youtube.com/@%C4%B0sm%C3%A2ilHakk%C4%B1FEYZ%C4%B0O%C4%9ELU,False,False,False
Yeni kategoriler,granit evye montajı,20,Real granit evye | Real evye |,Tuzla Granit Mermer / Bekmer ,1291,4 yıl önce,2:05,sGZupYI-I1M,https://www.youtube.com/watch?v=sGZupYI-I1M,youtube_video,https://www.youtube.com/@Tuzla.Granit.Mermer.Bekmer,False,False,False
Yeni kategoriler,arıtmalı batarya,1,3 Yollu Arıtmalı Musluk Montajı Nasıl Yapılır -Arıtmalı Eviye Bataryası Montajı.,Lexus Su Arıtma,160698,5 yıl önce,7:48,PyOgiPS7ikc,https://www.youtube.com/watch?v=PyOgiPS7ikc,youtube_video,https://www.youtube.com/@lexussuartma,False,False,False
Yeni kategoriler,arıtmalı batarya,2,Su Arıtma Cihazı 3 Yollu Musluk Montajı,Okan Yaldır,12681,9 ay önce,8:51,gRKJJkMspM0,https://www.youtube.com/watch?v=gRKJJkMspM0,youtube_video,https://www.youtube.com/@OkanYaldir,False,False,False
Yeni kategoriler,arıtmalı batarya,3,3 Yollu Mutfak Bataryası Muslukları İçme Suyu Filtresi Musluğu,CBTx Global,12241,1 yıl önce,0:48,B2M3DKTnOt8,https://www.youtube.com/watch?v=B2M3DKTnOt8,youtube_video,https://www.youtube.com/@cbtxglobal5340,False,False,False
Yeni kategoriler,arıtmalı batarya,4,"Arıtmalı mutfak bataryaları,",yediyapimarket,5753,3 yıl önce,0:19,IgLFGqr71u8,https://www.youtube.com/watch?v=IgLFGqr71u8,youtube_video,https://www.youtube.com/@yediyapimarket,False,False,False
Yeni kategoriler,arıtmalı batarya,5,ECA Dual Flow Arıtma Su Girişli Eviye Bataryası Montajı,Banyotrendy,2607,4 ay önce,2:00,62pXG3QpM2s,https://www.youtube.com/watch?v=62pXG3QpM2s,youtube_video,https://www.youtube.com/@Banyotrendy,False,False,False
Yeni kategoriler,arıtmalı batarya,6,GROHE Blue Arıtmalı İçme Suyu ve Soda Yapan Eviye Bataryası,Banyomarka,90,4 yıl önce,3:17,doH8wXzkh2o,https://www.youtube.com/watch?v=doH8wXzkh2o,youtube_video,https://www.youtube.com/@BanyomarkaCom,False,False,False
Yeni kategoriler,arıtmalı batarya,7,Adell Lento Arıtmalı Mutfak Bataryası,Adell Armatur ve Vana Fabrikalari A.S.,3018,2 yıl önce,0:44,uapKjFYp6tg,https://www.youtube.com/watch?v=uapKjFYp6tg,youtube_video,https://www.youtube.com/@adellcom,False,False,False
Yeni kategoriler,arıtmalı batarya,8,Adell Niza Arıtmalı Mutfak Bataryası,Adell Armatur ve Vana Fabrikalari A.S.,1154,1 yıl önce,0:52,EoFoSxoojLE,https://www.youtube.com/watch?v=EoFoSxoojLE,youtube_video,https://www.youtube.com/@adellcom,False,False,False
Yeni kategoriler,arıtmalı batarya,9,Lupobianco 5 Yıl Garantili Arıtmalı 3 Yollu Krom Mutfak Bataryası #reklam,Bak Buraya,831,3 yıl önce,3:21,3koXseD-D3A,https://www.youtube.com/watch?v=3koXseD-D3A,youtube_video,https://www.youtube.com/@bakburaya,False,False,False
Yeni kategoriler,arıtmalı batarya,10,E Spring (Amway) Su Arıtma Cihazında Tek Armatür Kullanılması. 27.07.2020,Abdullah S. Bayraktaroğlu,27863,6 yıl önce,21:01,T4oTiF5m8pU,https://www.youtube.com/watch?v=T4oTiF5m8pU,youtube_video,https://www.youtube.com/@abdullahsaidbayraktaroglu,False,False,False
Yeni kategoriler,arıtmalı batarya,11,Mutfağına armatür (batarya) alacak herkesin MUTLAKA görmesi gereken 3 MUHTEŞEM ürünü inceledim!,BOĞAZİÇİ 'Lİ HIRDAVATÇI,18226,4 yıl önce,5:46,hyWSeXA-fAU,https://www.youtube.com/watch?v=hyWSeXA-fAU,youtube_video,https://www.youtube.com/@Bogazicili-Hirdavatci,False,False,False
Yeni kategoriler,arıtmalı batarya,12,Arıtma çıkışlı eviye bataryası,Hakan Nizamoğlu,333,7 yıl önce,0:43,NeXz-m4xMso,https://www.youtube.com/watch?v=NeXz-m4xMso,youtube_video,https://www.youtube.com/@HakanNizamo%C4%9Flu,False,False,False
Yeni kategoriler,arıtmalı batarya,13,ARITMALI MUTFAK EVYESİ MONTAJ ANLATIMI 3 YOLLU MUSLUK ANLATIMIZ,Su Makinesi,44306,7 yıl önce,4:50,ySbdXUnnmx0,https://www.youtube.com/watch?v=ySbdXUnnmx0,youtube_video,https://www.youtube.com/@Sumakinesi,False,False,False
Yeni kategoriler,arıtmalı batarya,14,3 yollu Su Arıtma musluğu,SRS TEKNOLOJİ- Serdar ERAS,12129,7 yıl önce,0:51,10S-gmpehzM,https://www.youtube.com/watch?v=10S-gmpehzM,youtube_video,https://www.youtube.com/@theserasmus,False,False,False
Yeni kategoriler,arıtmalı batarya,15,Mutfak bataryası montaj,Oğuzhan Çelik,132824,3 yıl önce,18:17,jd8Ju5Oq_n8,https://www.youtube.com/watch?v=jd8Ju5Oq_n8,youtube_video,https://www.youtube.com/@oguzhancelik41,False,False,False
Yeni kategoriler,arıtmalı batarya,16,Tek Muslukla Arıtma ve Şebeke Suyu! | 3 Yollu Arıtmalı Mutfak Bataryası Montajı,Mini Tesisat,19360,11 ay önce,2:52,oBcJOFfv8RQ,https://www.youtube.com/watch?v=oBcJOFfv8RQ,youtube_video,https://www.youtube.com/@minitesisat,False,False,False
Yeni kategoriler,arıtmalı batarya,17,Fleko Spiralli Mutfak Bataryası montaj,nefa yapi,28168,1 yıl önce,6:10,MXYtPnrOyOE,https://www.youtube.com/watch?v=MXYtPnrOyOE,youtube_video,https://www.youtube.com/@yapimagazam,False,False,False
Yeni kategoriler,arıtmalı batarya,18,SU ARITMA MUSLUĞU DAMLAMA TAMİRİ,Makine Saati,44544,1 yıl önce,3:51,6VLvOVni1Ug,https://www.youtube.com/watch?v=6VLvOVni1Ug,youtube_video,https://www.youtube.com/@umitkucukk,False,False,False
Yeni kategoriler,arıtmalı batarya,19,3 YOLLU KUGU TİPİ SU ARITMA CİHAZI MUSLUĞU KUTU AÇILIMI MONTAJ ANLATIMI,Su Makinesi,38563,7 yıl önce,8:58,v9Tj-ShRM_o,https://www.youtube.com/watch?v=v9Tj-ShRM_o,youtube_video,https://www.youtube.com/@Sumakinesi,False,False,False
Yeni kategoriler,arıtmalı batarya,20,Venezia inox spiralli mutfak evye batarya montajı veneziabanyo,veneziabanyo,126084,8 yıl önce,3:00,rqdeirIrZbw,https://www.youtube.com/watch?v=rqdeirIrZbw,youtube_video,https://www.youtube.com/@veneziabanyo9955,False,False,False
Yeni kategoriler,su arıtma cihazı kurulumu,1,SU ARITMA CİHAZI MONTAJ NASIL YAPILIR? AYRINTILI ANLATIM,Okan Yaldır,498465,6 yıl önce,18:42,DftYsxZSB5Y,https://www.youtube.com/watch?v=DftYsxZSB5Y,youtube_video,https://www.youtube.com/@OkanYaldir,False,False,False
Yeni kategoriler,su arıtma cihazı kurulumu,2,SU ARITMA CİHAZI MONTAJ NASIL YAPILIR? AYRINTILI ANLATIM,Okan Yaldır,22117,5 yıl önce,11:48,Xeyu_tcD6ms,https://www.youtube.com/watch?v=Xeyu_tcD6ms,youtube_video,https://www.youtube.com/@OkanYaldir,False,False,False
Yeni kategoriler,su arıtma cihazı kurulumu,3,"Su Arıtma Cihazının Kurulumu, Arıtma Cihazının Çalışma Mantığı, Çift Karbonlu Filtre Takılması, Su A",Sanal YouTube,265028,5 yıl önce,11:49,PLyBnk-5OD0,https://www.youtube.com/watch?v=PLyBnk-5OD0,youtube_video,https://www.youtube.com/@SanalYouTubeResmi,False,False,False
Yeni kategoriler,su arıtma cihazı kurulumu,4,Su Arıtma Cihazı Kurulumu ve Montajı Nasıl Yapılır - Detaylı Anlatım.,Dedex55 Easy Tabii Ki De,120939,6 yıl önce,20:38,lg5HPQtm-8c,https://www.youtube.com/watch?v=lg5HPQtm-8c,youtube_video,https://www.youtube.com/@Dedex55,False,False,False
Yeni kategoriler,su arıtma cihazı kurulumu,5,SU ARITMA CİHAZI MONTAJ NASIL YAPILIR? AYRINTILI ANLATIM,Hanedan Su Arıtma,38498,2 yıl önce,14:44,c_BFM4P4Vao,https://www.youtube.com/watch?v=c_BFM4P4Vao,youtube_video,https://www.youtube.com/@HanedanSuArtma,False,False,False
Yeni kategoriler,su arıtma cihazı kurulumu,6,Su arıtma cihazı kurulumu montaji,Teknik Bakış,60956,4 yıl önce,18:55,oduPXV5SqhI,https://www.youtube.com/watch?v=oduPXV5SqhI,youtube_video,https://www.youtube.com/@TeknikBak%C5%9F,False,False,False
Yeni kategoriler,su arıtma cihazı kurulumu,7,Su Arıtma Cihazı Montajı 👍Su arıtma cihazı kurulum ve kullanımı,kendin yaparsın,137002,4 yıl önce,4:46,6EZGuu9zAzY,https://www.youtube.com/watch?v=6EZGuu9zAzY,youtube_video,https://www.youtube.com/@kendinyaparsin,False,False,False
Yeni kategoriler,su arıtma cihazı kurulumu,8,Su Arıtma Cihazı Kurulumu Nasıl Yapılır? - Kolay Montaj Aşamaları - Detaylı Anlatım | Mil Su Arıtma,Mil Su Arıtma Sistemleri A.Ş.,148182,4 yıl önce,9:04,b3k4f9zdLUQ,https://www.youtube.com/watch?v=b3k4f9zdLUQ,youtube_video,https://www.youtube.com/@MilSuArtmaSistemleriAS,False,False,False
Yeni kategoriler,su arıtma cihazı kurulumu,9,ONAPCO Su Arıtma Cihazı Montajı | Adım Adım Kurulum,Onapco,577,1 yıl önce,11:32,fMdTGwz3TWw,https://www.youtube.com/watch?v=fMdTGwz3TWw,youtube_video,https://www.youtube.com/@Onapco,False,False,False
Yeni kategoriler,su arıtma cihazı kurulumu,10,#pratik #su #arıtma #cihazı #kurulum  #tarifi dört renk #Elmas #su arıtma sistemleri,4 renk Elmas Su arıtma,73677,2 yıl önce,3:11,z-vptLqyjwM,https://www.youtube.com/watch?v=z-vptLqyjwM,youtube_video,https://www.youtube.com/@elmassuaritma,False,False,False
Yeni kategoriler,su arıtma cihazı kurulumu,11,"Kapalı Kasa Su Arıtma Cihazı Tanıtımı, Kurulumu, Montajı ve Detaylı Anlatımı | Su Arıtma Cihazı",Sanal YouTube,10829,2 yıl önce,27:37,OtT8ZXpKsi4,https://www.youtube.com/watch?v=OtT8ZXpKsi4,youtube_video,https://www.youtube.com/@SanalYouTubeResmi,False,False,False
Yeni kategoriler,su arıtma cihazı kurulumu,12,SAVORA Su Arıtma Cihazı Tanıtım ve Montaj Videosu,OverWater,32710,3 yıl önce,13:28,-F9AIF_bwv4,https://www.youtube.com/watch?v=-F9AIF_bwv4,youtube_video,https://www.youtube.com/@OverWaterSuArtma,False,False,False
Yeni kategoriler,su arıtma cihazı kurulumu,13,SU ARITMA CİHAZI MONTAJI 2021,tuna ısıtma,101549,5 yıl önce,24:28,5Zc8cS1r9NY,https://www.youtube.com/watch?v=5Zc8cS1r9NY,youtube_video,https://www.youtube.com/@tuna48,False,False,False
Yeni kategoriler,su arıtma cihazı kurulumu,14,"Pluskit Su Arıtma Cihazı Kurulumu, Kapalı Kasa Su Arıtma Cihazı Montajı, Musluk, Membran Su Bağlantı",Sanal YouTube,3477,7 ay önce,23:38,mSGWAPVDTWo,https://www.youtube.com/watch?v=mSGWAPVDTWo,youtube_video,https://www.youtube.com/@SanalYouTubeResmi,False,False,False
Yeni kategoriler,su arıtma cihazı kurulumu,15,Tezgah Altı Su Arıtma Cihazı Montajı ✔️ Kolay Kurulum Videosu | Water Global,Water Global Su Arıtma Sistemleri,595,10 ay önce,2:02,g4erYNVavg0,https://www.youtube.com/watch?v=g4erYNVavg0,youtube_video,https://www.youtube.com/@WaterGlobal,False,False,False
Yeni kategoriler,su arıtma cihazı kurulumu,16,Açık Kasa Pompasız Su Arıtma Cihazı Montajı,Damlalife Su Arıtma,1249,4 yıl önce,2:19,Abp9IrxbTuU,https://www.youtube.com/watch?v=Abp9IrxbTuU,youtube_video,https://www.youtube.com/@damlalifesuaritma,False,False,False
Yeni kategoriler,su arıtma cihazı kurulumu,17,Su Arıtma Cihazı Kurulum ve Montajı,Puretron water,250424,6 yıl önce,7:03,2c9EyJ_y8bs,https://www.youtube.com/watch?v=2c9EyJ_y8bs,youtube_video,https://www.youtube.com/@puretronwater3119,False,False,False
Yeni kategoriler,su arıtma cihazı kurulumu,18,Mil Elegance Kapalı Kasa Su Arıtma Cihazı,Fikoloji,27243,2 yıl önce,5:40,b9MK2sgc3CY,https://www.youtube.com/watch?v=b9MK2sgc3CY,youtube_video,https://www.youtube.com/@Fikolojii,False,False,False
Yeni kategoriler,su arıtma cihazı kurulumu,19,ZVG marka İNLANE22 model Su Arıtma Cihazı Kurulumu,Evdeki Usta,939,4 yıl önce,8:02,xXN6t9RrwxQ,https://www.youtube.com/watch?v=xXN6t9RrwxQ,youtube_video,https://www.youtube.com/@EvdekiUsta,False,False,False
Yeni kategoriler,su arıtma cihazı kurulumu,20,OverWater AquaBir Açık Kasa Pompalı Su Arıtma Cihazı Tanıtım ve Montaj Videosu,OverWater,14712,7 yıl önce,27:02,eSbZPksl-a0,https://www.youtube.com/watch?v=eSbZPksl-a0,youtube_video,https://www.youtube.com/@OverWaterSuArtma,False,False,False
Yeni kategoriler,elektrikli havlupan,1,"Elektrikli Havlupanlar ""Tesisatsız Konfor"" | Isının Mimarisi: Bölüm 2",RADIVA | Dekoratif Radyatör ve Havlupan,3685,7 ay önce,17:48,O6_NSwS4btk,https://www.youtube.com/watch?v=O6_NSwS4btk,youtube_video,https://www.youtube.com/@radivadekoratifradyator,False,False,False
Yeni kategoriler,elektrikli havlupan,2,Elektrikli Havlupan Kurulum Detaylar,E Mühendislik,1865,4 yıl önce,34:28,JSPRUT2Uung,https://www.youtube.com/watch?v=JSPRUT2Uung,youtube_video,https://www.youtube.com/@emuhendislik7294,False,False,False
Yeni kategoriler,elektrikli havlupan,3,ELEKTRİKLİ HAVLUPAN YAPIMI,IBO GUL,244,7 ay önce,5:20,7eog7FsOokk,https://www.youtube.com/watch?v=7eog7FsOokk,youtube_video,https://www.youtube.com/@p%C3%BCfnoktas%C4%B1%C4%B1,False,False,False
Yeni kategoriler,elektrikli havlupan,4,Elektrikli Havlupan HİZMETTERM,Bilal Hizmet,3379,4 yıl önce,2:23,l5q1rhCzZPU,https://www.youtube.com/watch?v=l5q1rhCzZPU,youtube_video,https://www.youtube.com/@BilalHizmet,False,False,False
Yeni kategoriler,elektrikli havlupan,5,IVIGO Profesyonel Havlu Isıtıcı Türkçe Kullanım Videosu,İvigo Elektrikli Isıtıcılar,1545,5 yıl önce,0:56,Aig5hKlqsPY,https://www.youtube.com/watch?v=Aig5hKlqsPY,youtube_video,https://www.youtube.com/@IvigoElektrikliIstclar,False,False,False
Yeni kategoriler,elektrikli havlupan,6,Banyo gibi nemli ortamlarda hangi ısıtıcı kullanılır?,İvigo Elektrikli Isıtıcılar,4953,5 yıl önce,0:28,tDGtnv360Fg,https://www.youtube.com/watch?v=tDGtnv360Fg,youtube_video,https://www.youtube.com/@IvigoElektrikliIstclar,False,False,False
Yeni kategoriler,elektrikli havlupan,7,RADİVA | ELEKTRİKLİ CAM HAVLUPAN - Showroom: Fantasia Seramik,RADIVA | Dekoratif Radyatör ve Havlupan,135,4 yıl önce,0:30,NJ82pSaEWws,https://www.youtube.com/watch?v=NJ82pSaEWws,youtube_video,https://www.youtube.com/@radivadekoratifradyator,False,False,False
Yeni kategoriler,elektrikli havlupan,8,ZİCRA ELEKTRİKLİ RADYATÖR MONTAJ TALİMATI,Zicra Radyatör,884,11 ay önce,5:45,Xdo1aBKU9dM,https://www.youtube.com/watch?v=Xdo1aBKU9dM,youtube_video,https://www.youtube.com/@zicraradyator5433,False,False,False
Yeni kategoriler,elektrikli havlupan,9,RADİVA | FİJİ DEKORATİF HAVLUPAN - Showroom: Fantasia Seramik,RADIVA | Dekoratif Radyatör ve Havlupan,65,4 yıl önce,0:32,R2nD3KwaXH0,https://www.youtube.com/watch?v=R2nD3KwaXH0,youtube_video,https://www.youtube.com/@radivadekoratifradyator,False,False,False
Yeni kategoriler,elektrikli havlupan,10,Koçtaş Havluluk Çeşitleri (Banyo Peteği),Ckmk TamirHane,4971,9 yıl önce,0:15,_RNj1aMrJd4,https://www.youtube.com/watch?v=_RNj1aMrJd4,youtube_video,https://www.youtube.com/@Ckmktamirhane,False,False,False
Yeni kategoriler,elektrikli havlupan,11,Elektrikli Panel Konveksiyonel Isıtıcı A-LINE- Aeon Radyatör,AEON Radyatör ve Havlupan,4912,2 yıl önce,0:22,WrQd2ED7d1M,https://www.youtube.com/watch?v=WrQd2ED7d1M,youtube_video,https://www.youtube.com/@aeonradyatorvehavlupan,False,False,False
Yeni kategoriler,elektrikli havlupan,12,Elektrikli Kalorifer & Elektrikli Havlupan Isınma sistemi Hizmetterm,Bilal Hizmet,23846,10 yıl önce,2:36,xvrMJ7oHv18,https://www.youtube.com/watch?v=xvrMJ7oHv18,youtube_video,https://www.youtube.com/@BilalHizmet,False,False,False
Yeni kategoriler,elektrikli havlupan,13,Radyatör ve Havlupan Ürün Tanıtımı  - Hammam Design Radiator,Hammam Radiator,81801,5 yıl önce,3:38,HbmqCu0KKdA,https://www.youtube.com/watch?v=HbmqCu0KKdA,youtube_video,https://www.youtube.com/@hammamradiator1996,False,False,False
Yeni kategoriler,elektrikli havlupan,14,EN MANTIKLI ISITICI MI? İvigo Elektrikli Panel Konvektör Isıtıcı,Enes Özen,138159,1 yıl önce,14:36,qdZGLBs5238,https://www.youtube.com/watch?v=qdZGLBs5238,youtube_video,https://www.youtube.com/@Enes%C3%96zen,False,False,False
Yeni kategoriler,elektrikli havlupan,15,Elektrikli Panel Isıtıcı A-Line - Aeon Radyatör,AEON Radyatör ve Havlupan,22674,2 yıl önce,0:27,Bp2buucmLNQ,https://www.youtube.com/watch?v=Bp2buucmLNQ,youtube_video,https://www.youtube.com/@aeonradyatorvehavlupan,False,False,False
Yeni kategoriler,elektrikli havlupan,16,IVIGO Profesyonel Havlu Isıtıcı Türkçe Montaj Videosu,İvigo Elektrikli Isıtıcılar,1815,5 yıl önce,1:30,yjjyQwrtxcI,https://www.youtube.com/watch?v=yjjyQwrtxcI,youtube_video,https://www.youtube.com/@IvigoElektrikliIstclar,False,False,False
Yeni kategoriler,elektrikli havlupan,17,"Carisa  Radyatör, Havlupan radyatör, Paslanmaz radyatör, Havlupanlar, Radyatör",Nazim Uyar,7934,14 yıl önce,2:59,GeF3QflmqkE,https://www.youtube.com/watch?v=GeF3QflmqkE,youtube_video,https://www.youtube.com/@nazimuyar,False,False,False
Yeni kategoriler,elektrikli havlupan,18,Şimdi Sıra Size - Radyatör Havlupan Firması Hammam Radyatör,Hammam Radiator,286,5 yıl önce,1:21,SGnGQF25gqk,https://www.youtube.com/watch?v=SGnGQF25gqk,youtube_video,https://www.youtube.com/@hammamradiator1996,False,False,False
Yeni kategoriler,elektrikli havlupan,19,havlupan nedir,fπi§d🔦,11009,4 yıl önce,1:44,NCRhGi5IU8Q,https://www.youtube.com/watch?v=NCRhGi5IU8Q,youtube_video,https://www.youtube.com/@isaynud,False,False,False
Yeni kategoriler,elektrikli havlupan,20,ESTOVE HAVLUPAN,Enover Inc,531,10 yıl önce,2:03,CI7dGQcgaAg,https://www.youtube.com/watch?v=CI7dGQcgaAg,youtube_video,https://www.youtube.com/@enoverinc,False,False,False
Yeni kategoriler,şofben montajı,1,şofben nasıl bağlanır - elektirikli şofben kurulumu - şofben bağlantısı - aura 105a5 şofben montajı,Nasıl Yapılır Kendin Yap,37643,2 yıl önce,10:50,csVHq_9h0ok,https://www.youtube.com/watch?v=csVHq_9h0ok,youtube_video,https://www.youtube.com/@Nasilyapilirkendinyap,False,False,False
Yeni kategoriler,şofben montajı,2,"Veito Elektrikli Şofben, Ani Su Isıtıcı V1200 Montaj Ve Kurulum Nasıl Yapılır",BENALİ VİDEOLARI,88682,9 yıl önce,8:20,FB6U5DkwgC4,https://www.youtube.com/watch?v=FB6U5DkwgC4,youtube_video,https://www.youtube.com/@BENAL%C4%B0V%C4%B0DEOLARI,False,False,False
Yeni kategoriler,şofben montajı,3,Şofben nasıl Bağlanır Detaylı anlatım,USTA Tamirci Tuncay,211768,5 yıl önce,10:00,ZbrjxQAIPIA,https://www.youtube.com/watch?v=ZbrjxQAIPIA,youtube_video,https://www.youtube.com/@UstaTamirciTuncay,False,False,False
Yeni kategoriler,şofben montajı,4,Elektrikli Şofben Su ve Elektrik Bağlantısı Yapımı,Pratik Çözümler TV,73501,4 yıl önce,1:41,kr8S06PHSaw,https://www.youtube.com/watch?v=kr8S06PHSaw,youtube_video,https://www.youtube.com/@pratikcozumlertv9612,False,False,False
Yeni kategoriler,şofben montajı,5,Termosifon Montaj Takmak | Ölçü Musluk Nipel Ventil Hortum Delme Takoz Elektrik Ve Detaylar Ariston,İsmâil Hakkı FEYZİOĞLU,269470,4 yıl önce,17:17,LEA4uRFUr2U,https://www.youtube.com/watch?v=LEA4uRFUr2U,youtube_video,https://www.youtube.com/@%C4%B0sm%C3%A2ilHakk%C4%B1FEYZ%C4%B0O%C4%9ELU,False,False,False
Yeni kategoriler,şofben montajı,6,Dikkat!!! Ölümcül İkili / Duş Başlığı Ve Şofben Tehlikesi,Usta Tv,87798,2 yıl önce,2:35,IfJmImQecnA,https://www.youtube.com/watch?v=IfJmImQecnA,youtube_video,https://www.youtube.com/@Usta-Tv,True,False,False
Yeni kategoriler,şofben montajı,7,Elektrikli Şofben Montajı | Simetra Elektrikli Şofben | Köy Evi Yapımı #22 | Gezgin Baba | 75.Bölüm,Gezgin Baba,67030,6 yıl önce,12:34,mgLqnFHUGhw,https://www.youtube.com/watch?v=mgLqnFHUGhw,youtube_video,https://www.youtube.com/@GezginBaba,False,False,False
Yeni kategoriler,şofben montajı,8,Elektrikli Şofben montajı 1,LİVATES,63932,6 yıl önce,8:17,uW1U66WqdqU,https://www.youtube.com/watch?v=uW1U66WqdqU,youtube_video,https://www.youtube.com/@livates01,False,False,False
Yeni kategoriler,şofben montajı,9,Doğalgazlı Şofben Nasıl Çalışır? 🛠️ Ateşleme Yapmıyor ve Isıtmıyorsa İZLE!,Ustam servis,46471,3 yıl önce,2:58,k8_aZ4GLu3A,https://www.youtube.com/watch?v=k8_aZ4GLu3A,youtube_video,https://www.youtube.com/@ustamservis,False,False,False
Yeni kategoriler,şofben montajı,10,baymak bt 7000 şofben bağlantısı banyo ani su ısıtıcı montajı ve elektrik bağlantısı water heater,Elektrik Eğitimi,107420,4 yıl önce,18:26,ujfe9MmJZ9k,https://www.youtube.com/watch?v=ujfe9MmJZ9k,youtube_video,https://www.youtube.com/@elektrikegitimi,False,False,False
Yeni kategoriler,şofben montajı,11,Fakir Şofben Elektrik Bağlantısı Nasıl Yapılır | Geyser electrical connection,Elektrik Eğitimi,74500,4 yıl önce,9:19,-HO6M5Cgz00,https://www.youtube.com/watch?v=-HO6M5Cgz00,youtube_video,https://www.youtube.com/@elektrikegitimi,False,False,False
Yeni kategoriler,şofben montajı,12,Aura şofben montajı,LİVATES,6109,1 yıl önce,16:46,QAZ06AAbNnc,https://www.youtube.com/watch?v=QAZ06AAbNnc,youtube_video,https://www.youtube.com/@livates01,False,False,False
Yeni kategoriler,şofben montajı,13,Şofbeninizi doğru kullanıyor musunuz,Usta Tv,166973,4 yıl önce,6:58,dVhXWdZJitM,https://www.youtube.com/watch?v=dVhXWdZJitM,youtube_video,https://www.youtube.com/@Usta-Tv,True,False,False
Yeni kategoriler,şofben montajı,14,Baymak Elektrikli Şofben Yani Ani Su Isıtıcı Hakkında Yorumlarım,Aşkın Sağlam,80984,4 yıl önce,8:52,z5hGEmI122c,https://www.youtube.com/watch?v=z5hGEmI122c,youtube_video,https://www.youtube.com/@A%C5%9Fk%C4%B1nSa%C4%9Flam,False,False,False
Yeni kategoriler,şofben montajı,15,Baymak ELEKTRİKLİ ŞOHBEN Montajı yapdık. VATAN BİLGİSAYARDAN ALDIK part2 yi mutlaka izleyiniz,Garaj TÜRKİYE,125959,8 yıl önce,13:36,48fJx1l29NM,https://www.youtube.com/watch?v=48fJx1l29NM,youtube_video,https://www.youtube.com/@GarajTurkiye,False,False,False
Yeni kategoriler,şofben montajı,16,Doğalgazlı Şofben Montajı Nasıl Yapılır? | Vaillant Turbomag 12 Doğalgazlı 12 Lt Hermetik Şofben |,Ahmet Züher SÖZEN,79470,8 yıl önce,11:09,giy9hdrQPX4,https://www.youtube.com/watch?v=giy9hdrQPX4,youtube_video,https://www.youtube.com/@ahmetzuhersozenusta,False,False,False
Yeni kategoriler,şofben montajı,17,Elektrikli Şofben Suyu Isıtmıyorsa Tamiri İçin Basit Yol!..,HER ŞEYDEN BİRAZ,32136,3 yıl önce,0:52,TXOWlAmZY4Q,https://www.youtube.com/watch?v=TXOWlAmZY4Q,youtube_video,https://www.youtube.com/@Her%C5%9EeydenBiraz-hf,False,False,False
Yeni kategoriler,şofben montajı,18,Şofben Nasıl Bağlanır🔥Servis Ne yapmış Arızaya gittik Yanlışı Bulduk❎,USTA Tamirci Tuncay,55648,4 yıl önce,3:49,PZvNYg4GuMM,https://www.youtube.com/watch?v=PZvNYg4GuMM,youtube_video,https://www.youtube.com/@UstaTamirciTuncay,False,False,False
Yeni kategoriler,banyo lambası montajı,1,Armatür ışık lamba aplik nasıl takılır | Banyo lavabo bahçe lambası sökme takma | Mutlusan Ledlight,İsmâil Hakkı FEYZİOĞLU,9573,2 yıl önce,3:00,Co2eztcMH2s,https://www.youtube.com/watch?v=Co2eztcMH2s,youtube_video,https://www.youtube.com/@%C4%B0sm%C3%A2ilHakk%C4%B1FEYZ%C4%B0O%C4%9ELU,False,False,False
Yeni kategoriler,banyo lambası montajı,2,PLASTİK TAVAN GLOP MONTAJI NASIL YAPILIR,Özkan Yüksel,52899,5 yıl önce,4:41,5Zn3V3mv8l0,https://www.youtube.com/watch?v=5Zn3V3mv8l0,youtube_video,https://www.youtube.com/@%C3%96zkanY%C3%BCksel,False,False,False
Yeni kategoriler,banyo lambası montajı,3,Sunlight Glop Tavan Lambası Armatürü E27 Tek Duy,sunlighttr,26133,4 yıl önce,0:13,t6sOP4l5DfU,https://www.youtube.com/watch?v=t6sOP4l5DfU,youtube_video,https://www.youtube.com/@sunlighttr6700,False,False,False
Yeni kategoriler,banyo lambası montajı,4,TOKİ BANYOLARINDAKİ KARE LAMBA YANMIYOR NASIL DEĞİŞTİRİRİM- KARE SPOT ARMATÜR NASIL DEĞİŞTRİLİR,enerji571TV,29546,2 yıl önce,3:29,4qqaW_sljDk,https://www.youtube.com/watch?v=4qqaW_sljDk,youtube_video,https://www.youtube.com/@enerji571,False,False,False
Yeni kategoriler,banyo lambası montajı,5,Plastik Tavan Glop Lamba Değişimi 🔧 | Adım Adım Pratik Anlatım 💡 (Yeni Başlayanlar İçin,BEKİR TAŞKIN,10587,1 yıl önce,2:06,99cm3syABh8,https://www.youtube.com/watch?v=99cm3syABh8,youtube_video,https://www.youtube.com/@taskinbekir,False,False,False
Yeni kategoriler,banyo lambası montajı,6,"LED Spot nasıl değiştirilir, nasıl takılır | Kendin yaparsın",kendin yaparsın,339125,7 yıl önce,2:06,qniwxR8zUUA,https://www.youtube.com/watch?v=qniwxR8zUUA,youtube_video,https://www.youtube.com/@kendinyaparsin,False,False,False
Yeni kategoriler,banyo lambası montajı,7,"armatür ışık lamba ablik nasıl takılır,  banyo lavabo wc tuvalet lambası ışığı nasıl takılır montaj",İsmâil Hakkı FEYZİOĞLU,20175,5 yıl önce,4:47,Hx6lWe4Sd5Y,https://www.youtube.com/watch?v=Hx6lWe4Sd5Y,youtube_video,https://www.youtube.com/@%C4%B0sm%C3%A2ilHakk%C4%B1FEYZ%C4%B0O%C4%9ELU,False,False,False
Yeni kategoriler,banyo lambası montajı,8,Banyo Asma Tavan Lamba Değişimi,Bilgi Rehberim,15353,1 yıl önce,1:01,5pBEIZLnrpE,https://www.youtube.com/watch?v=5pBEIZLnrpE,youtube_video,https://www.youtube.com/@Rft206,False,False,False
Yeni kategoriler,banyo lambası montajı,9,Banyo dolabındaki lamba ve prize elektrik nasıl çekilir,Ercan Aydemir,93642,8 yıl önce,1:24,PnXuRZnAAD8,https://www.youtube.com/watch?v=PnXuRZnAAD8,youtube_video,https://www.youtube.com/@ercanaydemir18,False,False,False
Yeni kategoriler,banyo lambası montajı,10,Spot lamba,Tamir Hane,59923,6 yıl önce,0:21,-pOVXtgdXco,https://www.youtube.com/watch?v=-pOVXtgdXco,youtube_video,https://www.youtube.com/@tamirhane1590,False,False,False
Yeni kategoriler,banyo lambası montajı,11,Flüte Aplik Duvar Üstü Lambası Sarı Renk Gün Işığı,sunlighttr,24463,5 yıl önce,0:19,ehcUSMBglWU,https://www.youtube.com/watch?v=ehcUSMBglWU,youtube_video,https://www.youtube.com/@sunlighttr6700,False,False,False
Yeni kategoriler,banyo lambası montajı,12,"Banyo, Wc Asma Tavan Led Ampulleri Nasıl Yenisi İle Değiştirilir, Yapılır",Bav YapHele,31961,4 yıl önce,5:58,FCrLBltn1cc,https://www.youtube.com/watch?v=FCrLBltn1cc,youtube_video,https://www.youtube.com/@bavyaphele,False,False,False
Yeni kategoriler,banyo lambası montajı,13,HALOJEN SPOT LAMBA NASIL DEĞİŞTİRİLİR,Temel Açıkgöz,58075,6 yıl önce,5:22,AzYSzyt1RLY,https://www.youtube.com/watch?v=AzYSzyt1RLY,youtube_video,https://www.youtube.com/@TemelA%C3%A7%C4%B1kg%C3%B6z,False,False,False
Yeni kategoriler,banyo lambası montajı,14,Elektrikçi Çağırmadan Banyo Dolabına Şerit LED Montajı. Basit Ve Şık !,Ege Elektrik Aydınlatma,16439,1 yıl önce,7:25,jUPqzKRmLmw,https://www.youtube.com/watch?v=jUPqzKRmLmw,youtube_video,https://www.youtube.com/@egeayd%C4%B1nlatma,False,False,False
Yeni kategoriler,banyo lambası montajı,15,BANYO GLOB LAMBASI MONTAJI NASIL YAPILIR,Fatih Esen,359,3 yıl önce,4:32,Rk99UuTvcpA,https://www.youtube.com/watch?v=Rk99UuTvcpA,youtube_video,https://www.youtube.com/@FatihEsenn,False,False,False
Yeni kategoriler,banyo lambası montajı,16,TAVAN LED SPOT MONTAJI VE DEĞİŞİMİ NASIL YAPILIR. ( Sende Yaparsın ),TEKNİK MÜDÜR,62953,4 yıl önce,1:46,DKoMB_1DvyY,https://www.youtube.com/watch?v=DKoMB_1DvyY,youtube_video,https://www.youtube.com/@MustafaGunes09,False,False,False
Yeni kategoriler,banyo lambası montajı,17,Banyo Spot Lamba Nasıl Değiştirilir,Bilgi ve Eğlence Zamanı,785,3 yıl önce,6:08,CwMW12t7Z-U,https://www.youtube.com/watch?v=CwMW12t7Z-U,youtube_video,https://www.youtube.com/@bilgiveeglencezamani,False,False,False
Yeni kategoriler,banyo lambası montajı,18,Led Tavan Lambası Nasıl Takılır,Murat Anlı,103886,4 yıl önce,8:03,bU9sYSLPyMY,https://www.youtube.com/watch?v=bU9sYSLPyMY,youtube_video,https://www.youtube.com/@muratanli,False,False,False
Yeni kategoriler,banyo lambası montajı,19,Kare Sıva Üstü 20 Watt Led Panel Armatür Trafolu Beyaz Gün Işığı,sunlighttr,12740,5 yıl önce,0:21,cHy4CE2SFoc,https://www.youtube.com/watch?v=cHy4CE2SFoc,youtube_video,https://www.youtube.com/@sunlighttr6700,False,False,False
Yeni kategoriler,banyo lambası montajı,20,Banyolardaki Asma Tavan (Clipin Tavan) Nasıl Sökülür? Metal Tavan Nasıl Sökülür? Tavan Led Değişimi,TeknoClock,92300,3 yıl önce,1:15,WiwSNAy7s6A,https://www.youtube.com/watch?v=WiwSNAy7s6A,youtube_video,https://www.youtube.com/@teknoclock,False,False,False
Yeni kategoriler,engelli banyo düzenlemesi,1,Engelli Banyosu,Osman Usta,3786,2 yıl önce,0:10,O572C-PYMPk,https://www.youtube.com/shorts/O572C-PYMPk,youtube_video,https://www.youtube.com/@OsmanUstam,False,False,False
Yeni kategoriler,engelli banyo düzenlemesi,2,ENGELLİ  BANYOSU 👌,Osman Usta,2740,3 yıl önce,0:16,B5Gle3EyjVE,https://www.youtube.com/shorts/B5Gle3EyjVE,youtube_video,https://www.youtube.com/@OsmanUstam,False,False,False
Yeni kategoriler,engelli banyo düzenlemesi,3,Ayrıntıshop Banyo Duş Oturağı | Yaşlı ve Engelliler İçin Güvenli Oturma Ünitesi,Ayrıntı Shop / Yapı Malzemeleri,411,1 ay önce,1:08,q0Umytz0D3Q,https://www.youtube.com/shorts/q0Umytz0D3Q,youtube_video,https://www.youtube.com/@Ayr%C4%B1nt%C4%B1ShopYap%C4%B1Malzemeleri,False,False,False
Yeni kategoriler,engelli banyo düzenlemesi,4,"Lotus 115cm Abdest,Engelli ve Çocuk Banyo Dolabı,Ürün Linki Açıklama Kısmında…!!!",Duşhome Banyo Seramik E Ticaret Sitesi,559,2 ay önce,0:14,-kOLoinVB9w,https://www.youtube.com/shorts/-kOLoinVB9w,youtube_video,https://www.youtube.com/@Du%C5%9FhomeBanyoSeramikETicaretSit,False,False,False
Yeni kategoriler,engelli banyo düzenlemesi,5,MyTec Engelli Çocuk Banyo Sandalyesi,Tekerlekli Sandalye Dükkanı,249,1 yıl önce,0:41,J2PfAU4mvjk,https://www.youtube.com/watch?v=J2PfAU4mvjk,youtube_video,https://www.youtube.com/@tekerleklisandalyed,False,False,False
Yeni kategoriler,engelli banyo düzenlemesi,6,Banyomu pratik ürünler ile düzenledim🥰#banyo #pratik #yaşam #düzen #banyodüzeni #tuvalet #reklam,esraduzdemir,2258138,2 yıl önce,0:52,Cz4EY7EaU2o,https://www.youtube.com/shorts/Cz4EY7EaU2o,youtube_video,https://www.youtube.com/@esra.duzdemir,False,False,False
Yeni kategoriler,engelli banyo düzenlemesi,7,#banyo #dekorasyon #banyodekorasyon #home #izmir #dekorasyonfikirleri #tadilatdekorasyon #villa #aşk,Hayri Usta,228843,2 yıl önce,0:16,qcWtXcoTLkk,https://www.youtube.com/shorts/qcWtXcoTLkk,youtube_video,https://www.youtube.com/@Hayri-c4q,False,False,False
Yeni kategoriler,engelli banyo düzenlemesi,8,Lavabo çevresini daha düzenli ve işlevsel hale getiren şerit tasarımlı akıllı banyo organizeri,Sidelyaze Home,36731,4 ay önce,0:20,PSszIJqrgpY,https://www.youtube.com/shorts/PSszIJqrgpY,youtube_video,https://www.youtube.com/@SidelyazeHome,False,False,False
Yeni kategoriler,engelli banyo düzenlemesi,9,Banyonuzda Bu Hatayı Yapmayın 🚽 Banyo Tasarım,Diamond Interior,1318028,1 yıl önce,0:06,4BfNDemoqno,https://www.youtube.com/shorts/4BfNDemoqno,youtube_video,https://www.youtube.com/@diamondinteriorr,False,False,False
Yeni kategoriler,engelli banyo düzenlemesi,10,"Idea 2.0 Banyo Mobilyası, banyo dekorasyon trendlerine yön veriyor.",Kale Banyo,10294,3 yıl önce,0:08,kSwp_8-W5WM,https://www.youtube.com/shorts/kSwp_8-W5WM,youtube_video,https://www.youtube.com/@KaleVideo,False,False,False
Yeni kategoriler,engelli banyo düzenlemesi,11,"Yaşlı, engelli ve yatağa bağımlı kişiler için evde banyo ve bakım hizmetleri",Pakgün Banyo,133,2 yıl önce,0:59,eVi4eEZVngw,https://www.youtube.com/watch?v=eVi4eEZVngw,youtube_video,https://www.youtube.com/@PakgunBanyo,False,False,False
Yeni kategoriler,engelli banyo düzenlemesi,12,Smart Bathing Care: Features and Practical Effects Display of Elderly Shower Chair,Senyang Medical & Home Care,24419,2 yıl önce,0:16,DqT_MvFog9s,https://www.youtube.com/shorts/DqT_MvFog9s,youtube_video,https://www.youtube.com/@Senyangmedical,False,False,False
Yeni kategoriler,engelli banyo düzenlemesi,13,♿️ accessible bathroom,Para Tara,129320,2 yıl önce,0:43,0aSg6UOirJA,https://www.youtube.com/shorts/0aSg6UOirJA,youtube_video,https://www.youtube.com/@ParaTara,False,False,False
Yeni kategoriler,engelli banyo düzenlemesi,14,#banyo #dekorasyon #dekor #evdekorasyonu #banyodekorasyonu #bathroom #home #seramik #ev #hamam,DEKORENZA İç Mimari Tasarım & Mobilya,138805,3 yıl önce,0:09,GDCxkF54Ixs,https://www.youtube.com/shorts/GDCxkF54Ixs,youtube_video,https://www.youtube.com/@dekorenza,False,False,False
Yeni kategoriler,engelli banyo düzenlemesi,15,Paslanmaz Engelli Banyo Duş Oturak - 0850 260 10 04,Ayrıntı Shop / Yapı Malzemeleri,2373,3 yıl önce,0:49,jYkIzj6_UVI,https://www.youtube.com/watch?v=jYkIzj6_UVI,youtube_video,https://www.youtube.com/@Ayr%C4%B1nt%C4%B1ShopYap%C4%B1Malzemeleri,False,False,False
Yeni kategoriler,engelli banyo düzenlemesi,16,Banyo Dekorasyonu | Öncesi & Sonrası 🤩#banyo #banyodolabı #banyotakımı #banyodekorasyon #banyoseti,Yıldız Yapı Mimarlık | Tadilat & Dekorasyon Mutfak,370313,2 yıl önce,0:11,6jJz8wW3CUk,https://www.youtube.com/shorts/6jJz8wW3CUk,youtube_video,https://www.youtube.com/@yildizyapimimarlik,False,False,False
Yeni kategoriler,engelli banyo düzenlemesi,17,Küçük Banyoları Daha da Küçülten 3 Hata! #küçükbanyo #banyodekorasyonu #dekorasyon,Arden Mimarlık,51372,11 ay önce,0:45,VSKVLB66R08,https://www.youtube.com/shorts/VSKVLB66R08,youtube_video,https://www.youtube.com/@Ardenmimarlik,False,False,False
Yeni kategoriler,engelli banyo düzenlemesi,18,Banyonuzu Düzenli Hale Getirin 🚽 Banyo Tasarımı,Diamond Interior,107040,11 ay önce,0:09,S0WPSHRCoO8,https://www.youtube.com/shorts/S0WPSHRCoO8,youtube_video,https://www.youtube.com/@diamondinteriorr,False,False,False
Yeni kategoriler,engelli banyo düzenlemesi,19,Sıfırdan Banyo Part 4 🛁 Dekorasyon🪴#dekorasyon #banyo #dekorasyonfikirleri,Zeynep Senem Pılanya,113611,2 yıl önce,0:11,PMs7CMHlEMQ,https://www.youtube.com/shorts/PMs7CMHlEMQ,youtube_video,https://www.youtube.com/@zepslife,False,False,False
Yeni kategoriler,engelli banyo düzenlemesi,20,Küçük evler için muhteşem tuvalet banyo tasarımı #forsale #art #building #kiralık #portföy #remax,bayram özdemir,182985,2 yıl önce,0:23,m23RNUd_qwk,https://www.youtube.com/shorts/m23RNUd_qwk,youtube_video,https://www.youtube.com/@bayramozdemir.50,False,False,False
Yeni kategoriler,çocuk klozet adaptörü,1,Çoçuk Klozet Adaptörü,Pazaromi com,27116,7 yıl önce,0:31,bCKQfBVkpkM,https://www.youtube.com/shorts/bCKQfBVkpkM,youtube_video,https://www.youtube.com/@pazaromicom9643,False,False,False
Yeni kategoriler,çocuk klozet adaptörü,2,baby plus Klozet Adaptörü,ebebek,8480,8 ay önce,0:33,Q2jGrPF_-3k,https://www.youtube.com/shorts/Q2jGrPF_-3k,youtube_video,https://www.youtube.com/@ebebek,False,False,False
Yeni kategoriler,çocuk klozet adaptörü,3,Çoçuk Klozet Adaptörü,Pazaromi com,43094,7 yıl önce,0:34,g2DaEtEOpm8,https://www.youtube.com/shorts/g2DaEtEOpm8,youtube_video,https://www.youtube.com/@pazaromicom9643,False,False,False
Yeni kategoriler,çocuk klozet adaptörü,4,"NKP Çocuk Adaptörlü Yavaş Kapanır Klozet Kapağı nasıl monte edilir, detaylı anlatım...",Uğur Yapı,182167,8 yıl önce,3:47,KGt8S8cunLc,https://www.youtube.com/watch?v=KGt8S8cunLc,youtube_video,https://www.youtube.com/@cabadakcom,False,False,False
Yeni kategoriler,çocuk klozet adaptörü,5,Moonstar Çocuk Tuvalet Alıştırıcı Klozet Adaptörü,generalali. com,2465,7 yıl önce,0:14,agBcY6F9Wsc,https://www.youtube.com/watch?v=agBcY6F9Wsc,youtube_video,https://www.youtube.com/@General-Ali,False,False,False
Yeni kategoriler,çocuk klozet adaptörü,6,"Tuvalet eğitimi / Potette Plus Premium Portatif Lazımlık , Tuvalet Adaptörü ve Eğitici Oturak",Eserpera ,289,3 yıl önce,3:21,xpLK0BuvvTM,https://www.youtube.com/watch?v=xpLK0BuvvTM,youtube_video,https://www.youtube.com/@eserpera,False,False,False
Yeni kategoriler,çocuk klozet adaptörü,7,Nkp Çocuk Adaptörlü Klozet Kapağı Montajı,AYVAZOĞLU TİCARET,8957,8 yıl önce,1:52,lpxyLnNA3Q0,https://www.youtube.com/watch?v=lpxyLnNA3Q0,youtube_video,https://www.youtube.com/@ayvazogluticaret2740,False,False,False
Yeni kategoriler,çocuk klozet adaptörü,8,merdivenli çocuk tuvalet aparatı,Turker oğuztürk,10778,2 yıl önce,4:57,0PquLxsGakU,https://www.youtube.com/watch?v=0PquLxsGakU,youtube_video,https://www.youtube.com/@turkeroguzturk5373,False,False,False
Yeni kategoriler,çocuk klozet adaptörü,9,Klozet adaptör 🐚,babymaxitr,5067,4 yıl önce,0:52,s-LdArZ4XwE,https://www.youtube.com/watch?v=s-LdArZ4XwE,youtube_video,https://www.youtube.com/@babymaxitr,False,False,False
Yeni kategoriler,çocuk klozet adaptörü,10,Trendyol Kodu TRY990472 Merdivenli Tuvalet Eğitimi Aparatı Çocuk Klozet Adaptörü Güvenli ve Konforlu,DB Aksesuar,5608,8 ay önce,0:23,mc8BDx8WwyE,https://www.youtube.com/shorts/mc8BDx8WwyE,youtube_video,https://www.youtube.com/@dbaksesuar,False,False,False
Yeni kategoriler,çocuk klozet adaptörü,11,Bebek Klozet Adaptörü - Bebek Tuvalet Eğitimi Ürünleri,Marka Bebek Ürünleri,530,7 yıl önce,2:42,ZFN_cPbDNsg,https://www.youtube.com/watch?v=ZFN_cPbDNsg,youtube_video,https://www.youtube.com/@markabebekurunleri9223,False,False,False
Yeni kategoriler,çocuk klozet adaptörü,12,Cocuk Tuvalet Egitim Adaptoru Merdivenli #işbirliği,lazimsakap,753,5 ay önce,0:26,-aDvgOnCQh4,https://www.youtube.com/shorts/-aDvgOnCQh4,youtube_video,https://www.youtube.com/@lazimsakap,False,False,False
Yeni kategoriler,çocuk klozet adaptörü,13,Bebeğinizin büyüme yolculuğunda bir adım daha atmaya hazır mısınız? 💙,ebebek,1935375,1 yıl önce,0:26,n07-RWMihcg,https://www.youtube.com/shorts/n07-RWMihcg,youtube_video,https://www.youtube.com/@ebebek,False,False,False
Yeni kategoriler,çocuk klozet adaptörü,14,Potette Plus Tuvalet Adaptörü Tanıtım ve İnceleme Videosu / Baby Plus Klozet ile Karşılaştırdık,Paketinden Yeni Çıktı,9316,6 yıl önce,6:31,7Xx8KZVib-I,https://www.youtube.com/watch?v=7Xx8KZVib-I,youtube_video,https://www.youtube.com/@paketindenyenicikti,False,False,False
Yeni kategoriler,çocuk klozet adaptörü,15,Hakmar Express | Tuffex Katlanabilir Çocuk Klozet Adaptörü,Hakmar Express,275,4 yıl önce,0:46,3s3llA5BXC8,https://www.youtube.com/watch?v=3s3llA5BXC8,youtube_video,https://www.youtube.com/@HakmarExpressTV,False,False,False
Yeni kategoriler,çocuk klozet adaptörü,16,Potette Plus Portatif Lazımlık ve Eğitici Oturak | Tuvalet Eğitimi,Gizem Kösoğlu,6584,3 yıl önce,2:47,iMj0gKxI2QQ,https://www.youtube.com/watch?v=iMj0gKxI2QQ,youtube_video,https://www.youtube.com/@gizemkosoglu,False,False,False
Yeni kategoriler,çocuk klozet adaptörü,17,Eğitici Eğlenceli Klozet Lazımlık                                     #pilsan #ebebek #babyplus,tavsiye et,6911,3 yıl önce,3:48,cX6M-5I6N38,https://www.youtube.com/watch?v=cX6M-5I6N38,youtube_video,https://www.youtube.com/@tavsiyeet,False,False,False
Yeni kategoriler,çocuk klozet adaptörü,18,Thermo Baby Kiddyloo Merdivenli Tuvalet Alıştırıcısı,generalali. com,2073,8 yıl önce,1:31,3EWe0ZCX-fs,https://www.youtube.com/watch?v=3EWe0ZCX-fs,youtube_video,https://www.youtube.com/@General-Ali,False,False,False
Yeni kategoriler,çocuk klozet adaptörü,19,Moonstar Basamaklı Klozet Lazımlık Adaptörü Renkli,Paketinden Yeni Çıktı,25277,6 yıl önce,5:56,TQCxHCmZ_k4,https://www.youtube.com/watch?v=TQCxHCmZ_k4,youtube_video,https://www.youtube.com/@paketindenyenicikti,False,False,False
Yeni kategoriler,çocuk klozet adaptörü,20,TUVALET EĞİTİMİ SÜRECİNDE KULLANIP MEMNUN KALDIĞIM ÜRÜNLER #işbirliği,Hayriye Cancağız Aslaneli,3608,3 yıl önce,8:10,RpX_qxsjol4,https://www.youtube.com/watch?v=RpX_qxsjol4,youtube_video,https://www.youtube.com/@hayriyeaslaneli,False,False,False
