keyword	volume	best_position	best_position_url
eca	16000	6	https://www.hepsiburada.com/ecaserel
turkuaz rengi	14000	1	https://www.hepsiburada.com/cadence-turkuaz-metalik-boya-120-ml-pm-HB000001I890
vitra klozet	9000	9	https://www.hepsiburada.com/vitra-klozetler-xc-18021930-b8646
kale kilit	8100	7	https://www.hepsiburada.com/Markalar/
vitra gömme rezervuar	8100	4	https://www.hepsiburada.com/vitra-gomme-rezervuar-seti-4-lu-full-set-urun-kodu-700-1868-pm-HBC000000FD0V
eca mutfak bataryası	5900	2	https://www.hepsiburada.com/e-c-a-eca-star-eviye-bataryasi-102118072-pm-HB000018XMF5
eca citius premix 24 kw	5400	11	https://www.hepsiburada.com/e-c-a-citius-premix-24-24-kw-20-000-kcal-hermetik-baca-ile-yuksek-verimli-tam-yogusmali-kombi-pm-HB00000WCOQX
artema	5200	8	https://www.hepsiburada.com/vitraartema
eca proteus	5100	11	https://www.hepsiburada.com/e-c-a-eca-proteus-premix-28-kw-yogusmali-kombi-baca-tipi-isitma-teknigi-ile-yuksek-kapasite-pm-HBC000089LA0P-yorumlari
artema mutfak bataryası	5000	4	https://www.hepsiburada.com/artema-mutfak-evye-bataryalari-xc-18021949-b27496
artema banyo bataryası	3500	5	https://www.hepsiburada.com/artema-banyo-bataryalari-xc-18021947-b27496?sayfa=3
eca banyo bataryası	3400	3	https://www.hepsiburada.com/e-c-a-life-banyo-bataryasi-pm-HBC0000IXAKJ0
eca batarya	3400	8	https://www.hepsiburada.com/e.c.a-batarya-musluklari-xc-18021927-b11531?sayfa=4
vitra klozet kapağı	3200	3	https://www.hepsiburada.com/vitra-klozet-kapaklari-xc-18021958-b8646?sayfa=3
serel gömme rezervuar	3000	3	https://www.hepsiburada.com/e-c-a-serel-gomme-rezervuar-ve-mat-krom-kumanda-paneli-pm-HBC00000AZ3YK
eca citius premix	2800	11	https://www.hepsiburada.com/e-c-a-citius-premix-24-24-kw-20-000-kcal-hermetik-baca-ile-yuksek-verimli-tam-yogusmali-kombi-pm-HB00000WCOQX
eca termostat	2800	7	https://www.hepsiburada.com/oda-termostati-c-60005482
kale kilit göbeği	2100	14	https://www.hepsiburada.com/kale-snc-5-anahtarli-68-mm-barel-kilit-gobegi-yuksek-guvenlikli-celik-govde-ozellikleriyle-pm-HB00000V26C4
vitra klozet fiyatları	2100	6	https://www.hepsiburada.com/vitra-klozetler-xc-18021930-b8646
kalebodur fiyatları	2000	7	https://www.hepsiburada.com/60x120-seramik-x-s67476
vitra gömme rezervuar iç takımı	1900	6	https://www.hepsiburada.com/vitra-gomme-rezervuar-ic-takim-conta-bosaltma-grubu-contasi-pm-HBC00004AOUI1-yorumlari
serel klozet	1900	13	https://www.hepsiburada.com/serel-klozet-yani-krom-140115003-pm-HBC0000I1O4CH
turkuaz seramik	1800	9	https://www.hepsiburada.com/turkuazseramik
creavit klozet kapağı	1800	17	https://www.hepsiburada.com/creavit-klozet-kapaklari-xc-18021958-b6688
eca termostatik vana	1800	1	https://www.hepsiburada.com/Eca
kale klozet	1700	12	https://www.hepsiburada.com/
vitra asma klozet	1700	5	https://www.hepsiburada.com/vitra-klozetler-xc-18021930-b8646
kale klozet kapağı	1600	16	https://www.hepsiburada.com/
eca confeo plus	1600	3	https://www.hepsiburada.com/eca-kombi-confeo-plus-x-s29378
eca taharet musluğu	1600	7	https://www.hepsiburada.com/e.c.a-ara-musluklar-xc-18021954-b11531
eca petek 1 metre fiyatı	1600	10	https://www.hepsiburada.com/e.c.a-panel-radyatorler-xc-60005350-b11531
eca petek fiyatları	1500	12	https://www.hepsiburada.com/e.c.a-panel-radyatorler-xc-60005350-b11531
kale banyo dolabı	1500	14	https://www.hepsiburada.com/
vitra banyo	1500	17	https://www.hepsiburada.com/
kale kapı kilidi	1500	13	https://www.hepsiburada.com/Markalar/
kale termos	1500	7	https://www.hepsiburada.com/kale-termos-x-s34412
turkuaz klozet	1400	11	https://www.hepsiburada.com/turkuaz-klozetler-xc-18021930-b21921
eca confeo premix	1400	1	https://www.hepsiburada.com/e-c-a-confeo-premix-24-24-kw-20-000-kcal-tam-yogusmali-siyah-kombi-hermetik-baca-ile-yuksek-verim-pm-HB00000WCOR1
eca oda termostatı	1400	8	https://www.hepsiburada.com/oda-termostati-c-60005482
vitra ankastre duş seti	1400	6	https://www.hepsiburada.com/vitra-origin-mat-siyah-ankastre-tepe-banyo-dus-seti-3-yollu-pm-HBC0000AZW2P4
minyatür kale	1300	20	https://www.hepsiburada.com/kale-filesi-x-s51300
vitra gömme rezervuar seti	1300	13	https://www.hepsiburada.com/
serel gömme rezervuar iç takımı	1300	1	https://www.hepsiburada.com/serel-gomme-rezarvuar-helatasi-icin-pm-HBC00001PKX4S
artema taharet musluğu	1200	8	https://www.hepsiburada.com/artema-kare-ara-musluk-2-li-pm-HB00000M1B6I
vitra karo	1200	8	https://www.hepsiburada.com/
artema batarya	1200	12	https://www.hepsiburada.com/artema-batarya-musluklari-xc-18021927-b27496
eca proteus premix 28 kw	1200	15	https://www.hepsiburada.com/
artema musluk	1100	9	https://www.hepsiburada.com/artema-batarya-musluklari-xc-18021927-b27496?sayfa=17
kale çelik kapı kilidi	1100	6	https://www.hepsiburada.com/kale-celik-kapi-kilidi-3-milli-2000-serisi-pm-HBC000017EHUS
creavit banyo dolabı	1100	12	https://www.hepsiburada.com/
kale abdest lavabosu	1100	4	https://www.hepsiburada.com/kale-lavabolar-xc-60004458-b28914
eca petek	1100	10	https://www.hepsiburada.com/e.c.a-panel-radyatorler-xc-60005350-b11531
vitra duşakabin	1000	11	https://www.hepsiburada.com/
serel	1000	23	https://www.hepsiburada.com/serel-vitrifiyeler-xc-60000509-b25936
kale kasa	1000	3	https://www.hepsiburada.com/kale-kd060-30-110-elektronik-sifreli-kasa-pm-ofiskakibykd2c3011
creavit gömme rezervuar	1000	4	https://www.hepsiburada.com/creavit-gomme-rezervuar-seti-ve-dura-asma-klozet-zeugma-ve-yavas-kapak-pm-HBC000011GGKI-yorumlari
kale kilit göbek	1000	8	https://www.hepsiburada.com/celik-kapi-gobegi-x-s36480
turkuaz oje	900	20	https://www.hepsiburada.com/turkuaz-mavi-oje-71-yuksek-pigmentli-uzun-sureli-kalicilik-hizli-kuruma-nail-lacquer-71-pm-HBC0000GUHKO6
eca proteus premix 24	900	5	https://www.hepsiburada.com/e-c-a-proteus-premix-24-kw-yogusmali-kombi-baca-dahil-pm-HB00000BFX19
kale futbol	900	18	https://www.hepsiburada.com/
eca şofben	900	2	https://www.hepsiburada.com/e-c-a-phoenix-ph-hm-11-hermetik-sofben-19-kw-11-lt-dk-low-nox-enerji-tasarruflu-ve-hizli-isitma-teknolojisi-pm-HB00000RTYXR
kale filesi	900	3	https://www.hepsiburada.com/
vitra mutfak bataryası	900	4	https://www.hepsiburada.com/vitra-batarya-musluklari-xc-18021927-b8646?sayfa=8
kale kilit fiyatları	800	2	https://www.hepsiburada.com/kale-2000-silindirli-daire-kilidi-45mm-pm-HB00000L45B1
banyo kalebodur modelleri	800	30	https://www.hepsiburada.com/seramikler-yer-dosemeleri-c-13003325
eca 24 kw kombi	800	9	https://www.hepsiburada.com/
vitra batarya	800	10	https://www.hepsiburada.com/vitra-batarya-musluklari-xc-18021927-b8646
eca ankastre duş seti	800	13	https://www.hepsiburada.com/
kale banyo	800	13	https://www.hepsiburada.com/
vitra s50 asma klozet	800	15	https://www.hepsiburada.com/
turkuaz klozet fiyatları	700	9	https://www.hepsiburada.com/turkuaz-klozetler-xc-18021930-b21921
kale klozet fiyatları	700	7	https://www.hepsiburada.com/kale-klozetler-xc-18021930-b28914
eca niobe lavabo bataryası	700	11	https://www.hepsiburada.com/eca-niobe-banyo-bataryasi-x-s54313
vitra artema	700	26	https://www.hepsiburada.com/vitra-artema-dus-setleri-xc-18021971-b117993
turkuaz time	700	7	https://www.hepsiburada.com/magaza/turkuaz-time
kale çelik kapı fiyatları	700	18	https://www.hepsiburada.com/kale-celik-kapi-x-s14345
eca kombi modelleri	700	16	https://www.hepsiburada.com/e.c.a-kombiler-xc-17723-b11531
eca duş başlığı	700	4	https://www.hepsiburada.com/eca-minimal-dus-basligi-102127467-pm-HBC0000FZO7ZD
turkuaz elbise	700	10	https://www.hepsiburada.com/turkuaz-elbise-x-s13612
vitra banyo dolapları katalog	700	19	https://www.hepsiburada.com/vitra-banyo-mobilyalari-xc-457065-b8646
eca yoğuşmalı kombi fiyatları	700	4	https://www.hepsiburada.com/e.c.a-kombiler-xc-17723-b11531
eca kablosuz oda termostatı	600	5	https://www.hepsiburada.com/oda-termostati-c-60005482
kale anahtar	600	13	https://www.hepsiburada.com/Markalar/
vitra banyo bataryası	600	12	https://www.hepsiburada.com/
defolu kalebodur fiyatları	600	28	https://www.hepsiburada.com/60x120-seramik-x-s67476
eca dalia lavabo bataryası	600	11	https://www.hepsiburada.com/e-c-a-dalia-lavabo-bataryasi-kugu-boru-102188118-pm-HBC00000LNG3X
kale gömme rezervuar iç takımı	600	1	https://www.hepsiburada.com/kale-yeni-gomme-rezervuar-3-8-doldurma-grubu-orijinal-su-alma-grubu-410200903599-pm-HBC0000I2AIL8
eca kombi fiyatları 2025	600	5	https://www.hepsiburada.com/e-c-a-kombi-proteus-premix-42-42-kw-36-000-kcal-tam-yogusmali-kombi-pm-HBC00009VGNG2
eca klima fiyatları	600	10	https://www.hepsiburada.com/klimalar-c-17453
artema duş başlığı	600	5	https://www.hepsiburada.com/artema-dus-basliklari-xc-18021972-b27496
eca niobe banyo bataryası	600	11	https://www.hepsiburada.com/eca-niobe-banyo-bataryasi-x-s54313
eca musluk fiyatları	600	10	https://www.hepsiburada.com/e.c.a-batarya-musluklari-xc-18021927-b11531
vitra rezervuar	600	13	https://www.hepsiburada.com/
parke görünümlü seramik vitra	600	10	https://www.hepsiburada.com/
vitra online	600	8	https://www.hepsiburada.com/vitra
vitra tuvalet taşı	600	9	https://www.hepsiburada.com/vitra-klozetler-xc-18021930-b8646
vitra lavabo bataryası	600	7	https://www.hepsiburada.com/origin-lavabo-bataryasi-pm-HBC0000ECQ38F
kale gömme rezervuar	600	2	https://www.hepsiburada.com/nalbur-lazim-kale-gomme-rezervuar-parlak-buton-pm-HBC000046V1AJ
vitra gömme rezervuar iç takım	500	5	https://www.hepsiburada.com/vitra-rezervuar-ic-takimlar-xc-18021929-b8646
eca banyo lavabo bataryası	500	4	https://www.hepsiburada.com/e-c-a-nita-banyo-lavabo-bataryasi-102188034-pm-HBC00004Z5R2G
eca radyatör	500	6	https://www.hepsiburada.com/eca5/yagli-radyator-c-80081037
vitra küvet	500	16	https://www.hepsiburada.com/vitra/kuvetler-c-18021999
eca citius	500	10	https://www.hepsiburada.com/eca-citius-x-s63164
vitra gömme rezervuar set	500	13	https://www.hepsiburada.com/vitra-gomme-rezervuar-x-s52540
kale ölçüleri	500	2	https://www.hepsiburada.com/adelinspor-7-32-2-44-aluminyum-sabit-mapali-kale-diregi-nizami-olcu-pm-HB000002WRDZ
turkuaz bella klozet	500	8	https://www.hepsiburada.com/turkuaz-serami-k-bella-duvara-sifir-klozet-bella-slim-yavas-kapanan-kapak-cift-kademeli-ic-takim-dahil-pm-HB00000BYVWC
vitra duş teknesi	500	17	https://www.hepsiburada.com/
eca 12000 btu klima	500	10	https://www.hepsiburada.com/eca-12000-btu-klima-x-s10684
vitra gömme rezervuar contası	500	2	https://www.hepsiburada.com/
kale lavabo	500	14	https://www.hepsiburada.com/kale-lavabolar-xc-60004458-b28914
eca tiera lavabo bataryası	500	23	https://www.hepsiburada.com/
kale seramik 60x120 fiyatları	500	8	https://www.hepsiburada.com/60x120-seramik-x-s67476
vitra gömme klozet	500	5	https://www.hepsiburada.com/vitra-klozetler-xc-18021930-b8646
eca radyatör vanası	500	11	https://www.hepsiburada.com/kose-radyator-vanasi-x-s37534
eca klima 12000	500	16	https://www.hepsiburada.com/eca-12000-btu-klima-x-s10684
eca petek vanası	500	10	https://www.hepsiburada.com/Eca
vitra duvara sıfır klozet	500	7	https://www.hepsiburada.com/vitra-klozetler-xc-18021930-b8646
vitra tezgah üstü lavabo	500	3	https://www.hepsiburada.com/vitra-nora-s-lavabo-bataryasi-tezgah-ustu-canak-lavabo-50-cm-beyaz-batarya-dahil-pm-HBC00005TSFJI
vitra kumanda paneli	500	3	https://www.hepsiburada.com/vitra-kumanda-paneli-xc-80298256-b8646
kale direği	500	7	https://www.hepsiburada.com/adelinspor-gold-metal-futbol-kale-diregi-2-20-3-5-0-60-m-pm-HBC00004LRIQG
kalebodur fiyat	450	8	https://www.hepsiburada.com/60x120-seramik-x-s67476
eca proteus premix 24 kw fiyat	450	3	https://www.hepsiburada.com/e-c-a-proteus-premix-24-kw-yogusmali-kombi-baca-dahil-pm-HB00000BFX19
kale asma kilit	450	4	https://www.hepsiburada.com/kale-kilit-kale-sari-asma-kilit-32-mm-pm-HB000013WVC6
vitra klozet kapağı menteşesi	450	6	https://www.hepsiburada.com/klozet-kapagi-mentesesi-x-s48997
vitra kanalsız klozet	450	1	https://www.hepsiburada.com/vitra-s60-kanalsiz-asma-klozet-vitra-slim-duroplast-kapak-pm-HBC00004BLOV1
artema ara musluk	450	7	https://www.hepsiburada.com/artema-filtreli-ara-musluk-pm-hremod6048
eca arıtmalı mutfak bataryası	450	1	https://www.hepsiburada.com/e-c-a-eca-nita-3-akisli-aritici-mutfak-eviye-bataryasi-su-aritma-baglantili-102118350-pm-HBC000068AEBV
turkuaz saat	450	8	https://www.hepsiburada.com/Turkuaz
eca klima 18000	450	15	https://www.hepsiburada.com/eca5/klimalar-c-17453?filtreler=btu:18000
eca petek fiyatları 120 cm	450	4	https://www.hepsiburada.com/e-c-a-eca-panel-radyator-600-1100-pm-HBC00001AXYOP
eca hermetik şofben	450	10	https://www.hepsiburada.com/e-c-a-phoenix-ph-hm-11-hermetik-sofben-19-kw-11-lt-dk-low-nox-enerji-tasarruflu-ve-hizli-isitma-teknolojisi-pm-HB00000RTYXR
vitra fayans	450	6	https://www.hepsiburada.com/
eca armatür	450	4	https://www.hepsiburada.com/eca-niobe-3-lu-batarya-seti-modamix-marakech-tepedus-seti-pm-HB00000BT00O
klozet fiyatları vitra	450	3	https://www.hepsiburada.com/vitra-v-care-basic-5674b003-6193-akilli-klozet-60-cm-beyaz-pm-HBC00000UBUCG
vitra retromix	450	9	https://www.hepsiburada.com/vitra-retromix-x-s51875
kalebodur boyası	450	1	https://www.hepsiburada.com/bianca-ceramica-fayans-boyasi-kullanima-hazir-1-kg-siyah-rulo-pm-HBC0000043SVC
vitra asma klozet fiyatları	400	8	https://www.hepsiburada.com/vitra-klozetler-xc-18021930-b8646
vitra banyo seramik	400	6	https://www.hepsiburada.com/vitra-seramikler-karolar-xc-60002251-b8646
eca kombi 24.000 tam yoğuşmalı	400	1	https://www.hepsiburada.com/eca-citius-28kw-24-000-tam-yogusmali-kombi-pm-HBC00004N9R8F
eca banyo bataryası fiyatları	400	10	https://www.hepsiburada.com/e.c.a-banyo-bataryalari-xc-18021947-b11531
vitra iç takım	400	1	https://www.hepsiburada.com/vitra-330b1212-tek-basmali-ic-takim-pm-hrayvz330b1212x
eca mutfak bataryası fiyatları	400	6	https://www.hepsiburada.com/mutfak-evye-bataryalari-c-18021949
vitra gömme rezervuar fiyatları	400	4	https://www.hepsiburada.com/vitra-gomme-rezervuar-x-s52540
eca eviye bataryası	400	5	https://www.hepsiburada.com/e-c-a-eca-spylos-eviye-bataryasi-pm-HBC00000HSSEB
kale otomatik kapı kilidi	400	2	https://www.hepsiburada.com/kale-kapi-otomatigi-x-s37274
vitra klozet takımı	400	4	https://www.hepsiburada.com/vitra-s25-smooth-flush-kanalsiz-beyaz-duvara-tam-dayali-klozet-rezervuar-seti-9892b003-7201-pm-HBC0000CDEJSP
eca elektrikli kombi	400	9	https://www.hepsiburada.com/e-c-a-arceus-12-kw-monofaz-elektrikli-kombi-kalorifer-ve-sicak-su-icin-hermetik-baca-pm-HBC00002XXGJ5
vitra gömme rezervuar ölçüleri	400	1	https://www.hepsiburada.com/vitra-gomme-rezervuar-seti-4-lu-full-set-urun-kodu-700-1868-pm-HBC000000FD0V
kale mutfak bataryası	400	6	https://www.hepsiburada.com/kale-mutfak-evye-bataryalari-xc-18021949-b28914
kale batarya	400	7	https://www.hepsiburada.com/kale-mare-mutfak-bataryasi-pm-HB00000UTXVN
vitra duş kanalı	400	9	https://www.hepsiburada.com/vitra-v-flow-kare-5606980-dus-kanali-yandan-cikisli-10x10-cm-dk-800-kapak-parlak-krom-pm-HBC0000JVK85I
vitra tuvalet	400	5	https://www.hepsiburada.com/vitra-klozetler-xc-18021930-b8646
eca termostatik vana kafası	400	1	https://www.hepsiburada.com/eca-termostatik-vana-x-s56789
serel klozet fiyatları	400	4	https://www.hepsiburada.com/e-c-a-serel-etna-duvara-sifir-klozet-ve-37-cm-rezervuar-en02-en04-pm-HBC00002J8VDP
eca kombi fiyatı	400	2	https://www.hepsiburada.com/e.c.a-kombiler-xc-17723-b11531
eca şofben fiyatları	350	11	https://www.hepsiburada.com/e-c-a-phoenix-ph-hm-11-hermetik-sofben-19-kw-11-lt-dk-low-nox-enerji-tasarruflu-ve-hizli-isitma-teknolojisi-pm-HB00000RTYXR
eca klozet	350	3	https://www.hepsiburada.com/e-c-a-52-cm-basic-asma-klozet-kapak-haric-pm-HBC00002NEYEU
klozet vitra	350	8	https://www.hepsiburada.com/vitra-klozetler-xc-18021930-b8646
creavit batarya	350	9	https://www.hepsiburada.com/creavit-nuovo-krom-lavabo-banyo-eviye-bataryasi-3-lu-set-nu1600-nu2500-nu8500-pm-HBC0000D9G7LA
vitra s50	350	1	https://www.hepsiburada.com/vitra-s50-asma-klozet-54-cm-pm-HB000012QT1J
eca luna lavabo bataryası	350	4	https://www.hepsiburada.com/eca-luna-lavabo-bataryasi-yandan-kollu-pm-HB00000B0FMN
serel klozet kapağı menteşesi	350	4	https://www.hepsiburada.com/serel-yavas-kapanan-klozet-kapak-mentese-damperi-cift-olarak-gonderilir-pm-HBC0000CFLRUJ
vitra gömme rezervuar şamandıra	350	1	https://www.hepsiburada.com/vitra-gomme-rezarvuar-doldurma-grubu-samandira-pm-HBC0000593W94-yorumlari
eca kombi termostat	350	6	https://www.hepsiburada.com/
kale rezervuar iç takım	350	3	https://www.hepsiburada.com/kale-rezervuar-ic-takimlar-xc-18021929-b28914
eca proteus kombi	350	1	https://www.hepsiburada.com/e-c-a-proteus-premix-24-kw-yogusmali-kombi-baca-dahil-pm-HB00000BFX19
vitra tuvalet kağıtlığı	350	3	https://www.hepsiburada.com/vitra-istanbul-a48016-ikili-tuvalet-kagitligi-etajerli-krom-pm-HB000007RFVW
eca havlupan	350	10	https://www.hepsiburada.com/e-c-a-eca-5-7-havlupan-krom-havlu-kurutucu-banyopan-radyator-pm-HBC000052NYK3
vitra sento	350	3	https://www.hepsiburada.com/vitra-sento-7748b003-0559-rim-ex-asma-klozet-54-cm-beyaz-kapak-dahil-pm-HBC00005B4SAW
serel asma klozet	350	2	https://www.hepsiburada.com/serel-asma-klozet-x-s23011
vitra klozet fiyatları fiyat listesi	350	6	https://www.hepsiburada.com/
creavit duş seti	350	5	https://www.hepsiburada.com/
vitra havluluk	300	7	https://www.hepsiburada.com/vitra-havluluklar-xc-18021942-b8646
vitra lavabo sifonu	300	4	https://www.hepsiburada.com/vitra-a45151-lavabo-sifonu-p-tipi-krom-pm-hrecza45151
vitra şamandıra	300	4	https://www.hepsiburada.com/vitra-rezervuar-ic-takimlar-xc-18021929-b8646
serel gömme rezervuar basma butonu	300	10	https://www.hepsiburada.com/eca-serel-gomme-rezervuar-kumanda-paneli-beyaz-pm-HB00000R16GR
kale kilit göbek fiyatı	300	11	https://www.hepsiburada.com/kale-kilit-kale-tuzakli-sistem-barel-sari-68-mm-pm-HB00000C8IDA
vitra evye	300	11	https://www.hepsiburada.com/vitra-mutfak-evye-bataryalari-xc-18021949-b8646
vitra hela taşı	300	1	https://www.hepsiburada.com/vitra-800-1918-vitra-helatasi-uyumlu-gomme-rezervuar-seti-pm-HBC00002QPPHP
vitra 60x120 seramik fiyat	300	7	https://www.hepsiburada.com/60x120-seramik-x-s67476
eca kombi yorumları	300	6	https://www.hepsiburada.com/
eca niobe eviye bataryası	300	8	https://www.hepsiburada.com/eca-niobe-eviye-bataryasi-pm-HBC000003AZ7H
kale banyo bataryası	300	4	https://www.hepsiburada.com/kale-mare-banyo-lavabo-bataryasi-ve-tema53242-pm-HBC00004BGX5N
vitra klozet takımı fiyatları	300	7	https://www.hepsiburada.com/
eca ecotech klima 12000	300	11	https://www.hepsiburada.com/e-c-a-ecotech-esa2112a100-r32-a-12000-btu-inverter-duvar-tipi-klima-pm-HBC00004810WU
vitra norm klozet	300	1	https://www.hepsiburada.com/norm-501-duvara-sifir-klozet-norm-yavas-kapak-vitra-ic-takim-set-pm-HBC00003ZWZNJ
artema solid s lavabo bataryası	300	2	https://www.hepsiburada.com/artema-solid-s-kugu-lavabo-eviye-mutfak-ve-banyo-batarya-seti-pm-HB00001BZXGR
vitra sento asma klozet	300	3	https://www.hepsiburada.com/vitra-sento-7748b003-0559-rim-ex-asma-klozet-54-cm-beyaz-kapak-dahil-pm-HBC00005B4SAW
turkuaz klozet kapağı	300	9	https://www.hepsiburada.com/turkuaz-klozet-kapaklari-xc-18021958-b21921
vitra gömme rezervuar kapağı	300	1	https://www.hepsiburada.com/vitra-altin-gomme-rezervuar-kumanda-paneli-altin-buton-pm-HBC00006Q22KU
oyuncak kale	300	9	https://www.hepsiburada.com/
vitra rezervuar iç takımı tamiri	300	5	https://www.hepsiburada.com/
eca tiera banyo bataryası	300	7	https://www.hepsiburada.com/eca-tiera-banyo-x-s69243
vitra s20 klozet	300	1	https://www.hepsiburada.com/vitra-s20-round-takim-klozet-seti-pm-HBC00004YEKAB
kale termos 25 lt	300	4	https://www.hepsiburada.com/kale-25-lt-super-piknik-termos-1013-pm-mtbanio25750
kombi fiyatları eca	300	4	https://www.hepsiburada.com/e.c.a-kombiler-xc-17723-b11531
creavit klozet kapağı menteşesi	300	1	https://www.hepsiburada.com/Ev
küçük kale	300	10	https://www.hepsiburada.com/
vitra banyo aksesuarları	300	4	https://www.hepsiburada.com/vitra-banyo-aksesuarlari-xc-18021925-b8646
vitra 60x120 seramik	300	8	https://www.hepsiburada.com/vitra-seramikler-karolar-xc-60002251-b8646
kale kapı kolu	300	5	https://www.hepsiburada.com/system-kale-rozetli-kapi-kolu-antik-rengi-wc-pm-HBC00007G4A04
vitra arıtmalı batarya	300	1	https://www.hepsiburada.com/venita-inox-aritmali-mutfak-bataryasi-3-yollu-dual-flow-pm-HBC00004C0NNQ
eca poly pure 100w	300	5	https://www.hepsiburada.com/e-c-a-e-c-a-poly-pure-kablosuz-dijital-oda-termostati-100w-7006903003-hassas-sicaklik-olcumu-pm-HBC00002WMQP3
eca radyatör fiyatları	250	11	https://www.hepsiburada.com/e.c.a-panel-radyatorler-xc-60005350-b11531
turkuaz araba	250	9	https://www.hepsiburada.com/lc-oyuncak-turkuaz-klasik-arabam-pm-HBC00006PEUZ7
eca kombi 24 kw	250	3	https://www.hepsiburada.com/eca-24-kw-kombi-x-s14341
minyatür kale fiyatları	250	4	https://www.hepsiburada.com/plastik-minyatur-futbol-kalesi-top-dahil-oyuncak-kale-seti-pm-HBC0000GCM9PT
artema arıtmalı mutfak bataryası	250	2	https://www.hepsiburada.com/artema-split-dual-flow-eviye-bataryasi-a42144-360-donebilen-krom-cift-fonksiyonlu-baslik-tezgah-ustu-montaj-pm-HB000002RRDV
vitra s20	250	1	https://www.hepsiburada.com/vitra-s20-asma-klozet-yavas-kapanir-kapak-seti-pm-HB00000F4SXU
vitra sifon	250	1	https://www.hepsiburada.com/artema-vitra-lavabo-sifon-a45151-alt-parca-universal-p-tipi-krom-pm-HBC000035VHQX
kale barel	250	1	https://www.hepsiburada.com/kale-barel-x-s42056
eca duş seti fiyatları	250	9	https://www.hepsiburada.com/e.c.a-dus-setleri-xc-18021971-b11531
turkuaz kolye	250	5	https://www.hepsiburada.com/kolyeler-c-16032932?filtreler=renktipi:Turkuaz
mini kale	250	1	https://www.hepsiburada.com/attiba-beyaz-renk-mini-kale-filesi-minyatur-kale-agi-kale-filesi-3mm-filos-ip-1-cift-2-adet-uzunluk-1-60-m-yukseklik-1-00-m-derinlik-85-cm-goz-araligi-12-cm-pm-HBC00002G6FPV
serel lavabo	250	8	https://www.hepsiburada.com/serel-lavabolar-xc-60004458-b25936
vitra seramik 60x120	250	11	https://www.hepsiburada.com/vitra-seramikler-karolar-xc-60002251-b8646
vitra ankastre banyo bataryası	250	2	https://www.hepsiburada.com/vitra-a42212-flo-s-ankastre-banyo-bataryasi-krom-pm-HB00000T6GO0
eca kombi fiyat	250	11	https://www.hepsiburada.com/kombiler-c-17723
eca tiera eviye bataryası	250	4	https://www.hepsiburada.com/eca-tiera-mutfak-eviye-evye-batarya-103518065-krom-siyah-e-c-a-pm-HB00000FMWRL
kale göbek kilit	250	8	https://www.hepsiburada.com/kale-kilit-164-snc-68mm-barel-3-anahtarli-gobek-pm-HBC00006JDPTV
vitra istanbul serisi	250	2	https://www.hepsiburada.com/vitra-istanbul-4280b403-0016-canak-lavabo-vitra-clean-60-cm-beyaz-pm-HB00000RYL0O
vitra lavabo fiyatları	250	5	https://www.hepsiburada.com/vitra-nora-s-lavabo-bataryasi-qua-etajerli-lavabo-80-cm-beyaz-batarya-dahil-pm-HBC00005U3H5D
vitra ayna	250	5	https://www.hepsiburada.com/
eca dalia eviye bataryası	250	5	https://www.hepsiburada.com/e-c-a-eca-dalia-krom-kaplama-mutfak-eviye-bataryasi-esnek-boru-ile-tezgah-ustu-montaj-icin-pm-HB00001BRHFJ
eca spylos	250	1	https://www.hepsiburada.com/e-c-a-eca-spylos-eviye-bataryasi-pm-HBC00000HSSEB
eca petek 2 metre fiyatı	250	6	https://www.hepsiburada.com/e-c-a-eca-panel-radyator-600-1100-pm-HBC00001AXYOP
creavit asma klozet	250	3	https://www.hepsiburada.com/creavit-tp325-asma-klozet-pm-HB000007F1UF
eca termostat fiyatları	250	6	https://www.hepsiburada.com/
creavit lavabo bataryası	250	9	https://www.hepsiburada.com/creavit-ln1500-luna-lavabo-bataryasi-armaturu-pm-HBC000059BX1T
eca duş bataryası	250	3	https://www.hepsiburada.com/e-c-a-life-banyo-bataryasi-pm-HBC0000IXAKJ0
kale kapı otomatiği	250	2	https://www.hepsiburada.com/kale-kale-elektriklii-otomat-butonlu-makarali-357m-siyah-pm-HBC00008CC359
vitra rezervuar kapağı	250	3	https://www.hepsiburada.com/vitra-kumanda-paneli-xc-80298256-b8646
artema mutfak bataryası fiyatları	250	7	https://www.hepsiburada.com/artema-mutfak-evye-bataryalari-xc-18021949-b27496
artema mutfak batarya fiyatları	250	5	https://www.hepsiburada.com/artema-a42148-solid-s-eviye-bataryasi-krom-kaplama-tezgah-montaji-icin-360-doner-baslik-pm-HBC00003MW9NI
eca filtreli ara musluk	250	3	https://www.hepsiburada.com/eca-filtreli-ara-musluk-102111128-pm-HB0000133VS0
kale radyatör fiyatları	250	6	https://www.hepsiburada.com/kale-su-radyatoru-3-sira-ps-super-r12-toros-501143ps-pm-HB00000N7NK4
artema spiralli mutfak bataryası	250	6	https://www.hepsiburada.com/aritmali-spiralli-mutfak-bataryasi-pm-HBC000084M9LP
eca arıtmalı batarya	250	1	https://www.hepsiburada.com/e-c-a-eca-nita-3-akisli-aritici-mutfak-eviye-bataryasi-su-aritma-baglantili-102118350-pm-HBC000068AEBV
eca termostatik vana fiyatları	250	1	https://www.hepsiburada.com/eca-termostatik-vana-x-s56789
vitra sifon kapağı	250	1	https://www.hepsiburada.com/vitra-altin-gomme-rezervuar-kumanda-paneli-altin-buton-pm-HBC00006Q22KU
eca dalia banyo bataryası	250	6	https://www.hepsiburada.com/e-c-a-dalia-banyo-bataryasi-102102488-pm-HB000012C6ZR
vitra seramik modelleri	250	8	https://www.hepsiburada.com/
eca citius 24 kw	250	6	https://www.hepsiburada.com/e-c-a-citius-premix-24-24-kw-20-000-kcal-hermetik-baca-ile-yuksek-verimli-tam-yogusmali-kombi-pm-HB00000WCOQX
vitra stop valf	250	1	https://www.hepsiburada.com/vitra-ankastre-stop-valf-siva-alti-ankastre-stop-valf-vana-siva-ustu-grubu-pm-HBC00006ZVWX1
vitra s60 asma klozet	250	3	https://www.hepsiburada.com/vitra-s60-smooth-flush-asma-klozet-7510l003-0559-vitra-universal-2-soft-klozet-kapagi-121-003-909-pm-HBC000062NHH1
kalebodur boyama	250	1	https://www.hepsiburada.com/bianca-ceramica-fayans-boyasi-kullanima-hazir-1-kg-siyah-rulo-pm-HBC0000043SVC
vitra s50 klozet	250	1	https://www.hepsiburada.com/vitra-s50-asma-klozet-54-cm-pm-HB000012QT1J
artema batarya fiyatları	250	10	https://www.hepsiburada.com/artema-banyo-batarya-seti-3-lu-pm-HB00000RC7OX
kale lavabo bataryası	250	6	https://www.hepsiburada.com/kale-banyo-tandem-doner-borulu-lavabo-bataryasi-pm-HB00000CLZUP-yorumlari
vitra yavaş kapanan klozet kapağı menteşesi	250	1	https://www.hepsiburada.com/vitra-klozet-kapagi-mentese-metal-baslik-1-adet-yavas-kapanan-ozelligi-ile-uzun-sureli-kullanim-pm-HBC00006I6A1N
eca duvardan mutfak bataryası	250	1	https://www.hepsiburada.com/eca-osmanli-aplike-duvardan-mutfak-eviye-lavabo-bataryasi-102206001-pm-HBC00003V4ZVN
serel gömme rezervuar contası	250	3	https://www.hepsiburada.com/fluidmaster-serel-gomme-rezervuar-bosaltma-grubu-contasi-2-2-x-6-1-cm-pm-HBC00001TGIRE
eca citius premix 24 kw fiyat	250	6	https://www.hepsiburada.com/e.c.a-kombiler-xc-17723-b11531
vitra masajlı duş sistemi	250	1	https://www.hepsiburada.com/vitra-shake-a45807-masajli-dus-sistemi-beyaz-pm-HB00000RYL7W
eca kombi 24 kw tam yoğuşmalı fiyatları	250	11	https://www.hepsiburada.com/kombiler-c-17723
artema banyo bataryası fiyatları	250	6	https://www.hepsiburada.com/artema-banyo-bataryalari-xc-18021947-b27496
eca duş hortumu	200	7	https://www.hepsiburada.com/e.c.a-dus-basliklari-xc-18021972-b11531
turkuaz açık mavi renk tonları	200	1	https://www.hepsiburada.com/refsan-renkli-sir-turkuaz-acik-mavi-boncuk-mavi-8625-1050-c-1-kg-pm-HBC000009PBE5
kale duş seti	200	6	https://www.hepsiburada.com/cesitli-kale-rain-s80-solo-el-dus-takimi-1f-pm-HBC00005H1VPH
kale rezervuar iç takımı	200	3	https://www.hepsiburada.com/kale-klozet-rezervuar-ic-takim-3-6-lt-410200700044-pm-HBC000001IFG8
creavit klozet fiyatları	200	5	https://www.hepsiburada.com/creavit-terra-asma-klozet-tp325-creavit-amasra-thermoplast-yavas-kapanan-klozet-kapagi-kc5000-kc0103-02-pm-HB00000MMKM1
eca klima kumandası	200	1	https://www.hepsiburada.com/tayfun-e-c-a-spylos-esa1209a100-klima-kumandasi-sadece-soguk-mod-pm-HBC00004DZU2P
vitra integra klozet	200	5	https://www.hepsiburada.com/vitra-integra-7041l003-0090-rim-ex-asma-klozet-54-cm-beyaz-pm-HBC00001EPTZ3
vitra basma butonu	200	1	https://www.hepsiburada.com/vitra-gomme-rezervuar-donusum-seti-buton-ve-mafsal-takim-set-manuel-donusum-pm-HB00000WNM5X
eca nita spiralli eviye bataryası	200	10	https://www.hepsiburada.com/e-c-a-nita-spiralli-krom-eviye-bataryasi-102118107-tezgah-ustu-montaj-icin-yuksek-su-akisi-ozelligi-pm-HBC000005QVSQ
artema termostatik banyo bataryası	200	1	https://www.hepsiburada.com/artema-a47157-termostatik-banyo-bataryasi-pm-HBC000011R830
turkuaz aksesuar	200	5	https://www.hepsiburada.com/turkuaz-aksesuar-gelin-nikah-sapkasi-pm-HB000018WPR3
kale buzluk	200	1	https://www.hepsiburada.com/kale-oto-termos-buzluk-60-lt-icecek-saklama-pm-HB000007SXW4-yorumlari
eca kombi 3 yollu vana fiyatı	200	1	https://www.hepsiburada.com/e-c-a-proteus-uc-yollu-vana-tamir-takimi-kombi-icin-uyumlu-yedek-parca-pm-HB000004D5XB
eca 24 kw kombi fiyatları	200	10	https://www.hepsiburada.com/eca-24-kw-kombi-x-s14341
eca termostatik vana dereceleri	200	2	https://www.hepsiburada.com/eca-termostatik-vana-x-s56789
eca kombi yedek parça fiyat listesi	200	10	https://www.hepsiburada.com/
eca kombi gaz valfi fiyatları	200	1	https://www.hepsiburada.com/honeywell-eca-buderus-baymak-baxi-gaz-valfi-pm-HBC00006ASS2P
vitra s20 asma klozet	200	2	https://www.hepsiburada.com/vitra-s20-round-5959-l003-0850-asma-klozet-54-cm-pm-HB00000F4T2P
artema root square	200	9	https://www.hepsiburada.com/vitra-artema-a42738-root-square-ankastre-lavabo-bataryasi-pm-HBC000068Z3FR
eca kombi anakart fiyatı	200	6	https://www.hepsiburada.com/kombi-yedek-parca-eca-whiteplus-kombi-kart-pm-HBC00006AT6E6
kale demir kapı kilidi	200	2	https://www.hepsiburada.com/kale-kilit-tirajli-kilitler-xc-60002995-b66606
vitra duş seti fiyatları	200	5	https://www.hepsiburada.com/vitra-a49293-root-r-aqua-control-termostatik-ankastre-dus-seti-pm-HBC00005MCH2M
asma klozet vitra	200	8	https://www.hepsiburada.com/vitra-klozetler-xc-18021930-b8646
vitra karo seramik	200	8	https://www.hepsiburada.com/
turkuaz asma klozet	200	5	https://www.hepsiburada.com/
kalebodur metrekare fiyatı	200	10	https://www.hepsiburada.com/60x120-seramik-x-s67476
creavit yavaş kapanan klozet kapağı menteşesi	200	9	https://www.hepsiburada.com/klozet-kapagi-mentesesi-x-s48997
eca citius premix 24 kw yorumları	200	1	https://www.hepsiburada.com/e-c-a-citius-premix-24-24-kw-20-000-kcal-hermetik-baca-ile-yuksek-verimli-tam-yogusmali-kombi-pm-HB00000WCOQX
eca 35 kw kombi	200	10	https://www.hepsiburada.com/e-c-a-proteus-premix-35-kw-yogusmali-kombi-hermetik-baca-ile-yuksek-verimlilik-saglar-pm-HB00000BFX1F
eca proteus premix 35 kw	200	4	https://www.hepsiburada.com/e-c-a-proteus-premix-35-kw-yogusmali-kombi-hermetik-baca-ile-yuksek-verimlilik-saglar-pm-HB00000BFX1F
creavit lara klozet	200	2	https://www.hepsiburada.com/creavit-lara-duvara-dayali-klozet-seti-4-parca-pp-yavas-kapak-pm-HBC00001XPQHO
kale gömme rezervuar basma butonu	200	11	https://www.hepsiburada.com/kale-gomme-rezervuar-ic-takim-basma-butonu-start-12-cm-pm-HBC000003E7Z2
eca proteus anakart fiyatı	200	3	https://www.hepsiburada.com/sit-eca-proteus-plus-blue-elektronik-karti-pm-HBC00006ASZL2
kale 264 cec	200	1	https://www.hepsiburada.com/kale-264-cec-estra-yuk-guvenlikli-silindir-2li-set-pm-HBC0000HO0D6F
kale apartman dış kapı kilit elektrikli otomat fiyat	200	6	https://www.hepsiburada.com/elektrikli-kapi-kilidi-x-s33103
eca arıtmalı batarya fiyatları	200	2	https://www.hepsiburada.com/eca-aritmali-batarya-x-s46210
vitra oturmalı duş teknesi	200	4	https://www.hepsiburada.com/sirdus-90x90x16-oval-oturmali-dus-teknesi-pm-HBC0000D6Q4DD
eca alüminyum petek fiyatları	200	9	https://www.hepsiburada.com/e.c.a-panel-radyatorler-xc-60005350-b11531
vitra tezgah arası seramik	200	3	https://www.hepsiburada.com/vitra-seramikler-karolar-xc-60002251-b8646
serel smart asma klozet	200	3	https://www.hepsiburada.com/serel-smart-52-cm-asma-klozet-kapak-haric-sm10ods110h-pm-HBC000048MYH9
kale çanak lavabo	200	6	https://www.hepsiburada.com/kale-lavabolar-xc-60004458-b28914
artema mutfak musluğu	200	3	https://www.hepsiburada.com/artema-batarya-musluklari-xc-18021927-b27496?sayfa=8
kale mobilya	200	9	https://www.hepsiburada.com/kale/mobilyalar-c-18021299
turkuaz perde	200	3	https://www.hepsiburada.com/tac-pileli-fon-perde-turkuaz-70-x-260-cm-pm-HB00000RVROO
kale taharet musluğu	200	1	https://www.hepsiburada.com/kale-b100-stop-valf-pm-HBC00003872H0
artema maestro a42146 pull-out eviye bataryası	200	10	https://www.hepsiburada.com/artema-maestro-a42146-pull-out-eviye-mutfak-bataryasi-krom-pm-HB000006CYGR
vitra tuvalet fırçası	200	2	https://www.hepsiburada.com/vitra-eternity-a4432239-tuvalet-fircasi-siyah-pm-HBC00005EW5F9
eca spylos banyo bataryası	200	4	https://www.hepsiburada.com/eca-spylos-banyo-bataryasi-pm-HBC00003XS7ES
eca klozet fiyatları	200	4	https://www.hepsiburada.com/e-c-a-serel-etna-duvara-sifir-klozet-ve-37-cm-rezervuar-en02-en04-pm-HBC00002J8VDP
kale gömme rezervuar yedek parça	200	3	https://www.hepsiburada.com/ic-takim-contasi-kale-gomme-rezervuar-integra-pm-HBC000001X0C8
roca kale klozet kapağı	200	3	https://www.hepsiburada.com/japar-klozet-kapagi-kale-basic-roca-basic-model-ile-uyumludur-pm-HBC00000QUMCL
artema musluk başlığı	200	3	https://www.hepsiburada.com/
kale marul	200	1	https://www.hepsiburada.com/zengarden-kivircik-bodur-kale-lahana-tohumu-dwarf-curled-kale-vates-pm-HBC00005DZN0T
eca gaz valfi	200	1	https://www.hepsiburada.com/honeywell-eca-buderus-baymak-baxi-gaz-valfi-pm-HBC00006ASS2P
kale çelik kapı göbeği	200	1	https://www.hepsiburada.com/celik-kapi-gobegi-x-s36480
eca luna eviye bataryası	200	3	https://www.hepsiburada.com/eca-eviye-bataryasi-luna-2102118044-pm-hryama118044
eca mutfak musluğu	200	2	https://www.hepsiburada.com/e-c-a-eca-osmanli-eviye-bataryasi-102208003-pm-HBC000005QVRW
eca kombi parçaları	200	4	https://www.hepsiburada.com/
eca kombi proteus premix	200	10	https://www.hepsiburada.com/e-c-a-proteus-premix-24-kw-yogusmali-kombi-baca-dahil-pm-HB00000BFX19
creavit gömme rezervuar iç takımı	200	4	https://www.hepsiburada.com/
kale hygiene klozet kapağı	200	1	https://www.hepsiburada.com/kale-basics-smart-klozet-kapagi-7012272900-pm-HB00000UXB0X
eca delta eviye bataryası	200	9	https://www.hepsiburada.com/e-c-a-eca-delta-krom-evye-bataryasi-195-mm-cikis-ucu-ile-tezgah-ustu-montaj-icin-kullanisli-tasarim-102108633-pm-HB00000LI1HI
eca vana fiyatları	200	6	https://www.hepsiburada.com/eca-3-4-siber-vana-pm-HB00000JF5F0
eca tuvalet musluğu	200	1	https://www.hepsiburada.com/eca-uzun-musluk-085-pm-HB0000055G50
parke görünümlü kalebodur	200	8	https://www.hepsiburada.com/parke-desen-fayans-x-s26077
vitra ayaklı lavabo	200	3	https://www.hepsiburada.com/vitra-istanbul-2-armatur-delikli-etajerli-lavabo-100-cm-siyah-vitraclean-ayakli-pm-HBC0000DA11QV
kale şifreli kilit	200	1	https://www.hepsiburada.com/kale-kilit-kale-sifreli-asma-kilit-4-basamakli-sifreleme-siyah-pm-HBC00002QANYM
eca niobe	200	5	https://www.hepsiburada.com/eca-niobe-banyo-bataryasi-x-s54313
vitra banyo lavabosu	200	6	https://www.hepsiburada.com/vitra-lavabolar-xc-60004458-b8646
serel yavaş kapanan klozet kapağı	150	5	https://www.hepsiburada.com/pelin-slim-yavas-kapanan-klozet-kapagi-150400120018-pm-HBC00009BYI9O
eca kombi termostat fiyatları	150	5	https://www.hepsiburada.com/
eca havlupan fiyatları	150	5	https://www.hepsiburada.com/xpan-krom-50-70-eca-havlupan-pm-HBC00004NAY0P
60x120 kalebodur	150	7	https://www.hepsiburada.com/60x120-seramik-x-s67476
serel gömme rezervuar fiyatları	150	10	https://www.hepsiburada.com/serel-gomme-rezervuar-x-s20021
kale termos çanta	150	1	https://www.hepsiburada.com/kale-termos-lux-spor-cantasi-10-l-pm-HBC00004C8MSK
eca mutfak bataryaları	150	10	https://www.hepsiburada.com/e-c-a-luna-eviye-mutfak-bataryasi-paslanmaz-celik-inox-102518043-pm-HBC0000CIQKWM
turkuaz taşlı kolye	150	9	https://www.hepsiburada.com/kolyeler-c-16032932?filtreler=renktipi:Turkuaz
vitra duvara sıfır klozet fiyatları	150	6	https://www.hepsiburada.com/vitra-klozetler-xc-18021930-b8646
lego kale	150	3	https://www.hepsiburada.com/lego-creator-3-u-1-arada-ortacag-kalesi-31120-yapim-seti-hendekli-ve-koprulu-kale-ayrica-3-minifigur-1426-parca-pm-HBC0000088RLK
eca oda termostatı kablosuz	150	6	https://www.hepsiburada.com/oda-termostati-c-60005482
kale 164 bne	150	7	https://www.hepsiburada.com/kale-kilit-kale-164-bne-bilyali-barel-kapi-kilidi-90-mm-nikel-pm-HB000014QUW7
kale tuvalet taşı	150	1	https://www.hepsiburada.com/in-mekanik-plastik-alaturka-hela-tasi-klasik-hela-tasi-wc-tuvalet-tasi-urun-plastikten-uretilmistir-pm-HBC000045E2C0
kale ofis mobilyaları	150	6	https://www.hepsiburada.com/kale-ofis-mobilyalari-xc-15312-b28914
vitra mia 80 cm	150	1	https://www.hepsiburada.com/vitra-mia-banyo-dolabi-seti-80-cm-beyaz-66050-pm-HBC00003SDSJM
vitra akıllı klozet kapağı	150	1	https://www.hepsiburada.com/vitra-v-care-comfort-5674b403-6194-akilli-klozet-ve-klozet-kapagi-kumandali-kontrol-kolay-temizlenir-kir-biriktirmeyen-ic-kenarlar-60-cm-beyaz-pm-HB00000RYL90
vitra gömme rezervuar kumanda paneli	150	1	https://www.hepsiburada.com/vitra-altin-gomme-rezervuar-kumanda-paneli-altin-buton-pm-HBC00006Q22KU
eca confeo plus 3 yollu vana fiyatı	150	3	https://www.hepsiburada.com/e-c-a-eca-kombi-uc-yollu-vana-motoru-pm-HBC00006QWBK0
artema tepe duş seti	150	2	https://www.hepsiburada.com/artema-solid-s-lavabo-banyo-eviye-system-rain-tepe-dus-seti-pm-HB00001BZXGT
vitra tuvalet kapağı	150	9	https://www.hepsiburada.com/
eca petek fiyat 600x1000	150	4	https://www.hepsiburada.com/e-c-a-panel-radyator-600x1000-mm-pm-HBC00000EWO25
eca kombi yedek parça	150	7	https://www.hepsiburada.com/e.c.a-isitma-sogutma-yedek-parcalari-xc-80419094-b11531
vitra seramik fiyatları	150	8	https://www.hepsiburada.com/vitra-seramikler-karolar-xc-60002251-b8646
artema musluk fiyatları	150	10	https://www.hepsiburada.com/artema-batarya-musluklari-xc-18021927-b27496
vitra duş oturağı	150	5	https://www.hepsiburada.com/esranin-dunyasi-vitra-arkitekta-a44472-dus-oturagi-destek-ayagi-ozel-ihtiyac-pm-HBC0000HY06VT
vitra duşakabin modelleri ve fiyatları	150	8	https://www.hepsiburada.com/
vitra fotoselli pisuvar	150	1	https://www.hepsiburada.com/vitra-pisuvar-siva-alti-fotoselli-set-310-2910-pm-HB00000ZKO5Z
vitra akıllı klozet fiyatları	150	6	https://www.hepsiburada.com/vitra-v-care-prime-7231b403-6216-asma-klozet-seti-kolay-temizlenir-kir-biriktirmeyen-ic-kenarlar-62-cm-beyaz-pm-HB00000ZU60U
vitra basma butonu fiyatı	150	6	https://www.hepsiburada.com/vitra-kumanda-paneli-xc-80298256-b8646
artema minimax s	150	3	https://www.hepsiburada.com/artema-minimax-s-a41984-lavabo-bataryasi-krom-pm-HB000001VE82
eca uzun musluk	150	4	https://www.hepsiburada.com/eca-uzun-musluk-suzgecli-krom-pm-HB000002O56X
artema duş hortumu	150	2	https://www.hepsiburada.com/artema-prime-stick-round-surgulu-el-dusu-fircali-altin-a4592925-pm-HBC0000DALRPL
eca kalorifer vanası	150	3	https://www.hepsiburada.com/e-c-a-eca-termostatik-radyator-vanasi-1-2-kose-trv4-pm-HB00000IUZ8G
serel hygiene klozet	150	3	https://www.hepsiburada.com/e-c-a-serel-etna-duvara-sifir-klozet-ve-37-cm-rezervuar-en02-en04-pm-HBC00002J8VDP
vitra banyo taburesi	150	2	https://www.hepsiburada.com/vitra-banyo-tabureleri-xc-18021998-b8646
panel duş seti vitra	150	1	https://www.hepsiburada.com/vitra-win-s-rain-l-master-1f-ankastre-dus-seti-pm-HBC00003K4P80
turkuaz kırtasiye	150	5	https://www.hepsiburada.com/turkuaz-kirtasiye-ofis-urunleri-xc-2147483643-b21921
serel kumanda paneli	150	8	https://www.hepsiburada.com/e-c-a-serel-gomme-rezervuar-kumanda-paneli-mat-krom-pm-HBC00007FNT2L
artema siyah mutfak bataryası	150	2	https://www.hepsiburada.com/siyah-mutfak-bataryasi-evye-kalin-govde-pirinc-malzeme-kaliteli-360-derece-doner-batarya-mix-govde-delta-boru-mix-siyah-evye-mutfak-pm-HBC00008NMZBM
artema solid s	150	9	https://www.hepsiburada.com/artema-solid-s-lavabo-bataryasi-doner-borulu-pm-HB000007REDO
vitra spiralli mutfak bataryası	150	9	https://www.hepsiburada.com/vitra-mutfak-evye-bataryalari-xc-18021949-b8646
vitra batarya banyo	150	5	https://www.hepsiburada.com/vitra-memoria-a4231757-ankastre-banyo-bataryasi-krom-beyaz-pm-HB00000QW1N9
eca robot duş seti	150	1	https://www.hepsiburada.com/ar-acuba-eca-dus-baslik-seti-3-fonksiyonlu-eca-dus-seti-basligi-102158026-pm-HBC00005B2K1G
serel rezervuar	150	2	https://www.hepsiburada.com/e-c-a-serel-gomme-rezervuar-ve-mat-krom-kumanda-paneli-pm-HBC00000AZ3YK
vitra gömme rezervuar boşaltma grubu	150	1	https://www.hepsiburada.com/vitra-gomme-rezervuar-bosaltma-grubu-436272yp-pm-HBC00000ZMTY6
vitra asma klozet modelleri	150	1	https://www.hepsiburada.com/vitra-integre-square-7082l003-0090-rim-ex-asma-klozet-pm-HBC00001EPU2V
eca kombi devirdaim pompası fiyatları	150	6	https://www.hepsiburada.com/sirkulasyon-pompasi-generous-atromix-eca-premix-protherm-gpa15-6-ii-z195-motor-pm-HBC00008858QY
akıllı klozet vitra klozet	150	2	https://www.hepsiburada.com/vitra-v-care-basic-5674b003-6193-akilli-klozet-60-cm-beyaz-pm-HBC00000UBUCG
kale gömme rezervuar kapağı	150	1	https://www.hepsiburada.com/kale-capsule-gomme-rezervuar-paneli-mat-krom-pm-HB000007EXWQ
vitra ayaklı tuvalet kağıtlığı	150	9	https://www.hepsiburada.com/vitra-tuvalet-kagitliklari-xc-18021939-b8646
vitra klozet rezervuar	150	9	https://www.hepsiburada.com/
serel rezervuar kapağı	150	1	https://www.hepsiburada.com/e-c-a-serel-gomme-rezervuar-kumanda-paneli-parlak-krom-p570120-pm-HB00000OCF8D
eca kartuş	150	6	https://www.hepsiburada.com/eca-40-lik-ayakli-kartus-pm-HBC000001BQVX
kale rezervuar	150	6	https://www.hepsiburada.com/kale-start-gomme-rezervuar-12cm-seffaf-panel-kaldirac-pm-HBC000005NAGP
kale 264	150	8	https://www.hepsiburada.com/kale-264-bts-bilyali-tuzakli-silindir-2-li-set-ortak-anahtar-pm-HBC00007E3P6B
artema gold mutfak bataryası	150	10	https://www.hepsiburada.com/gold-mutfak-bataryasi-x-s53125
vitra gömme rezervuar montaj ölçüleri	150	1	https://www.hepsiburada.com/vitra-gomme-rezervuar-seti-4-lu-full-set-urun-kodu-700-1868-pm-HBC000000FD0V
eca çamaşır makinesi musluğu	150	1	https://www.hepsiburada.com/eca-camasir-makinesi-muslugu-pm-HB00000RSQKS
serel basma butonu fiyatları	150	6	https://www.hepsiburada.com/serel-basma-butonu-yuvarlak-parmak-izi-birakmayan-pm-HB0000020MF9
artema uzun musluk	150	2	https://www.hepsiburada.com/e-m-a-beyaz-ac-kapa-tasarruf-baslikli-uzun-musluk-pm-HB000018MYYW
serel yavaş kapanan klozet kapağı menteşesi	150	2	https://www.hepsiburada.com/serel-yavas-kapanan-klozet-kapak-mentese-damperi-cift-olarak-gonderilir-pm-HBC0000CFLRUJ
vitra çöp kovası	150	7	https://www.hepsiburada.com/vitra-banyo-cop-kovalari-xc-18021941-b8646
vitra gömme rezervuar basma butonu	150	1	https://www.hepsiburada.com/vitra-gomme-rezervuar-donusum-seti-buton-ve-mafsal-takim-set-manuel-donusum-pm-HB00000WNM5X
kale filesi fiyatları	150	6	https://www.hepsiburada.com/
eca batarya banyo	150	5	https://www.hepsiburada.com/eca-dream-banyo-bataryasi-krom-pm-HBC0000J2TH30
artema flo s lavabo bataryası	150	4	https://www.hepsiburada.com/vitra-artema-flo-s-lavabo-bataryasi-a41936-pm-HBC00003XTMDC
turkuaz lavabo modelleri	150	9	https://www.hepsiburada.com/turkuaz-lavabolar-xc-60004458-b21921
kale duvara sıfır klozet fiyatları	150	3	https://www.hepsiburada.com/
vitra taharet musluğu ucu	150	9	https://www.hepsiburada.com/vitra-taharet-ucu-top-mafsalli-rozetli-pm-HBC000048CU5C
vitra klozet kapağı damperi	150	2	https://www.hepsiburada.com/vitra-313655yp1te-beyaz-yeni-tip-damper-seti-sag-ve-sol-klozet-kapagi-yavas-kapanan-ozellik-pm-HBC00006I5XOR
renault 12 toros kale radyatör fiyatları	150	2	https://www.hepsiburada.com/toros-radyator-x-s31969
kale kilit göbeği fiyatları	150	10	https://www.hepsiburada.com/kale-164-snc-90-mm-barel-kilit-gobek-pm-HBC00004KTB62
artema duş bataryası	150	5	https://www.hepsiburada.com/artema-solid-s-banyo-batarya-ve-artema-master-1f-surgulu-dus-seti-pm-HB00000W88ON
eca emniyet ventili	150	5	https://www.hepsiburada.com/emniyet-ventili-wolab-eca-emas-ferroli-3980i040-baxi-7728736-pm-HBC0000IIMKEW
60x120 kalebodur fiyatları	150	5	https://www.hepsiburada.com/60x120-seramik-x-s67476
vitra yedek parça satış noktaları	150	9	https://www.hepsiburada.com/vitra-banyolar-xc-455418-b8646
kale rezervuar kapağı	150	1	https://www.hepsiburada.com/kale-integra-gomme-rezervuar-ic-kapak-estetik-tasarim-ve-uzun-omurlu-kullanim-beyaz-pm-HBC000026N7Z6
kale banyo lavabosu	150	3	https://www.hepsiburada.com/kale-banyo-vale-65x50cm-lavabo-delikli-pm-HB00000CLZVP
artema 3 yollu mutfak bataryası	150	1	https://www.hepsiburada.com/e-m-a-siyah-3-yollu-sicak-soguk-aritma-5-yil-garantili-mutfak-bataryasi-pm-HBC00000UFMNJ
kale basic klozet kapağı	150	1	https://www.hepsiburada.com/kale-basics-smart-klozet-kapagi-7012272900-pm-HB00000UXB0X
doblo 1.3 radyatör kale	150	1	https://www.hepsiburada.com/kaler-0137011ab-radyator-doblo-1-9-jtd-1-3mtj-mek-ac-klimasiz-700x305x38-1-sira-alb-sistem-pm-otapalo80149806
eca petek fiyatları 140 cm	150	6	https://www.hepsiburada.com/radyator-ve-kalorifer-petek-ustu-isi-ve-hava-yonlendirici-140cm-pm-HBC0000E0WYXR
vitra oturmalı duşakabin	150	1	https://www.hepsiburada.com/vitra-sea-59930061000-dus-kabin-krom-pm-HBC00007CR56Y
vitra ankastre taharet musluğu	150	7	https://www.hepsiburada.com/vitra-ara-musluklar-xc-18021954-b8646
vitra gömme rezervuar parçaları	150	1	https://www.hepsiburada.com/vitra-gomme-rezervuar-ic-takim-seti-gri-kumanda-paneli-ile-pratik-kullanim-ve-yuksek-performans-pm-HB00000R1JAP
kale ida klozet	150	8	https://www.hepsiburada.com/ida-klozet-taharet-delikli-alttan-cikisli-rezervuar-klozet-kapak-pm-HBC00002YP3O6
vitra sabunluk	150	2	https://www.hepsiburada.com/vitra-arkitekta-a44285-krom-ankastre-sivi-sabunluk-modern-tasarim-ve-dayanikli-ozellikler-pm-HB00000SFBVC
vitra tuvalet taşı fiyatları	150	8	https://www.hepsiburada.com/vitra-klozetler-xc-18021930-b8646
serel duvara sıfır klozet	150	1	https://www.hepsiburada.com/e-c-a-serel-etna-duvara-sifir-klozet-ve-37-cm-rezervuar-en02-en04-pm-HBC00002J8VDP
vitra engelli klozet	150	9	https://www.hepsiburada.com/
vitra geberit	150	11	https://www.hepsiburada.com/vitra-rezervuar-ic-takimlar-xc-18021929-b8646
eca panel radyatör	150	7	https://www.hepsiburada.com/e.c.a-panel-radyatorler-xc-60005350-b11531
eca tiera	150	5	https://www.hepsiburada.com/eca-tiera-serisi-batarya-set-ec000005-evye-lavabo-banyo-pm-HB0000055G8M
turkuaz krampon	150	1	https://www.hepsiburada.com/laliga-565-turkuaz-cim-saha-hali-saha-krampon-futbol-ayakkabi-pm-HBC00006USUCF
artema joy 3s	150	5	https://www.hepsiburada.com/artema-nora-s-banyo-batarya-a42870-artema-ls20-joy-3s-tepe-dus-seti-a45787-pm-HBC00004PF58Y
eca petek vanası fiyatları	150	7	https://www.hepsiburada.com/radyator-vanasi-x-s58889
kale ankastre duş seti	150	10	https://www.hepsiburada.com/kale-arris-ankastre-dus-seti-3-yollu-pm-HBC0000DMNDK8
vitra boşaltma grubu	150	1	https://www.hepsiburada.com/vitra-gomme-rezervuar-bosaltma-grubu-436272yp-pm-HBC00000ZMTY6
creavit yedek parça	150	7	https://www.hepsiburada.com/creavit-gomme-rezervuar-bosaltma-grubu-100-orijinal-yedek-parca-plastik-malzeme-model-hbv00000r2y1v-pm-HB00000R2Y1U
artema çamaşır musluğu	150	1	https://www.hepsiburada.com/artema-filitreli-camasir-muslugu-a45228-pm-HBC00000XAEST
kale sebzesi nerede bulunur	150	11	https://www.hepsiburada.com/zengarden-kivircik-bodur-kale-lahana-tohumu-dwarf-curled-kale-vates-pm-HBC00005DZN0T
artema banyo lavabo bataryası	150	7	https://www.hepsiburada.com/artema-wi-n-s-lavabo-bataryasi-pm-HB00000L4FDW
vitra gömme rezervuar contası koçtaş	150	8	https://www.hepsiburada.com/rezervuar-ic-takim-contasi-x-s46364
vitra tom dixon	150	3	https://www.hepsiburada.com/vitra-liquid-tom-dixon-termostatik-dus-sistemi-parlak-siyah-a4721939-pm-HBC00004G4OPI
vitra origin lavabo bataryası	150	5	https://www.hepsiburada.com/vitra-origin-lavabo-bataryasi-a42663-pm-HBC0000ECQ211
vitra banyo seti	150	9	https://www.hepsiburada.com/
vitra klozet kapağı fiyatları	150	8	https://www.hepsiburada.com/vitra-klozet-kapaklari-xc-18021958-b8646
eca niobe mutfak bataryası	150	5	https://www.hepsiburada.com/e-c-a-niobe-eviye-bataryasi-102118098-pm-HB00000AL2Z0
kale lahana	150	10	https://www.hepsiburada.com/zengarden-kivircik-bodur-kale-lahana-tohumu-dwarf-curled-kale-vates-pm-HBC00005DZN0T
vitra alaturka tuvalet taşı fiyatları	150	9	https://www.hepsiburada.com/vitra-klozetler-xc-18021930-b8646
artema taharet musluğu fiyatları	150	3	https://www.hepsiburada.com/artema-a45204-filtreli-ara-musluk-pm-HB00000ZKO44
turkuaz bella klozet fiyatları	150	5	https://www.hepsiburada.com/turkuaz-bella-klozet-x-s45401
kalebodur kesme makinesi	150	5	https://www.hepsiburada.com/seramik-kesme-makineleri-c-13003133
turkuaz duvar kağıdı	150	2	https://www.hepsiburada.com/
serel sifon kapağı	150	1	https://www.hepsiburada.com/e-c-a-serel-gomme-rezervuar-kumanda-paneli-parlak-krom-p570120-pm-HB00000OCF8D
vitra ankastre stop valf	150	1	https://www.hepsiburada.com/vitra-ankastre-stop-valf-siva-alti-ankastre-stop-valf-vana-siva-ustu-grubu-pm-HBC00006ZVWX1
vitra banyo lavabo	150	3	https://www.hepsiburada.com/vitra-nora-s-lavabo-bataryasi-qua-etajerli-lavabo-80-cm-beyaz-batarya-dahil-pm-HBC00005U3H5D
turkuaz dış cephe boyası	150	10	https://www.hepsiburada.com/baypoli-izolex-15-dis-cephe-boyasi-10-kg-turkuvaz-pm-HBC00005E6TU6
eca kombi eşanjör değişimi fiyat	150	7	https://www.hepsiburada.com/kombi-yedek-parca-eca-uyumlu-kombi-plaka-esanjor-pm-HBC00006AST15
artema ankastre lavabo bataryası	150	1	https://www.hepsiburada.com/artema-vitra-suit-ankastre-lavabo-bataryasi-krom-a42782-pm-HBC000069G8HI
vitra yer seramikleri	150	10	https://www.hepsiburada.com/vitra-seramikler-karolar-xc-60002251-b8646
artema çanak lavabo bataryası	150	10	https://www.hepsiburada.com/
artema robot duş seti	150	8	https://www.hepsiburada.com/artema-dus-setleri-xc-18021971-b27496
eca proteus premix 28 kw yoğuşmalı kombi yorumları	150	1	https://www.hepsiburada.com/e-c-a-proteus-premix-28-kw-yogusmali-kombi-hermetik-baca-tipi-ile-yuksek-kapasite-pm-HB00000BFX1B
turkuaz firuze taşı	150	1	https://www.hepsiburada.com/firuze-tasi-x-s61960
serel gömme rezervuar kumanda paneli	150	9	https://www.hepsiburada.com/eca-serel-gomme-rezervuar-kumanda-paneli-parlak-krom-p580120-pm-HB00000OCF8H
kale klozet kapağı fiyatları	100	3	https://www.hepsiburada.com/kale-basics-smart-klozet-kapagi-7012272900-pm-HB00000UXB0X
artema kartuş	100	1	https://www.hepsiburada.com/artema-ayakli-kartus-35-lik-kerox-a22874yp-pm-HBC00004AS6R3
açık turkuaz rengi duvar boyası	100	10	https://www.hepsiburada.com/turkuaz-boya-x-s40563
kale klozet modelleri	100	8	https://www.hepsiburada.com/
vitra banyo duş seti	100	1	https://www.hepsiburada.com/vitra-nano-1f-el-dus-takimi-pm-HBC0000IEDRJA
kale sifon kapağı	100	1	https://www.hepsiburada.com/kale-integra-gomme-rezervuar-ic-kapak-estetik-tasarim-ve-uzun-omurlu-kullanim-beyaz-pm-HBC000026N7Z6
vitra gömme rezervuar fiyat	100	9	https://www.hepsiburada.com/vitra-gomme-rezervuar-seti-4-lu-full-set-urun-kodu-700-1868-pm-HBC000000FD0V
serel basma butonu	100	1	https://www.hepsiburada.com/serel-basma-butonu-yuvarlak-parmak-izi-birakmayan-pm-HB0000020MF9
eca klima yorum	100	8	https://www.hepsiburada.com/
creavit rezervuar iç takımı	100	9	https://www.hepsiburada.com/creavit-rezervuar-ic-takimlar-xc-18021929-b6688
mutfak bataryası artema	100	6	https://www.hepsiburada.com/artema-a42148-solid-s-eviye-bataryasi-krom-kaplama-tezgah-montaji-icin-360-doner-baslik-pm-HBC00003MW9NI
serel marka gömme rezervuar	100	4	https://www.hepsiburada.com/e-c-a-serel-gomme-rezervuar-ve-mat-krom-kumanda-paneli-pm-HBC00000AZ3YK
eca duş başlığı seti	100	6	https://www.hepsiburada.com/dus-setleri-c-18021971
vitra banyo aynası	100	7	https://www.hepsiburada.com/vitra-banyo-aynalari-xc-60000017-b8646
eca kombi kazan fiyatları	100	11	https://www.hepsiburada.com/
eca kombi kart fiyatları	100	1	https://www.hepsiburada.com/kombi-yedek-parca-eca-whiteplus-kombi-kart-pm-HBC00006AT6E6
vitra gömme rezervuar set fiyatı	100	7	https://www.hepsiburada.com/vitra-gomme-rezervuar-x-s52540
3 yollu musluk eca	100	1	https://www.hepsiburada.com/eca-aritmali-musluk-x-s25208
kale kapı kilidi fiyatları	100	9	https://www.hepsiburada.com/kale-kilit-tirajli-kilitler-xc-60002995-b66606
eca ecotech klima 18000	100	3	https://www.hepsiburada.com/e-c-a-ecotech-a-18000-btu-3d-inverter-duvar-tipi-klima-pm-HBC00004RVKZZ
creavit taharet musluğu	100	8	https://www.hepsiburada.com/creavit-ara-musluklar-xc-18021954-b6688
vitra klozet kapağı amortisörü	100	5	https://www.hepsiburada.com/vitra-klozet-kapaklari-xc-18021958-b8646
kale rezervuar iç takımı yedek parçaları	100	9	https://www.hepsiburada.com/kale-rezervuar-ic-takim-gomme-rezervuar-bosaltma-contasi-siyah-kaucuk-malzeme-pm-HB00000VSLFX
vitra asma klozet+gömme rezervuar seti	100	1	https://www.hepsiburada.com/vitra-gomme-rezervuar-seti-vitra-arkitekt-asma-klozet-ve-vitra-klozet-kapagi-pm-HB00000MG0UV
eca proteus 24 kw	100	5	https://www.hepsiburada.com/e-c-a-proteus-premix-24-kw-yogusmali-kombi-baca-dahil-pm-HB00000BFX19
artema batarya kartuşu	100	8	https://www.hepsiburada.com/artema-ayakli-kartus-35-lik-kerox-a22874yp-pm-HBC00004AS6R3
vitra sandalye	100	3	https://www.hepsiburada.com/vitra-mobilyalar-xc-18021299-b8646
creavit duvara sıfır klozet	100	1	https://www.hepsiburada.com/creavit-lara-duvara-dayali-klozet-seti-4-parca-pp-yavas-kapak-pm-HBC00001XPQHO
kale tezgah altı lavabo	100	2	https://www.hepsiburada.com/kale-victorian-tezgah-alti-42x-62-cm-lavabo-pm-HBC00009333GP
tofaş 3 lü süper radyatör fiyatları kale	100	4	https://www.hepsiburada.com/
eca kombi ntc sensör değişimi	100	7	https://www.hepsiburada.com/e-c-a-kombi-ntc-sensoru-pm-HB000004D5VJ
artema win s banyo bataryası	100	5	https://www.hepsiburada.com/artema-win-s-banyo-bataryasi-a42676-pm-HB000011OUJW
kale lavabo modelleri	100	7	https://www.hepsiburada.com/kale-lavabolar-xc-60004458-b28914
eca elektrikli kombi yorumları	100	1	https://www.hepsiburada.com/e-c-a-arceus-18-kw-15-480-kcal-h-elektrikli-kombi-18mt-tr-pm-HBC00001UFX69-yorumlari
vitra fotoselli batarya	100	3	https://www.hepsiburada.com/vitra-fotoselli-bataryalar-xc-18021950-b8646
vitra siyah klozet	100	8	https://www.hepsiburada.com/vitra-klozetler-xc-18021930-b8646
tom dixon vitra	100	2	https://www.hepsiburada.com/vitra-liquid-tom-dixon-termostatik-dus-sistemi-parlak-siyah-a4721939-pm-HBC00004G4OPI
vitra asma klozet + rezervuar	100	8	https://www.hepsiburada.com/
eca perlatör	100	9	https://www.hepsiburada.com/e-c-a-eca-ic-disli-perlator-krom-renkli-malzeme-ile-dayanikli-ve-sik-tasarim-pm-HBC000001C3JJ
artema lavabo sifonu	100	2	https://www.hepsiburada.com/artema-plastik-lavabo-sifonu-seti-pm-hremod6070
kale asma klozet fiyatları	100	5	https://www.hepsiburada.com/kale-klozetler-xc-18021930-b28914
kale 164 snc	100	3	https://www.hepsiburada.com/
eca gömme duş seti	100	3	https://www.hepsiburada.com/e-c-a-dalia-ankastre-dus-seti-2-yollu-102199773-pm-HBC00006KPCA3
vitra gömme rezervuar yedek parça	100	2	https://www.hepsiburada.com/vitra-gomme-rezervuar-donusum-seti-buton-ve-mafsal-takim-pm-HB00000W2MI4
creavit lavabo modelleri	100	7	https://www.hepsiburada.com/creavit-lavabolar-xc-60004458-b6688
vitra kanalsız asma klozet	100	1	https://www.hepsiburada.com/vitra-s60-kanalsiz-asma-klozet-vitra-slim-duroplast-kapak-pm-HBC00004BLOV1
kale fiyatları	100	6	https://www.hepsiburada.com/adelinspor-7-32-2-44-aluminyum-sabit-mapali-kale-diregi-nizami-olcu-pm-HB000002WRDZ
kale musluk batarya	100	5	https://www.hepsiburada.com/kale-lavabo-bataryasi-pm-HBC0000IEMSZQ
eca doğalgazlı şofben	100	6	https://www.hepsiburada.com/e-c-a-phoenix-ph-hm-11-hermetik-sofben-19-kw-11-lt-dk-low-nox-enerji-tasarruflu-ve-hizli-isitma-teknolojisi-pm-HB00000RTYXR
grohe	4400	11	https://www.hepsiburada.com/grohe-dus-bataryasi-xc-18021948-b2307
grohe batarya	2000	10	https://www.hepsiburada.com/
visam gömme rezervuar	1900	2	https://www.hepsiburada.com/visam-gomme-rezervuar-iki-kademeli-slim-80-3-6-pm-HBC00003J6G5R
visam gömme rezervuar iç takımı	1800	9	https://www.hepsiburada.com/visam-rezervuar-ic-takimlar-xc-18021929-b12509
grohe duş seti	1800	12	https://www.hepsiburada.com/
geberit klozet	1500	16	https://www.hepsiburada.com/geberit-icon-square-asma-klozet-geberit-klozet-kapagi-pm-HBC00002GRNG8
visam	1500	12	https://www.hepsiburada.com/visam
newarc batarya	1300	10	https://www.hepsiburada.com/newarc-batarya-musluklari-xc-18021927-b91958
newarc	1100	16	https://www.hepsiburada.com/newarc
hansgrohe batarya	1000	12	https://www.hepsiburada.com/hansgrohe-batarya-musluklari-xc-18021927-b7208
bocchi lavabo	900	13	https://www.hepsiburada.com/bocchi-lavabolar-xc-60004458-b4407
grohe banyo bataryası	800	15	https://www.hepsiburada.com/grohe-banyo-bataryalari-xc-18021947-b2307
duravit klozet kapağı	800	10	https://www.hepsiburada.com/duravit-klozet-kapaklari-xc-18021958-b6846
isvea	700	16	https://www.hepsiburada.com/
visam klozet kapağı	600	10	https://www.hepsiburada.com/
hans grohe	600	13	https://www.hepsiburada.com/hansgrohe-sabunluklar-xc-18021936-b7208
visam iç takım	600	3	https://www.hepsiburada.com/
grohe duş başlığı	500	9	https://www.hepsiburada.com/
isvea klozet kapağı	500	10	https://www.hepsiburada.com/
visam rezervuar iç takımı	450	6	https://www.hepsiburada.com/visam-rezervuar-ic-takimlar-xc-18021929-b12509
ideal standard	450	7	https://www.hepsiburada.com/idealstandart
grohe lavabo bataryası	450	3	https://www.hepsiburada.com/grohe-banyo-lavabo-bataryalari-xc-18021983-b2307
visam teos iç takım	350	9	https://www.hepsiburada.com/visam-visam-teos-basmali-klozet-rezervuar-ic-takim-pm-HBC00000ZMUWB
visam gömme rezervuar iç takım	350	2	https://www.hepsiburada.com/visam-rezervuar-ic-takimlar-xc-18021929-b12509
visam klozet iç takımı	350	6	https://www.hepsiburada.com/
visam rezervuar	300	1	https://www.hepsiburada.com/visam-asma-rezervuar-pm-HBC00001269LQ
grohe musluk	250	5	https://www.hepsiburada.com/grohe-batarya-musluklari-xc-18021927-b2307
visam gömme rezervuar kapağı	250	1	https://www.hepsiburada.com/visam-kumanda-paneli-xc-80298256-b12509
newarc klozet	250	7	https://www.hepsiburada.com/newarc-modern-duvara-sifir-klozet-takim-mod-k022-nkp-inci-yavas-kapak-pm-HBC000054VHOW
newarc duş seti	200	7	https://www.hepsiburada.com/newarc-dus-setleri-xc-18021971-b91958
geberit gömme rezervuar iç takımı	200	8	https://www.hepsiburada.com/geberit-rezervuar-ic-takimlar-xc-18021929-b92576
hansgrohe duş başlığı	200	3	https://www.hepsiburada.com/hansgrohe-raindance-select-s-el-dusu-120-3-jet-powderrain-pm-HBC000003U0JR
newarc lavabo bataryası	200	3	https://www.hepsiburada.com/
grohe eviye bataryası	200	8	https://www.hepsiburada.com/grohe-eurosmart-tek-kumandali-eviye-bataryasi-33202002-pm-hrgrh33202002
grohe duş hortumu	200	3	https://www.hepsiburada.com/grohe-relexa-plus-relexaflex-dus-hortumu-28151001-pm-hrgrh28151000
grohe türkiye	200	9	https://www.hepsiburada.com/grohe
hansgrohe mutfak bataryası	200	6	https://www.hepsiburada.com/hansgrohe-focus-mutfak-bataryasi-pm-hrhgr31820000
visam gömme rezervuar yedek parça	200	9	https://www.hepsiburada.com/
visam lord 2000	200	6	https://www.hepsiburada.com/visam-l-ord-2000-zincirli-rezervuar-pm-HBC00000XJR3F
bocchi çanak lavabo	150	2	https://www.hepsiburada.com/bocchi-vessel-dikdortgen-canak-lavabo-56x38cm-pm-HB000001HLFV
geberit kumanda paneli	150	6	https://www.hepsiburada.com/geberit-kumanda-paneli-xc-80298256-b92576
visam gömme rezervuar basma butonu	150	2	https://www.hepsiburada.com/visam-kumanda-paneli-xc-80298256-b12509
isvea klozet kapağı menteşesi	150	4	https://www.hepsiburada.com/
geberit asma klozet	150	1	https://www.hepsiburada.com/geberit-icon-asma-klozet-t53-rimfree-icon-klozet-kapagi-yavas-kapanir-pm-HBC00003D7457
geberit taharet musluğu	150	1	https://www.hepsiburada.com/
visam teos	150	1	https://www.hepsiburada.com/visam-teos-ic-takim-kirmizi-pm-HBC000048J9N4
visam gömme rezervuar fiyatları	150	1	https://www.hepsiburada.com/visam-slim-80-asma-klozet-gomme-rezervuar-pm-HB000003QT29
geberit rezervuar iç takımı	150	2	https://www.hepsiburada.com/geberit-doldurma-grubu-pm-HBC000060HBR5
geberit iç takım	150	1	https://www.hepsiburada.com/geberit-doldurma-grubu-pm-HBC000060HBR5
visam klozet	150	1	https://www.hepsiburada.com/visam-slim-80-gomme-rezervuar-asma-klozet-seti-slim-80-3-6-lt-mat-krom-kumanda-paneli-0007942-pm-HBC00002F6HI5
hansgrohe evye	150	7	https://www.hepsiburada.com/hansgrohe-evyeler-xc-60004289-b7208
grohe ankastre banyo bataryası	100	1	https://www.hepsiburada.com/grohe-ankastre-banyo-bataryasi-3-cik-essence-hard-grap-24092a01-pm-HBC00000RAFPJ
grohe taharet musluğu	100	2	https://www.hepsiburada.com/grohe-grohtherm-3000-cosmopolitan-ankastre-stop-valf-19470000-pm-hrgrh19470000
visam deniz 2000	100	3	https://www.hepsiburada.com/visam-deniz-2000-stoplu-spiral-dirsekli-klozet-ustu-rezervuar-413-003-pm-HB00000O26MF
grohe ara musluk	100	5	https://www.hepsiburada.com/grohe-ara-musluk-1-2-22037a00-pm-HBC00002QKHKR
grohe gömme rezervuar seti	100	1	https://www.hepsiburada.com/grohe-duvarici-ince-gomme-rezervuar-seti-8cm-pm-HBC0000113F89
duravit çanak lavabo	100	5	https://www.hepsiburada.com/duravit-luv-duraceram-canak-lavabo-60-cm-pm-HB00000QPQK4
grohe duş bataryası	100	5	https://www.hepsiburada.com/grohe-eurocosmo-tek-kumandali-banyo-bataryasi-32831000-pm-hrgrh32831000
geberit gömme rezervuar kapağı	100	4	https://www.hepsiburada.com/
grohe ankastre lavabo bataryası	100	8	https://www.hepsiburada.com/grohe-banyo-lavabo-bataryalari-xc-18021983-b2307
visam taharet musluğu	90	1	https://www.hepsiburada.com/visam-ankastre-stop-valfi-taharet-muslugu-pm-HBC00007AWCU9
bocchi monoblok lavabo	90	2	https://www.hepsiburada.com/bocchi-etna-tezgah-ustu-monoblok-lavabo-mat-siyah-1162-004-0125-pm-HBC00001MDZF7
visam klozet takımı	90	7	https://www.hepsiburada.com/visam-rezervuar-ic-takimlar-xc-18021929-b12509
grohe spiralli eviye bataryası	90	6	https://www.hepsiburada.com/grohe-start-spiralli-eviye-bataryasi-90-donus-acisi-krom-30531001-pm-HBC0000A1MX63
visam asma rezervuar	90	1	https://www.hepsiburada.com/visam-lord-2000-asma-rezervuar-450-001-pm-HBC000048FGQA
duravit klozet kapağı menteşesi	90	10	https://www.hepsiburada.com/Ev
visam yedek parça	90	8	https://www.hepsiburada.com/
visam kumanda paneli	80	1	https://www.hepsiburada.com/visam-gomme-rezervuar-kumanda-paneli-olimpos-mat-pm-HBC00007AWW46
bocchi gömme rezervuar	80	2	https://www.hepsiburada.com/kale-bocchi-gomme-rezervuar-tamir-seti-komple-pm-HBC000048J9JO
visam klozet fiyatları	80	5	https://www.hepsiburada.com/visam
grohe batarya fiyatları	70	8	https://www.hepsiburada.com/grohe-batarya-musluklari-xc-18021927-b2307
bocchi eviye	70	7	https://www.hepsiburada.com/bocchi-eviye-suzgeci-ve-sifon-krom-pm-HBC0000FFBZ6T
geberit tuvalet	70	5	https://www.hepsiburada.com/geberit-alpha-gomme-rezervuar-ve-tp325-asma-klozet-seti-pm-HBC00003T751O
geberit gömme rezervuar seti	70	2	https://www.hepsiburada.com/geberit-alpha-gomme-rezervuar-seti-8-cm-mat-krom-pm-HBC00003P4T3I
geberit gömme rezervuar takım fiyatları	70	6	https://www.hepsiburada.com/geberit-alpha-gomme-rezervuar-ve-tp325-asma-klozet-seti-pm-HBC00003T751O
geberit basma butonu	70	1	https://www.hepsiburada.com/geberit-sigma50-kumanda-paneli-cift-basmali-krom-basma-buton-krom-fircalanmis-temizligi-kolay-kaplama-115-788-gh-2-pm-HBC00000FOXWV
newarc klozet kapağı	70	4	https://www.hepsiburada.com/newarc-energy-rimless-asma-klozet-kapak-dahil-2823-7804-pm-HBC0000CHCD0B
hansgrohe türkiye	70	5	https://www.hepsiburada.com/hansgrohe
hansgrohe duş bataryası	70	10	https://www.hepsiburada.com/hansgrohe-banyo-bataryalari-xc-18021947-b7208
grohe spiralli mutfak bataryası	70	4	https://www.hepsiburada.com/zemira-grohe-start-spiralli-eviye-bataryasi-mutfak-bataryasi-mat-siyah-306312430-pm-HBC0000H8YRY2
hansgrohe havluluk	70	4	https://www.hepsiburada.com/
newarc batarya yönlendirici	60	9	https://www.hepsiburada.com/banyo-batarya-yonlendirici-x-s16702
grohe arıtmalı mutfak bataryası	60	3	https://www.hepsiburada.com/grohe-mutfak-evye-bataryalari-xc-18021949-b2307
grohe evye	60	4	https://www.hepsiburada.com/grohe-k400-eviye-80-c-116-50-1-5-rev-31643at0-pm-HB00000VVBFZ
geberit alpha gömme rezervuar	60	3	https://www.hepsiburada.com/geberit-alpha-gomme-rezervuar-seti-8-cm-mat-krom-pm-HBC00003P4T3I
duravit türkiye	60	5	https://www.hepsiburada.com/duravit?sayfa=3
grohe tempesta 200	60	7	https://www.hepsiburada.com/grohe-new-tempesta-sistem-200-duvar-baglantili-divertorlu-dus-sistemi-27389002-pm-HB00000KK8T1
bocchi taharet musluğu	60	1	https://www.hepsiburada.com/bocchi-ara-musluklar-xc-18021954-b4407
visam sifon	60	3	https://www.hepsiburada.com/visam-rezervuar-ic-takimlar-xc-18021929-b12509
bocchi gömme rezervuar seti	60	3	https://www.hepsiburada.com/bocchi-tugla-duvar-gomme-rezervuar-3-6-lt-8-5-cm-8000-1000-pm-HBC00000093CM
hansgrohe mutfak batarya	60	6	https://www.hepsiburada.com/hansgrohe-focus-mutfak-bataryasi-pm-hrhgr31820000
bocchi batarya	50	1	https://www.hepsiburada.com/bocchi-batarya-musluklari-xc-18021927-b4407
geberit rezervuar kapağı	50	3	https://www.hepsiburada.com/geberit-delta21-kumanda-kapagi-cift-basmali-mat-krom-pm-HBC00001I4Q39
bocchi klozet fiyatları	50	9	https://www.hepsiburada.com/bocchi-klozetler-xc-18021930-b4407
visam gömme rezervuar şamandıra	50	3	https://www.hepsiburada.com/visam-rezervuar-ic-takimlar-xc-18021929-b12509
newarc taharet musluğu	50	2	https://www.hepsiburada.com/newarc-ara-musluklar-xc-18021954-b91958
geberit sifon	50	2	https://www.hepsiburada.com/geberit-rezervuar-ic-takimlar-xc-18021929-b92576
grohe duş seti fiyatları	50	7	https://www.hepsiburada.com/
visam rezervuar fiyatları	50	3	https://www.hepsiburada.com/visam-slim-80-asma-klozet-gomme-rezervuar-pm-HB000003QT29
grohe tempesta 100	40	3	https://www.hepsiburada.com/grohe-new-tempesta-100-el-dusu-seti-2-akisli-2780310e-pm-HB0000194TF3
grohe gömme rezervuar fiyat	40	5	https://www.hepsiburada.com/grohe-uniset-gomme-rezervuar-pnomatik-13-cm-38642001-pm-HB00000UQUE8
grohe grohtherm 800	40	5	https://www.hepsiburada.com/grohe-grohtherm-800-termostatik-banyo-bataryasi-34576000-pm-hrgrh34576000
vitra geberit iç takım	40	4	https://www.hepsiburada.com/vitra-rezervuar-ic-takimlar-xc-18021929-b8646
grohe eviye	40	2	https://www.hepsiburada.com/grohe-k400-eviye-80-c-116-50-1-5-rev-31643at0-pm-HB00000VVBFZ
grohe banyo lavabo bataryası	40	5	https://www.hepsiburada.com/grohe-plus-sifon-kumandali-lavabo-bataryasi-32612003-pm-HB00000QGZIC
newarc evye bataryası	40	2	https://www.hepsiburada.com/newarc-aqua-eviye-mutfak-bataryasi-kose-borulu-941881l-pm-HB00001A7NRG
newarc batarya yorum	40	2	https://www.hepsiburada.com/newarc-smart-142511-banyo-bataryasi-pm-hrnewarcsmrt142511-yorumlari
bocchi lavabo bataryası	40	4	https://www.hepsiburada.com/
grohe sensörlü batarya	40	4	https://www.hepsiburada.com/grohe-fotoselli-lavabo-bataryasi-duvardan-ank-elektrikli-36315000-pm-HB00000H6GFF
hansgrohe talis	40	3	https://www.hepsiburada.com/hansgrohe-talis-e-banyo-bataryasi-pm-HB00001B1HY8
grohe bauedge eviye bataryası	30	8	https://www.hepsiburada.com/grohe-bauedge-tek-kumandali-eviye-bataryasi-31367001-pm-HB00000TRPC6
bocchi musluk	30	1	https://www.hepsiburada.com/bocchi-batarya-musluklari-xc-18021927-b4407
grohe 31367001	30	8	https://www.hepsiburada.com/
grohe gömme rezervuar kumanda paneli	30	2	https://www.hepsiburada.com/grohe-gomme-rezervuar-kumanda-paneli-abs-beyaz-38732sh0-pm-HBC0000IQO606
geberit icon asma klozet	30	1	https://www.hepsiburada.com/geberit-icon-asma-klozet-t53-rimfree-icon-klozet-kapagi-yavas-kapanir-pm-HBC00003D7457
visam gömme rezervuar iç takımı fiyatları	30	2	https://www.hepsiburada.com/visam-rezervuar-ic-takimlar-xc-18021929-b12509
newarc domino banyo bataryası	30	2	https://www.hepsiburada.com/newarc-domino-banyo-bataryasi-pm-HB00000NQXGV
bocchi v tondo	30	7	https://www.hepsiburada.com/bocchi-v-tondo-rimless-asma-klozet-parlak-beyaz-1416-001-0128-kapak-dahil-pm-HBC000032XDEK
grohe smartcontrol	30	8	https://www.hepsiburada.com/grohe-smartcontrol-akis-kontrollu-ankastre-termostatik-banyo-bataryasi-3-yollu-siva-ustu-grubu-altin-29126gl0-pm-HBC0000A1E1OP
hansgrohe fiyat listesi	30	5	https://www.hepsiburada.com/hansgrohe
hansgrohe taharet musluğu	30	1	https://www.hepsiburada.com/hansgrohe-ara-musluklar-xc-18021954-b7208
newarc aqua lavabo bataryası	30	3	https://www.hepsiburada.com/newarc-aqua-siyah-canak-lavabo-bataryasi-pm-HB0000056XWP
newarc banyo bataryası yönlendirici	30	10	https://www.hepsiburada.com/banyo-batarya-yonlendirici-x-s16702
hansgrohe rainfinity	30	1	https://www.hepsiburada.com/rainfinity-tepe-dusu-360-3jet-duvar-baglantili-satin-beyaz-26234700-pm-HBC0000JIDAK9
visam rezervuar iç takımı fiyat	30	5	https://www.hepsiburada.com/visam-rezervuar-ic-takimlar-xc-18021929-b12509
bocchi rezervuar	30	1	https://www.hepsiburada.com/bocchi-gomme-rezervuar-ic-takim-bosaltma-grubu-pm-HBC000048L31D
bocchi klozet takımı	30	3	https://www.hepsiburada.com/bocchi-etna-asma-klozet-ve-kapak-antrasit-pm-HBC000013Y585
visam jet flatör	30	1	https://www.hepsiburada.com/visam-3-8-jet-flator-652-001-pm-HB000008N3PX
geberit klozet fiyat	30	6	https://www.hepsiburada.com/geberit-icon-asma-klozet-t53-rimfree-icon-klozet-kapagi-yavas-kapanir-pm-HBC00003D7457
bocchi duş seti	30	3	https://www.hepsiburada.com/bocchi-dus-setleri-xc-18021971-b4407
bocchi mutfak bataryası	20	1	https://www.hepsiburada.com/bocchi-batarya-musluklari-xc-18021927-b4407
bocchi gömme rezervuar yedek parçaları	20	4	https://www.hepsiburada.com/bocchi-rezervuar-ic-takimlar-xc-18021929-b4407
grohe new tempesta 200	20	5	https://www.hepsiburada.com/grohe-new-tempesta-sistem-200-divertorlu-dus-seti-krom-kaplama-ozellikli-sik-tasarim-27389002-pm-HB00000KK8T1
bocchi fenice klozet kapağı	20	5	https://www.hepsiburada.com/bocchi-klozet-kapaklari-xc-18021958-b4407
newarc banyo batarya yedek parça	20	10	https://www.hepsiburada.com/newarc-batarya-musluklari-xc-13003267-b91958
bocchi etna monoblok lavabo	20	1	https://www.hepsiburada.com/bocchi-etna-tezgah-ustu-monoblok-lavabo-pm-HB000001HKV9
bocchi fenice	20	1	https://www.hepsiburada.com/bocchi-bocchi-fenice-asma-klozet-parlak-beyaz-kapak-dahil-1166-001-0128tk-p-HBCV0000DQL6HI
grohe mutfak evyesi	20	2	https://www.hepsiburada.com/grohe-k400-eviye-80-c-116-50-1-5-rev-31643at0-pm-HB00000VVBFZ
grohe mutfak bataryası fiyatları	20	9	https://www.hepsiburada.com/grohe-mutfak-evye-bataryalari-xc-18021949-b2307
visam lord 88	20	6	https://www.hepsiburada.com/visam-asma-rezervuar-pm-HBC00001269LQ
yurtbay seramik	8100	7	https://www.hepsiburada.com/yurtbayseramik/seramikler-karolar-c-60002251
durul duşakabin	2400	18	https://www.hepsiburada.com/
orka banyo	2000	18	https://www.hepsiburada.com/
friends of orka	1900	5	https://www.hepsiburada.com/Markalar
kütahya seramik 60x120	1700	12	https://www.hepsiburada.com/60
kütahya seramik mutfak tezgah arası fayans	1400	20	https://www.hepsiburada.com/kutahya-seramik-yer-karolari-x-s9151
kütahya seramik 60x120 fiyat	1400	3	https://www.hepsiburada.com/60x120-seramik-x-s67476
kütahya seramik 60x120 granit fiyatları	1100	7	https://www.hepsiburada.com/60x120-seramik-x-s67476
kütahya seramik banyo modelleri	800	22	https://www.hepsiburada.com/kutahya-seramik-yer-karolari-x-s9151
kütahya seramik 60x120 katalog	700	21	https://www.hepsiburada.com/60x120-seramik-x-s67476
çanakkale seramik 60x120 granit fiyatları	600	7	https://www.hepsiburada.com/60x120-seramik-x-s67476
çanakkale seramik 60x120	500	9	https://www.hepsiburada.com/60x120-seramik-x-s67476
kütahya seramik fiyatları	500	13	https://www.hepsiburada.com/kutahya-seramik-x-s20232
idevit klozet	500	10	https://www.hepsiburada.com/idevit-klozet-kapaklari-xc-18021958-b93949
ege seramik klozet	450	1	https://www.hepsiburada.com/ege-tyana-duvara-sifir-klozet-takimi-set-pm-HBC000023CU6D
durul	350	5	https://www.hepsiburada.com/durul-dusakabinler-xc-18021979-b74684?sayfa=6
ege seramik 60x120 fiyat	300	8	https://www.hepsiburada.com/60x120-seramik-x-s67476
idevit klozet kapağı	300	1	https://www.hepsiburada.com/
idevit	250	3	https://www.hepsiburada.com/idevit
yurtbay seramik mutfak tezgah arası fayans	200	29	https://www.hepsiburada.com/yurtbayseramik
roca batarya	200	2	https://www.hepsiburada.com/roca-batarya-musluklari-xc-18021927-b41115
kütahya seramik fayans	200	11	https://www.hepsiburada.com/kutahya-cini-seramikler-karolar-xc-60002251-b91949
ege seramik klozet fiyatları	150	4	https://www.hepsiburada.com/ege-vitrifiye-klozetler-xc-18021930-b96106
ege seramik klozet kapağı	150	1	https://www.hepsiburada.com/ege-vitrifiye-klozet-kapagi-x-s22245
ege seramik yer karosu	150	8	https://www.hepsiburada.com/egeseramik/seramikler-karolar-c-60002251
durul bornoz takımı	150	6	https://www.hepsiburada.com/durul-bornoz-takimlari-xc-9010083-b74684
ege seramik fayans	150	11	https://www.hepsiburada.com/egeseramik/seramikler-karolar-c-60002251
kütahya seramik 60x60 fiyatları	100	10	https://www.hepsiburada.com/60x60-seramik-fiyatlari-x-s35364
roca türkiye	80	6	https://www.hepsiburada.com/roca
kütahya seramik yer karosu	80	9	https://www.hepsiburada.com/kutahya-seramik-yer-karolari-x-s9151
idevit klozet kapağı menteşesi	70	3	https://www.hepsiburada.com/klozet-kapagi-mentesesi-x-s48997
ege seramik küçük banyo fayans modelleri	70	11	https://www.hepsiburada.com/egeseramik/seramikler-karolar-c-60002251
ferzan durul	70	7	https://www.hepsiburada.com/
ege seramik banyo fayans modelleri	70	11	https://www.hepsiburada.com/egeseramik/seramikler-karolar-c-60002251
kütahya seramik yemek takımı	60	10	https://www.hepsiburada.com/kutahya-porselen-yemek-takimlari-xc-60006075-b44336
idevit klozet fiyatları	50	9	https://www.hepsiburada.com/idevit-klozet-kapaklari-xc-18021958-b93949
kütahya seramik banyo lavabo modelleri	50	1	https://www.hepsiburada.com/can-seramik-el-boyamasi-kutahya-cini-lavabo-pm-HBC0000044NFL
durul havlu fiyatları	50	4	https://www.hepsiburada.com/durul-havlular-xc-9010074-b74684
yurtbay seramik yapıştırıcı	50	2	https://www.hepsiburada.com/topalak-ticaret-yurtbay-fix-25-kg-seramik-yapistiricisi-karo-yapistirici-cimento-esasli-yer-seramigi-pm-HBC00006CPTNX
kütahya seramik 60x120 fiyatları	50	7	https://www.hepsiburada.com/60x120-seramik-x-s67476
idevit gömme rezervuar iç takımı	40	1	https://www.hepsiburada.com/idevit-idevi-t-gomme-rezervuar-bosaltma-grubu-pm-HBC000021Z96D
idevit lavabo fiyatları	40	2	https://www.hepsiburada.com/idevit-lavabolar-xc-60004458-b93949
roca ankastre duş seti	40	2	https://www.hepsiburada.com/roca-dus-setleri-xc-18021971-b41115
kütahya seramik klozet fiyatları	40	6	https://www.hepsiburada.com/kutahya-porselen-vitrifiyeler-xc-60000509-b44336
kütahya seramik klozet	40	7	https://www.hepsiburada.com/kutahya-porselen-vitrifiyeler-xc-60000509-b44336
orka çocuk	40	5	https://www.hepsiburada.com/Markalar
orka terme	30	2	https://www.hepsiburada.com/orka-terme-80-cm-mdf-beyaz-banyo-dolabi-alt-modul-ve-lavabo-pm-HBC00000XPBRK
orka batarya	30	2	https://www.hepsiburada.com/orka-batarya-musluklari-xc-18021927-b38784
ege seramik banyo dolabı	30	2	https://www.hepsiburada.com/karen-banyo-ege-80-cm-lavabolu-alt-banyo-dolabi-kapakli-seramik-lavabo-dahil-pm-HBC000071XOSG
durul duşakabin fiyatları	30	8	https://www.hepsiburada.com/
idevit lavabo	30	2	https://www.hepsiburada.com/idevit-lavabolar-xc-60004458-b93949
orka teknoloji	30	1	https://www.hepsiburada.com/orka
roca kale klozet fiyat	20	7	https://www.hepsiburada.com/kale-stil-yavas-kapanir-kapak-pm-HB00000G2DNY
çanakkale seramik 60x120 fiyatları	20	8	https://www.hepsiburada.com/60x120-seramik-x-s67476
orka capetown	20	4	https://www.hepsiburada.com/orka-capetown-60-cm-siyah-banyo-dolabi-takimi-pm-HBC00000YHERZ
roca kale	20	4	https://www.hepsiburada.com/japar-klozet-kapagi-kale-basic-roca-basic-model-ile-uyumludur-pm-HBC00000QUMCL
vitra yeşil seramik	100	6	https://www.hepsiburada.com/vitra-seramikler-karolar-xc-60002251-b8646
vitra çamaşır makinesi dolabı	100	2	https://www.hepsiburada.com/vitra-sento-60885-ust-dolap-105-cm-mat-beyaz-pm-HB00000RYL7E
vitra taharet musluğu salmastrası	100	6	https://www.hepsiburada.com/
vitra 120x240 seramik	100	1	https://www.hepsiburada.com/vitra-60-x-120-cardostone-fon-gri-mat-porselen-karo-k947411r0001vts0-1-44-m2-pm-HBC000002VLDB
vitra havlupan	100	10	https://www.hepsiburada.com/
vitra türkiye	100	8	https://www.hepsiburada.com/vitra
vitra rezervuar iç takımı yedek parçaları	100	4	https://www.hepsiburada.com/vitra-gomme-rezervuar-ic-takim-seti-42618yp-436317yp-vitra-gomme-rezervuar-ic-takim-pm-HBC000048EB6E
vitra klozet ölçüleri	100	1	https://www.hepsiburada.com/vitra-s50-rim-ex-asma-klozet-pm-hrecz7740b4030850
vitra el duşu	100	4	https://www.hepsiburada.com/artema-krom-core-r-el-dusu-takimi-pm-HBC0000JKZ6KJ
vitra şelale batarya	100	2	https://www.hepsiburada.com/Ev%20Dekorasyon/Banyolar/
vitra gold batarya	100	3	https://www.hepsiburada.com/vitra-memoria-gold-fotoselli-lavabo-bataryasi-mat-altin-renkli-elektrikli-cift-su-pm-HBC00000S34PF
vitra ora banyo dolabı	100	6	https://www.hepsiburada.com/vitra-banyo-mobilyalari-xc-457065-b8646
vitra rezervuar contası	100	2	https://www.hepsiburada.com/vitra-gomme-rezervuar-ic-takim-bosaltma-grubu-contasi-2-2x6-1-cm-pm-HBC000048L32P
vitra klozet iç takım değişimi	100	10	https://www.hepsiburada.com/vitra-rezervuar-ic-takimlar-xc-18021929-b8646
vitra alttan çıkışlı klozet	100	1	https://www.hepsiburada.com/vitra-v-care-comfort-5674b403-6194-akilli-klozet-60-cm-beyaz-pm-HB00000RYL90
vitra sıvı sabunluk	100	9	https://www.hepsiburada.com/vitra-sabunluklar-xc-18021936-b8646
vitra kapak	100	8	https://www.hepsiburada.com/vitra-klozet-kapaklari-xc-18021958-b8646
vitra renkli klozet	100	4	https://www.hepsiburada.com/vitra-klozetler-xc-18021930-b8646
vitra duş bataryası	100	5	https://www.hepsiburada.com/vitra-banyo-bataryalari-xc-18021947-b8646?sayfa=3
banyo dolabı vitra	100	2	https://www.hepsiburada.com/vitra-mia-60-cm-beyaz-banyo-dolabi-takimi-75021-pm-HBC00001FDKGC
vitra gömme rezervuar taharet musluğu	100	8	https://www.hepsiburada.com/vitra-ara-musluklar-xc-18021954-b8646
vitra move masajlı duş sistemi	100	5	https://www.hepsiburada.com/vitra-move-a45812-masajli-dus-sistemi-antrasit-aluminyum-kompozit-pm-hrecz57250003000
vitra conta	90	1	https://www.hepsiburada.com/vitra-contalar-xc-60001263-b8646
vitra gömme taharet musluğu	90	4	https://www.hepsiburada.com/
vitra klozet basma butonu	90	1	https://www.hepsiburada.com/vitra-313527yp1te-tek-kademe-basma-butonu-bosaltma-dugmesi-kolay-montaj-ve-yuksek-dayaniklilik-pm-HB000012GAWB
vitra gömme set	90	6	https://www.hepsiburada.com/geberit-alpha-gomme-rezervuar-seti-krom-mat-pm-HBC0000F8DBOQ
vitra havlu askısı	90	3	https://www.hepsiburada.com/vitra-eternity-a44878-uzun-havluluk-krom-pm-HB00000RIYRT
vitra yer seramik fiyat listesi	90	9	https://www.hepsiburada.com/vitra-seramikler-karolar-xc-60002251-b8646
vitra 80 cm lavabo	90	2	https://www.hepsiburada.com/vitra-nora-s-lavabo-bataryasi-qua-etajerli-lavabo-80-cm-beyaz-batarya-dahil-pm-HBC00005U3H5D
vitra ankastre batarya	90	3	https://www.hepsiburada.com/vitra-istanbul-ankastre-banyo-bataryasi-a42848-krom-pm-HBC0000I25G4K
vitra gömme rezervuar kapak	90	3	https://www.hepsiburada.com/vitra-kumanda-paneli-xc-80298256-b8646
vitra buton	90	1	https://www.hepsiburada.com/vitra-gomme-rezervuar-donusum-seti-buton-ve-mafsal-takim-set-manuel-donusum-pm-HB00000WNM5X
vitra ankastre duş seti fiyatları	90	4	https://www.hepsiburada.com/vitra-a49293-root-r-aqua-control-termostatik-ankastre-dus-seti-pm-HBC00005MCH2M
vitra mağaza	90	7	https://www.hepsiburada.com/magaza/vitra
vitra gömme rezervuar iç takımı fiyatları	90	10	https://www.hepsiburada.com/vitra-rezervuar-ic-takimlar-xc-18021929-b8646
vitra kare klozet kapağı	90	8	https://www.hepsiburada.com/vitra-klozet-kapaklari-xc-18021958-b8646
vitra batarya mutfak	90	5	https://www.hepsiburada.com/vitra-root-a4275336-square-eviye-mutfak-bataryasi-mat-siyah-pm-HBC00003IZ5U4
vitra lavabo taşı	90	3	https://www.hepsiburada.com/vitra-nora-s-lavabo-bataryasi-qua-etajerli-lavabo-80-cm-beyaz-batarya-dahil-pm-HBC00005U3H5D
lavabo vitra	90	3	https://www.hepsiburada.com/vitra-nora-s-lavabo-bataryasi-qua-etajerli-lavabo-80-cm-beyaz-batarya-dahil-pm-HBC00005U3H5D
vitra marmostone açık gri	80	2	https://www.hepsiburada.com/vitra-marmostone-acik-gri-parlak-rektifiyeli-porselen-karo-60x120-k950176flpr1vtsp-pm-HBC000055TEZ4
vitra mobilya	80	9	https://www.hepsiburada.com/vitra-mobilyalar-xc-18021299-b8646
vitra mutfak bataryası fiyatları	80	5	https://www.hepsiburada.com/
vitra 330b2016	80	4	https://www.hepsiburada.com/vitra-330b2016-rezervuar-ic-takim-alttan-su-girisli-3-6-l-pm-HB0000098P8N-yorumlari
vitra frame lavabo	80	1	https://www.hepsiburada.com/vitra-frame-61228-lavabo-dolabi-cift-cekmeceli-etajerli-lavabolu-80-cm-mat-s-beyaz-dore-mese-pm-HB00000RYKZQ
vitra gömme klozet fiyatları	80	3	https://www.hepsiburada.com/vitra-s50-asma-klozet-54-cm-pm-HB000012QT1J
vitra klozet taharet musluğu	80	1	https://www.hepsiburada.com/vitra-325076yp1te-rimex-rozet-taharet-borusu-55-mm-pm-HBC00006I5RLL
vitra klozet gömme rezervuar	80	5	https://www.hepsiburada.com/vitra-gomme-rezervuar-x-s52540
vitra süzgeç	80	2	https://www.hepsiburada.com/vitra-origin-a45149-yuvarlak-lavabo-suzgeci-universal-basmali-krom-pm-hrecza45149
vitra robot duş seti	80	10	https://www.hepsiburada.com/vitra-dus-setleri-xc-18021971-b8646
taharet musluğu vitra	80	8	https://www.hepsiburada.com/vitra-ara-musluklar-xc-18021954-b8646
vitra nest trendy	80	6	https://www.hepsiburada.com/vitra-nest-trendy-56141-lavabo-dolabi-tek-cekmeceli-100-cm-hareli-dogal-ahsap-pm-HB00000RYL42
vitra fayans modelleri	80	9	https://www.hepsiburada.com/vitra-seramikler-karolar-xc-60002251-b8646
vitra yer karosu	80	3	https://www.hepsiburada.com/vitra-60-x-60-marmori-fon-siyah-parlak-porselen-karo-k947006flpr1vte0-1-44-m2-pm-HBC000002VLD3
vitra norm duvara sıfır klozet	80	1	https://www.hepsiburada.com/norm-501-duvara-sifir-klozet-norm-yavas-kapak-vitra-ic-takim-set-pm-HBC00003ZWZNJ
vitra jakuzi fiyatları	70	9	https://www.hepsiburada.com/
retromix vitra	70	9	https://www.hepsiburada.com/
vitra nf klozet kapağı	70	9	https://www.hepsiburada.com/
vitra tepe duş seti	70	1	https://www.hepsiburada.com/vitra-move-a45813-masajli-dus-sistemi-gumus-pm-HBC00000BRK7W
ankastre duş seti vitra	70	3	https://www.hepsiburada.com/vitra-a49293-root-r-aqua-control-termostatik-ankastre-dus-seti-pm-HBC00005MCH2M
vitra plural lavabo	70	3	https://www.hepsiburada.com/vitra-plural-7810b475-0016-kare-alcak-canak-lavabo-vitra-clean-45-cm-mat-yosun-yesili-pm-HB00000ZU5ZN
vitra taharet çubuğu	70	5	https://www.hepsiburada.com/vitra-taharet-ucu-top-mafsalli-rozetli-pm-HBC000048CU5C
vitra ankastre duş bataryası	70	3	https://www.hepsiburada.com/vitra-memoria-a4231757-ankastre-banyo-bataryasi-krom-beyaz-pm-HB00000QW1N9
vitra aspenwood	70	7	https://www.hepsiburada.com/vitra-20-x-120-aspenwood-fon-koyu-grej-mat-porselen-karo-k946241r0001vte0-0-96-m2-pm-HBC000002VLDN
vitra origin duş seti	70	4	https://www.hepsiburada.com/vitra-origin-classic-1f-el-dusu-takimi-fircali-altin-a4579525-pm-HBC00006FATH3
vitra şamandıra contası	70	2	https://www.hepsiburada.com/vitra-rezervuar-flator-samandira-contasi-ic-takim-conta-siyah-materyal-ile-dayanikli-tasarim-pm-HB00000VSLHL
vitra gomme rezervuar	70	5	https://www.hepsiburada.com/vitra-gomme-rezervuar-seti-4-lu-full-set-urun-kodu-700-1868-pm-HBC000000FD0V-yorumlari
vitra duş sistemleri	70	4	https://www.hepsiburada.com/vitra-a49293-root-r-aqua-control-termostatik-ankastre-dus-seti-pm-HBC00005MCH2M
vitra rezervuar kapağı fiyatları	70	7	https://www.hepsiburada.com/vitra-kumanda-paneli-xc-80298256-b8646
vitra izmir mağaza	70	10	https://www.hepsiburada.com/magaza/asil-designn
vitra lightstone	70	4	https://www.hepsiburada.com/vitra-lightstone-traverten-fon-acik-gri-mat-porselen-karo-60x120-k952244r0001vtsp-pm-HBC000055TEY2
vitra mutfak seramik	70	4	https://www.hepsiburada.com/vitra-seramikler-karolar-xc-60002251-b8646
vitra klozet duvara sıfır	70	1	https://www.hepsiburada.com/vitra-s25-square-duvara-sifir-kanalsiz-klozet-rezervuar-ic-takim-klozet-kapagi-set-pm-HBC0000B3M0YB
vitra duvar seramik	70	4	https://www.hepsiburada.com/vitra-seramikler-karolar-xc-60002251-b8646
vitra alafranga tuvalet	70	3	https://www.hepsiburada.com/vitra-klozetler-xc-18021930-b8646
vitra pisuvar fotoseli	70	1	https://www.hepsiburada.com/vitra-pisuvar-siva-alti-fotoselli-set-310-2910-pm-HB00000ZKO5Z
abdest lavabosu vitra	70	1	https://www.hepsiburada.com/gural-vit-compact-bide-abdest-ve-ayak-yikama-lavabosu-pm-HB00000QL3QW
vitra banyo dolabı 80 cm	70	2	https://www.hepsiburada.com/vitra-quadrum-banyo-dolabi-seti-80-cm-acik-mese-65522-pm-HBC00000BS0CP
vitra hela taşı gömme rezervuar	70	8	https://www.hepsiburada.com/vitra-hela-tasi-uyumlu-gomme-rezervuar-seti-800-1918-pm-HBC000034HYN5
vitra klozet musluğu	70	10	https://www.hepsiburada.com/vitra-ara-musluklar-xc-18021954-b8646
vitra klozet taşı	70	7	https://www.hepsiburada.com/vitra-klozetler-xc-18021930-b8646
vitra kağıt havluluk	70	2	https://www.hepsiburada.com/vitra-arkitekta-a44351-kagit-dispenseri-paslanmaz-celik-pm-hrecza44351
vitra derz dolgu	70	2	https://www.hepsiburada.com/vitra-vitrafix-flex-0-3-mm-stardust-5-kg-f24307205-pm-HBC00003FCFTU
vitra istanbul serisi klozet	70	1	https://www.hepsiburada.com/vitra-istanbul-4518b403-0090-rim-ex-asma-klozet-vitra-clean-52-cm-beyaz-pm-HB00000RYL0Q
vitra gömme rezervuar fiyatı	70	2	https://www.hepsiburada.com/vitra-gomme-rezervuar-seti-4-lu-full-set-urun-kodu-700-1868-pm-HBC000000FD0V
vitra lavabo süzgeci	70	3	https://www.hepsiburada.com/vitra-origin-a45148-yuvarlak-lavabo-suzgeci-universal-sabit-krom-pm-HBC0000IQOKU0
vitra ankastre vana	70	9	https://www.hepsiburada.com/vitra-vitra-artema-ankastre-stop-valf-tamir-seti-pm-HBC00005HNAAG
vitra twin 2 kumanda paneli	60	9	https://www.hepsiburada.com/vitra-twin-kumanda-paneli-parlak-748-0180-pm-HB00000ZKO5T
vitra klozet seti	60	4	https://www.hepsiburada.com/vitra-klozetler-xc-18021930-b8646
vitra mutfak evye fiyatları	60	8	https://www.hepsiburada.com/
vitra pnömatik kumanda paneli	60	4	https://www.hepsiburada.com/740-0685-436462yp-mekanik-donusum-seti-2013-2015-pm-HBC0000DUNBA9
vitra kare klozet	60	6	https://www.hepsiburada.com/vitra-klozetler-xc-18021930-b8646
vitra taharet musluğu fiyat	60	8	https://www.hepsiburada.com/vitra-ara-musluklar-xc-18021954-b8646
vitra klozet kapağı vidası	60	1	https://www.hepsiburada.com/Ev
vitra root	60	4	https://www.hepsiburada.com/vitra-root-groove-lavabo-dolabi-80-cm-69375-pm-HBC000055SS78
vitra rezervuar iç takımı fiyatları	60	6	https://www.hepsiburada.com/basmali-rezervuar-ic-takim-pm-HBC0000I178S7
vitra aksesuar	60	5	https://www.hepsiburada.com/vitra-banyo-aksesuarlari-xc-18021925-b8646
vitra klozet iç takım	60	3	https://www.hepsiburada.com/vitra-330b1212-tek-basmali-ic-takim-pm-hrayvz330b1212x
vitra 60x60 seramik fiyat	60	7	https://www.hepsiburada.com/vitra-seramikler-karolar-xc-60002251-b8646
online vitra	60	7	https://www.hepsiburada.com/vitra
vitra kurna	60	8	https://www.hepsiburada.com/abahanoglu-mermer-hamam-kurnasi-mermer-kurna-vitra-canak-modeli-tas-kurna-pm-HBC000008X1V0
vitra 711 kumanda paneli	60	1	https://www.hepsiburada.com/vitra-711-1080-kumanda-paneli-3-6lt-parlak-krom-pm-HBC00005T9USZ
vitra klozet iç takım fiyatları	60	2	https://www.hepsiburada.com/vitra-tek-kademeli-klozet-ic-takim-seti-330b1314-pm-HBC00003HD1Q8
vitra dokunmatik sifon	60	9	https://www.hepsiburada.com/klozet-kumanda-paneli-c-80298256
esözcanlar vitra	60	9	https://www.hepsiburada.com/magaza/esozcanlar
vitra rimex asma klozet	60	1	https://www.hepsiburada.com/vitra-s50-rimex-asma-klozet-vitra-yavas-kapanan-kapak-pm-HBC00000BHCQ7
vitra çift kademeli iç takım	60	5	https://www.hepsiburada.com/vitra-rezervuar-ic-takimlar-xc-18021929-b8646?sayfa=5
vitra duşakabin koçtaş	60	7	https://www.hepsiburada.com/koctas-dusakabin-fiyatlari-x-s56870
vitra taharet musluğu yedek parça	50	4	https://www.hepsiburada.com/vitra-ara-musluklar-xc-18021954-b8646
vitra flex yapıştırıcı	50	2	https://www.hepsiburada.com/vitra-vitrafix-flexy-gri-porselen-karo-yapistirici-25-kg-pm-HBC00002UWANK
vitra klozet kumanda paneli	50	4	https://www.hepsiburada.com/vitra-kumanda-paneli-xc-80298256-b8646
vitra musluk modelleri	50	4	https://www.hepsiburada.com/vitra-memoria-a42329-lavabo-bataryasi-krom-pm-HB00000QW1NB
vitra move	50	3	https://www.hepsiburada.com/vitra-move-a45812-masajli-dus-sistemi-antrasit-aluminyum-kompozit-pm-hrecz57250003000
vitra tepe duşu	50	2	https://www.hepsiburada.com/vitra-rain-l-dus-basligi-r-22-cm-pm-HBC00003KK84B
vitra sento klozet kapağı	50	3	https://www.hepsiburada.com/vitra-sento-rim-ex-a0559-vitra-sento-soft-slim-klozet-kapagi-120-003-009-pm-HB00000WML21
vitra kada seti	50	3	https://www.hepsiburada.com/gomme-rezervuar-kada-seti-pm-HB00000QURL8
vitra wc	50	6	https://www.hepsiburada.com/vitra-klozetler-xc-18021930-b8646
vitra klozet kapağı montaj vidası	50	1	https://www.hepsiburada.com/yildirim-nalbur-vitra-klozet-kapak-baglanti-vidasi-paslanmaz-metal-amatisorlu-klozet-kapak-montaj-aparati-pimli-pm-HBC00002TYZEB
vitra klozet iç takımı fiyatı	50	9	https://www.hepsiburada.com/
vitra tuvalet taşı fiyatı	50	8	https://www.hepsiburada.com/vitra-klozetler-xc-18021930-b8646
vitra duvar içi gömme rezervuar	50	6	https://www.hepsiburada.com/vitra-v8-768-1700-01-gomme-rezervuar-helataslari-icin-3-6-l-pm-HBC00000TWD8S
vitra klozet kapağı modelleri	50	10	https://www.hepsiburada.com/
vitra sifon düğmesi	50	4	https://www.hepsiburada.com/vitra-kumanda-paneli-xc-80298256-b8646
klozet modelleri vitra	50	7	https://www.hepsiburada.com/vitra-klozetler-xc-18021930-b8646
vitra gömme lavabo	50	4	https://www.hepsiburada.com/vitra-lavabolar-xc-60004458-b8646?sayfa=6
vitra lavobo	50	5	https://www.hepsiburada.com/vitra-nora-s-lavabo-bataryasi-qua-etajerli-lavabo-80-cm-beyaz-batarya-dahil-pm-HBC00005U3H5D
vitra s20 tezgah altı lavabo	50	2	https://www.hepsiburada.com/vitra-s20-6069b003-0012-tezgah-alti-lavabo-52-cm-beyaz-pm-hrecz6069b003
seramik vitra	50	8	https://www.hepsiburada.com/vitra-seramikler-karolar-xc-60002251-b8646
vitra plural klozet	50	1	https://www.hepsiburada.com/vitra-plural-7830b403-0090-rim-ex-asma-klozet-55-cm-beyaz-pm-HBC000005XIX5
vitra asma klozet seti	50	6	https://www.hepsiburada.com/vitra-klozetler-xc-18021930-b8646
s50 vitra klozet	50	2	https://www.hepsiburada.com/vitra-s50-rimex-asma-klozet-vitra-yavas-kapanan-kapak-pm-HBC00000BHCQ7
vitra banyo mobilyaları	50	9	https://www.hepsiburada.com/vitra-banyo-mobilyalari-xc-457065-b8646
cardostone vitra	50	8	https://www.hepsiburada.com/vitra-60x60-cardostone-fon-beyaz-mat-porselen-karo-k947094r0001vte0-1-44-m2-pm-HBC000007AMAK
vitra 100 cm banyo dolabı	50	4	https://www.hepsiburada.com/vitra-root-classic-tek-cekmeceli-lavabo-dolabi-100-cm-68829-pm-HBC000055SOXO
vitra lineer süzgeç	50	2	https://www.hepsiburada.com/vitra-60-cm-eco-dus-kanali-yandan-cikisli-mat-krom-pm-HB00000EK9UQ
vitra sifon contası	50	3	https://www.hepsiburada.com/vitra-contalar-xc-60001263-b8646
vitra rezervuar seti	50	2	https://www.hepsiburada.com/vitra-gomme-rezervuar-seti-4-lu-full-set-urun-kodu-700-1868-pm-HBC000000FD0V
vitra musluk bataryası	50	4	https://www.hepsiburada.com/vitra-memoria-a42329-lavabo-bataryasi-krom-pm-HB00000QW1NB
vitra kampanya	50	9	https://www.hepsiburada.com/vitra
vitra gömme rezervuar şamandıra fiyatı	50	1	https://www.hepsiburada.com/vitra-gomme-rezervuar-doldurma-grubu-samandira-modeli-ile-sessiz-ve-cevre-dostu-su-dolumu-pm-HBC000048L2X7
vitra mutfak musluğu	50	2	https://www.hepsiburada.com/vitra-root-a4275336-square-eviye-mutfak-bataryasi-mat-siyah-pm-HBC00003IZ5U4
vitra kemer klozet	50	8	https://www.hepsiburada.com/vitra-klozetler-xc-18021930-b8646
duş başlığı vitra	50	4	https://www.hepsiburada.com/vitra-rain-l-dus-basligi-r-22-cm-pm-HBC00003KK84B
gömme rezervuar ölçüleri vitra	50	1	https://www.hepsiburada.com/vitra-gomme-rezervuar-seti-4-lu-full-set-urun-kodu-700-1868-pm-HBC000000FD0V
vitra duş teknesi fiyat listesi	50	7	https://www.hepsiburada.com/vitra-dus-teknesi-xc-18021982-b8646
vitra sento rimex asma klozet	50	5	https://www.hepsiburada.com/vitra-sento-7748b003-0559-rim-ex-asma-klozet-54-cm-beyaz-kapak-dahil-pm-HBC00005B4SAW
vitra banyo modelleri 2023	50	8	https://www.hepsiburada.com/vitra-sento-60785-lavabo-dolabi-kapakli-80-cm-mat-beyaz-pm-HB00000RYL6Q-yorumlari
vitra gömme rezervuar seti 4'lü	50	2	https://www.hepsiburada.com/
vitra gömme rezervuar seti fiyatı	50	6	https://www.hepsiburada.com/vitra-gomme-rezervuar-x-s52540
vitra gri seramik	50	1	https://www.hepsiburada.com/vitra-60-x-60-softcrete-koyu-gri-mat-porselen-karo-k949970r0001vte0-1-44-m2-pm-HBC000002VLCR
vitra klozet kapakları	50	3	https://www.hepsiburada.com/vitra-s20-klozet-kapagi-87-003-001-pm-HB000001VECW
vitra dış mekan seramik	50	6	https://www.hepsiburada.com/vitra-seramikler-karolar-xc-60002251-b8646
klozet vitra fiyat	50	3	https://www.hepsiburada.com/vitra-v-care-comfort-5674b403-6194-akilli-klozet-60-cm-beyaz-pm-HB00000RYL90
vitra banyo dolap	50	2	https://www.hepsiburada.com/vitra-mia-60-cm-beyaz-banyo-dolabi-takimi-75021-pm-HBC00001FDKGC
vitra rezervuar kumanda paneli	40	4	https://www.hepsiburada.com/vitra-kumanda-paneli-xc-80298256-b8646
vitra ankastre stop valf sıva üstü	40	1	https://www.hepsiburada.com/vitra-ankastre-stop-valf-siva-alti-ankastre-stop-valf-vana-siva-ustu-grubu-pm-HBC00006ZVWX1
vitra urbancrete beyaz	40	2	https://www.hepsiburada.com/vitra-30x60-urbancrete-fon-beyaz-mat-porselen-karo-k947237r0001vte0-1-08-m2-pm-HBC000007ALR8
vitra hijyen klozet	40	7	https://www.hepsiburada.com/vitra-klozetler-xc-18021930-b8646
vitra sessiz klozet kapağı	40	3	https://www.hepsiburada.com/vitra-eko-ses-yok-klozet-kapak-yavas-kapanir-model-1-oval-form-pm-HB0000034O3V
vitra marin havluluk	40	8	https://www.hepsiburada.com/vitra-marin-a44944-uzun-havluluk-krom-pm-HB000001VEG5
vitra siyah batarya	40	2	https://www.hepsiburada.com/vitra-root-a4273236-square-lavabo-bataryasi-mat-siyah-pm-HBC00003J7HUM
vitra pisuvar sifonu	40	1	https://www.hepsiburada.com/vitra-412490yp1te-vitra1-lt-pisuvar-sifonu-ve-contasi-pm-HBC000072CIE0
vitra gömme rezervuar şamandırası	40	1	https://www.hepsiburada.com/vitra-gomme-rezervuar-dirsekli-samandra-flator-doldurma-grubu-pm-HB000011TGIM
gömme klozet vitra	40	4	https://www.hepsiburada.com/vitra-klozetler-xc-18021930-b8646
tezgah üstü lavabo vitra	40	2	https://www.hepsiburada.com/vitra-nora-s-lavabo-bataryasi-tezgah-ustu-canak-lavabo-50-cm-beyaz-batarya-dahil-pm-HBC00005TSFJI
fayans parke görünümlü seramik vitra	40	6	https://www.hepsiburada.com/vitra-seramikler-karolar-xc-60002251-b8646
vitra doldurma grubu	40	1	https://www.hepsiburada.com/vitra-740-bosaltma-doldurma-grubu-8cm-lik-gomme-rezervuar-uyumlu-pm-HBC00003VGUU9
vitra siyah duş seti	40	1	https://www.hepsiburada.com/vitra-origin-a45805-masajli-dus-sistemi-siyah-cam-bakir-pm-HB00000ZU57N
vitra kumanda paneli fiyatları	40	2	https://www.hepsiburada.com/vitra-loop-r-kumanda-paneli-mat-krom-pm-hremod11891
vitra arkadan çıkışlı klozet	40	1	https://www.hepsiburada.com/vitra-v-care-comfort-5674b403-6194-akilli-klozet-60-cm-beyaz-pm-HB00000RYL90
vitra banyo batarya seti	40	4	https://www.hepsiburada.com/vitra-memoria-a4231757-ankastre-banyo-bataryasi-krom-beyaz-pm-HB00000QW1N9
vitra gömme rezervuar kapağı fiyatları	40	1	https://www.hepsiburada.com/vitra-loop-o-740-0586-gomme-rezervuar-kumanda-paneli-pm-HBC00000BEVGZ
vitra z lavabo	40	1	https://www.hepsiburada.com/adnan-mobilya-z-lavabo-abdest-lavabosu-cocuk-yasli-engelli-lavabosu-pm-HBC0000A4QWHS
vitra sensörlü musluk	40	2	https://www.hepsiburada.com/vitra-fotoselli-bataryalar-xc-18021950-b8646
vitra nest	40	3	https://www.hepsiburada.com/vitra-nest-trendy-56141-lavabo-dolabi-tek-cekmeceli-100-cm-hareli-dogal-ahsap-pm-HB00000RYL42
vitra klozet parçaları	40	2	https://www.hepsiburada.com/vitra-gomme-rezervuar-ic-takim-seti-42618yp-436317yp-kaliteli-yedek-parca-pm-HBC000048E9V0
s20 vitra klozet	40	1	https://www.hepsiburada.com/vitra-s20-round-takim-klozet-seti-pm-HBC00004YEKAB
kumanda paneli vitra	40	1	https://www.hepsiburada.com/vitra-loop-r-kumanda-paneli-mat-krom-pm-hremod11891
banyo bataryası vitra	40	3	https://www.hepsiburada.com/vitra-memoria-a4231757-ankastre-banyo-bataryasi-krom-beyaz-pm-HB00000QW1N9
vitra ora smoothflush klozet seti	40	5	https://www.hepsiburada.com/vitra-s25-smooth-flush-kanalsiz-beyaz-duvara-tam-dayali-klozet-rezervuar-seti-9892b003-7201-pm-HBC0000CDEJSP
origin vitra	40	7	https://www.hepsiburada.com/vitra-origin-3-delikli-lavabo-bataryasi-mat-siyah-a4258336wtc-pm-HBC000052O1V7
vitra asma klozet takımı	40	1	https://www.hepsiburada.com/vitra-s50-asma-klozet-54-cm-pm-HB000012QT1J
vitra banyo lavabo modelleri	40	10	https://www.hepsiburada.com/vitra-lavabolar-xc-60004458-b8646
vitra 10x30 seramik	40	3	https://www.hepsiburada.com/vitra-10x30-miniworx-ral-9016-b-k94529000001vte0-pm-HBC00007ZYPD5
vitra flatör	40	1	https://www.hepsiburada.com/vitra-gomme-rezervuar-dirsekli-samandra-flator-doldurma-grubu-pm-HB000011TGIM
vitra gömme rezervuar taşı	40	1	https://www.hepsiburada.com/sento-rim-ex-asma-klozet-vitra-gomme-rezervuar-set-768-1851-pm-HBC00008FPCJU
vitra hilton lavabo modelleri	40	9	https://www.hepsiburada.com/vitra-lavabolar-xc-60004458-b8646
vitra marin tuvalet kağıtlığı	40	9	https://www.hepsiburada.com/
vitra beyaz seramik	40	7	https://www.hepsiburada.com/vitra-seramikler-karolar-xc-60002251-b8646
vitra turkey	40	6	https://www.hepsiburada.com/vitra
vitra klozet contası	40	4	https://www.hepsiburada.com/
vitra hygiene klozet	40	6	https://www.hepsiburada.com/vitra-klozetler-xc-18021930-b8646
vitra havalı kumanda paneli	40	11	https://www.hepsiburada.com/vitra-kumanda-paneli-xc-80298256-b8646
urbancrete vitra	40	3	https://www.hepsiburada.com/vitra-30x60-urbancrete-fon-beyaz-mat-porselen-karo-k947237r0001vte0-1-08-m2-pm-HBC000007ALR8
vitra ısıtmalı klozet	40	9	https://www.hepsiburada.com/
vitra stop valf fiyatları	40	5	https://www.hepsiburada.com/vitra-a41441-ankastre-stop-valf-siva-alti-grubu-pm-hrecza41441
vitra seramik banyo	40	7	https://www.hepsiburada.com/vitra-seramikler-karolar-xc-60002251-b8646
vitra klozet su deposu	30	3	https://www.hepsiburada.com/vitra-rezervuar-ic-takimlar-xc-18021929-b8646?sayfa=5
vitra 30x60 seramik	30	6	https://www.hepsiburada.com/
vitra ovalis smoothflush klozet seti	30	6	https://www.hepsiburada.com/
vitra versus	30	10	https://www.hepsiburada.com/
vitra seramik mutfak	30	3	https://www.hepsiburada.com/vitra-seramikler-karolar-xc-60002251-b8646
vitra metropol	30	2	https://www.hepsiburada.com/vitra-metropole-7672b003-0559-rim-ex-asma-klozet-seti-parlak-beyaz-klozet-kapagi-dahildir-pm-HBC0000290V5Y
vitra gömmeli klozet	30	1	https://www.hepsiburada.com/vitra-v8-768-1851-01-gomme-rezervuar-asma-klozetler-icin-ince-metal-ayakli-3-6-l-pm-HBC00000TWD8U
vitra nerenin markası	30	8	https://www.hepsiburada.com/kisa-borulu-mix-lavabo-bataryasi-cift-su-girisli-musluk-krom-malzemeden-5-yil-guvenceli-pm-HBC0000A7MXJY
vitra evye bataryası	30	3	https://www.hepsiburada.com/vitra-artema-root-square-a4275329-eviye-bataryasi-soft-bakir-pm-HBC00007A8LLV
vitra sento dolap	30	2	https://www.hepsiburada.com/vitra-sento-60785-lavabo-dolabi-kapakli-80-cm-mat-beyaz-sensorlu-alt-aydinlatmali-pm-HB00000RYL6Q
vitra klozet iç takımı tamiri	30	5	https://www.hepsiburada.com/vitra-rezervuar-ic-takimlar-xc-18021929-b8646
vitra klozet kapak menteşesi	30	1	https://www.hepsiburada.com/vitra-420250yp1te-klozet-kapak-mentesesi-ustten-sabitleme-apara-pm-HBC000048EEQW
vitra gömme rezervuar doldurma grubu	30	6	https://www.hepsiburada.com/vitra-gomme-rezervuar-doldurma-grubu-samandira-modeli-ile-sessiz-ve-cevre-dostu-su-dolumu-pm-HBC000048L2X7
vitra gömme rezervuar havalı panel pnömatik değişim seti	30	7	https://www.hepsiburada.com/vitra-740-0680-436462yp-mekanik-donusum-seti-2013-yil-sonrasi-pm-HBC00006JXQH3
vitra alafranga tuvalet fiyatları	30	6	https://www.hepsiburada.com/vitra-klozetler-xc-18021930-b8646
vitra klozet kapağı yedek parça	30	2	https://www.hepsiburada.com/vitra-zentrum-94-003-001-klozet-kapak-droplast-pm-HB000001VE2Z
vitra klozet sifon düğmesi	30	7	https://www.hepsiburada.com/vitra-kumanda-paneli-xc-80298256-b8646
vitra seramik yapıştırıcı	30	1	https://www.hepsiburada.com/vitra-vitrafix-flexy-gri-porselen-karo-yapistirici-25-kg-pm-HBC00002UWANK
klozet takımı vitra	30	4	https://www.hepsiburada.com/vitra-klozetler-xc-18021930-b8646
vitra s 50	30	3	https://www.hepsiburada.com/vitra-s50-rim-ex-asma-klozet-5956l003-0559-vitra-universal-2-soft-kapak-121-003-909-pm-HB0000120W6L
vitra altıgen seramik	30	6	https://www.hepsiburada.com/vitra-seramikler-karolar-xc-60002251-b8646
vitra clean klozet	30	3	https://www.hepsiburada.com/vitra-istanbul-4518b403-0090-rim-ex-asma-klozet-vitra-clean-52-cm-beyaz-pm-HB00000RYL0Q
vitra retro	30	3	https://www.hepsiburada.com/vitra-retromix-x-s51875
vitra mia 40 cm	30	9	https://www.hepsiburada.com/
abdest alma lavabosu vitra	30	10	https://www.hepsiburada.com/
vitra iç takim	30	2	https://www.hepsiburada.com/vitra-klozet-ic-takim-seti-basmali-pm-HBC000003CBFK
vitra smooth flush	20	9	https://www.hepsiburada.com/
vitra s50 klozet takımı	20	1	https://www.hepsiburada.com/vitra-s50-asma-klozet-54-cm-pm-HB000012QT1J
vitra - artema - akd	20	8	https://www.hepsiburada.com/
vitra proof	20	6	https://www.hepsiburada.com/vitra-fix-proof-33-kg-25-8-gri-set-tam-elastik-su-yalitim-malzemesi-f41101003-pm-HBC000069FHK9
vitra banyo lavaboları	20	10	https://www.hepsiburada.com/
vitra yapıştırıcı	20	10	https://www.hepsiburada.com/vitra-vitrafix-flexy-gri-porselen-karo-yapistirici-25-kg-pm-HBC00002UWANK
vitra duvara tam dayalı klozet	20	2	https://www.hepsiburada.com/vitra-s20-duvara-tam-dayali-klozet-5512l003-0092-vitra-s20-soft-klozet-kapagi-147-003-909-pm-HBC00006M0WPZ
vitra mağazası	20	8	https://www.hepsiburada.com/magaza/vitra
vitra lavabo sifon seti	20	3	https://www.hepsiburada.com/vitra-origin-a45159-lavabo-sifon-seti-simetrik-rozetli-krom-pm-HB00000ZUA6X
vitra mutfak evye	20	10	https://www.hepsiburada.com/vitra-mutfak-evye-bataryalari-xc-18021949-b8646
vitra boşaltma grubu fiyatları	20	1	https://www.hepsiburada.com/vitra-vitra-436317yp-bosaltma-grubu-kaliteli-malzeme-ile-uzun-sureli-kullanim-pm-HBC000002V6QL
vitra v care akıllı klozet fiyatı	20	3	https://www.hepsiburada.com/vitra-akilli-klozet-x-s44901
vitra klozet montaj seti	20	7	https://www.hepsiburada.com/vitra?sayfa=3
vitra central rim-ex klozet seti	20	5	https://www.hepsiburada.com/
vitra banyo dolap seti	20	4	https://www.hepsiburada.com/vitra-quadrum-banyo-dolabi-seti-80-cm-acik-mese-65522-pm-HBC00000BS0CP
vitra fit tutucu 1 mm 250'lik poşet	20	4	https://www.hepsiburada.com/
vitra rezervuar iç takımı 3/6 lt	20	9	https://www.hepsiburada.com/vitra-cift-kademeli-3-6-lt-klozet-ic-takim-seti-pm-HBC0000DQKTV1
vitra ic takim	20	10	https://www.hepsiburada.com/vitra-rezervuar-ic-takimlar-xc-18021929-b8646
vitra gömme rezervuar kumanda paneli ön kapak	20	1	https://www.hepsiburada.com/vitra-altin-gomme-rezervuar-kumanda-paneli-altin-buton-pm-HBC00006Q22KU
vitra dus	20	3	https://www.hepsiburada.com/vitra-shake-a45807-masajli-dus-sistemi-beyaz-pm-HB00000RYL7W
vitra banyo fayansları	20	7	https://www.hepsiburada.com/vitra-seramikler-karolar-xc-60002251-b8646
artema tuvalet kağıtlığı	100	9	https://www.hepsiburada.com/
artema duş başlığı seti	100	6	https://www.hepsiburada.com/
artema armatür	100	10	https://www.hepsiburada.com/artema-batarya-musluklari-xc-18021927-b27496
artema root round	100	6	https://www.hepsiburada.com/artema-root-round-a42706-yuksek-lavabo-bataryasi-krom-pm-HBC00000TWCYQ
artema root round lavabo bataryası	100	9	https://www.hepsiburada.com/artema-root-round-a42706-yuksek-lavabo-bataryasi-krom-pm-HBC00000TWCYQ
artema fold s banyo bataryası	100	9	https://www.hepsiburada.com/artema-fold-s-banyo-bataryasi-solo-c-surgulu-el-dusu-takimi-pm-HBC00000LI4WU
artema taharet musluğu iç takımı	100	10	https://www.hepsiburada.com/vitra-vitra-artema-ankastre-stop-valf-tamir-seti-pm-HBC00005HNAAG
artema flo s eviye bataryası	90	5	https://www.hepsiburada.com/artema-flo-s-batarya-seti-pm-HB000007F8TJ
artema siyah banyo bataryası	90	1	https://www.hepsiburada.com/artema-root-round-a4272536-banyo-bataryasi-mat-siyah-pm-HBC00003J7HTO
artema kuğu lavabo bataryası	90	10	https://www.hepsiburada.com/artema-solid-s-kugu-lavabo-eviye-mutfak-ve-banyo-batarya-seti-pm-HB00001BZXGR
artema duvardan mutfak bataryası	90	8	https://www.hepsiburada.com/duvardan-batarya-x-s66601
artema a45200	90	4	https://www.hepsiburada.com/artema-a45200-filtreli-ara-musluk-pm-HBC0000AEMUG6
artema el duşu	90	3	https://www.hepsiburada.com/artema-a3360401yp-artema-el-dusu-3f-4252-punto-krec-kiricili-pm-HBC00006H6I7O
artema mutfak bataryası başlığı	90	1	https://www.hepsiburada.com/artema-a3329601yp-artema-pull-down-el-dusu-a3326501-pm-HBC00006HDBJA
artema musluk ucu	90	1	https://www.hepsiburada.com/artema-24mm-gizli-perlator-ve-anahtari-pm-HBC000001C8GD
artema klozet musluğu	90	2	https://www.hepsiburada.com/artema-ankastre-3-yollu-yonlendirici-a41657-pm-HB000007F8QB
artema çeşme	80	10	https://www.hepsiburada.com/artema-batarya-musluklari-xc-18021927-b27496
artema maestro a42146	80	8	https://www.hepsiburada.com/artema-maestro-a42146-pull-out-eviye-mutfak-bataryasi-krom-pm-HB000006CYGR
artema marin s eviye bataryası a42149	80	10	https://www.hepsiburada.com/
artema yüksek lavabo bataryası	80	1	https://www.hepsiburada.com/artema-x-line-a42322-yuksek-lavabo-bataryasi-krom-pm-HB000007RFMB
artema win s lavabo bataryası	80	10	https://www.hepsiburada.com/artema-win-s-canak-lavabo-bataryasi-a42586-pm-HB00000L6LOS
artema havluluk	80	8	https://www.hepsiburada.com/artema-origin-classic-kisa-havluluk-45-cm-mat-siyah-a4454836-pm-HBC000073CXK1
artema siyah batarya	80	6	https://www.hepsiburada.com/Ev%20Dekorasyon/Banyolar
artema gömme rezervuar	80	9	https://www.hepsiburada.com/artema-rezervuar-ic-takimlar-xc-18021929-b27496
artema duş seti fiyatları	80	6	https://www.hepsiburada.com/dus-setleri-c-18021971
artema duş	80	10	https://www.hepsiburada.com/
artema tuvalet musluğu	80	9	https://www.hepsiburada.com/artema-ara-musluklar-xc-18021954-b27496
artema lavabo	70	7	https://www.hepsiburada.com/artema-wi-n-s-lavabo-bataryasi-pm-HB00000L4FDW
artema flo s	70	1	https://www.hepsiburada.com/artema-flo-s-batarya-seti-pm-HB000007F8TJ
duş seti artema	70	4	https://www.hepsiburada.com/artema-solid-s-lavabo-banyo-eviye-system-rain-tepe-dus-seti-pm-HB00001BZXGT
artema yağmurlama duş seti	70	2	https://www.hepsiburada.com/artema-solid-s-lavabo-banyo-eviye-system-rain-tepe-dus-seti-pm-HB00001BZXGT
artema arıtmalı musluk	70	7	https://www.hepsiburada.com/artema-split-a42144-dual-flow-eviye-mutfak-bataryasi-krom-pm-HB000002RRDV
artema banyo bataryası ve duş seti	70	9	https://www.hepsiburada.com/artema-batarya-seti-x-s43866
artema banyo aksesuarları	70	6	https://www.hepsiburada.com/artema-banyo-aksesuarlari-xc-18021925-b27496
banyo bataryası artema	70	6	https://www.hepsiburada.com/artema-banyo-batarya-seti-3-lu-pm-HB00000RC7OX
artema gömme taharet musluğu	70	2	https://www.hepsiburada.com/suart/ara-musluklar-c-18021954
artema çamaşır makinesi musluğu	70	1	https://www.hepsiburada.com/artema-a45228-filtreli-camasir-muslugu-krom-pm-HB00000DSLW3
artema win s ankastre duş seti	60	2	https://www.hepsiburada.com/artema-win-s-a49247-ankastre-dus-seti-krom-pm-HB0000176R2A
artema win s	60	1	https://www.hepsiburada.com/artema-win-s-batarya-seti-a41117-a42572-a42578-2-adteflon-bant-pm-HB00000NA0OX
artema sürgülü duş seti	60	4	https://www.hepsiburada.com/artema-samba-3f-surgulu-dus-el-dus-takimi-a45680-pm-HB00000Y8MLF
artema mutfak	60	11	https://www.hepsiburada.com/artema-mutfak-evye-bataryalari-xc-18021949-b27496
artema sıvı sabunluk	60	3	https://www.hepsiburada.com/
artema master 1f	60	9	https://www.hepsiburada.com/
artema batarya seti	60	2	https://www.hepsiburada.com/artema-batarya-seti-x-s43866
artema el duşu başlığı	60	5	https://www.hepsiburada.com/artema-dus-basliklari-xc-18021972-b27496
artema nora s lavabo bataryası	60	6	https://www.hepsiburada.com/artema-nora-s-lavabo-bataryasi-doner-borulu-a42876-pm-HBC00004O4OEE
artema fiyat listesi	60	9	https://www.hepsiburada.com/artema
artema 3 lü batarya seti	60	5	https://www.hepsiburada.com/artema-solid-s-batarya-seti-valtemo-tepe-dus-takimi-vs-5280-pm-HBC000020BPW1
artema fold s	60	3	https://www.hepsiburada.com/artema-fold-s-a42534-lavabo-bataryasi-doner-borulu-krom-pm-HB00000GXKX9
artema klozet kapağı	50	2	https://www.hepsiburada.com/artema-universal-2-soft-klozet-kapagi-dp-beyaz-85-003-009-yavas-kapanir-pm-HBC000065AMT7
artema duş spirali	50	3	https://www.hepsiburada.com/artema-a3640401yp-dus-siprali-krom-kenetli-175-cm-kolay-montaj-ve-uzun-sureli-kullanim-icin-pm-HBC00006I1T99
artema nora s banyo bataryası	50	6	https://www.hepsiburada.com/grohe-artema-nora-s-banyo-bataryasi-a42870-pm-HBC00004O4W48
artema beyaz mutfak bataryası	50	1	https://www.hepsiburada.com/ec-shop-akcay-su-armaturleri-delta-beyaz-mutfak-bataryasi-evye-mix-ak-31-3-beyaz-mutfak-pm-HBC00004O13FD
artema evye bataryası	50	8	https://www.hepsiburada.com/artema-mutfak-evye-bataryalari-xc-18021949-b27496
artema ankastre stop valf	50	10	https://www.hepsiburada.com/die-grup-artema-ankastre-stop-valf-siva-ustu-grubu-a41461-pm-HBC0000HZFWD5
artema flo s banyo bataryası	50	6	https://www.hepsiburada.com/artema-flo-s-a41937-banyo-bataryasi-krom-pm-hrecza41937
artema şelale batarya	50	4	https://www.hepsiburada.com/selale-batarya-x-s53596
artema a42440	50	2	https://www.hepsiburada.com/artema-solid-s-lavabo-bataryasi-a42440-artema-ara-musluk-a45200-2ad-pm-HBC000015UOI8
artema fotoselli batarya	50	2	https://www.hepsiburada.com/
artema mutfak evye bataryası	40	4	https://www.hepsiburada.com/artema-mutfak-evye-bataryalari-xc-18021949-b27496
artema banyo batarya seti 3'lü	40	9	https://www.hepsiburada.com/artema-batarya-seti-x-s43866
artema eviye bataryası fiyatları	40	5	https://www.hepsiburada.com/artema-a42148-solid-s-eviye-bataryasi-krom-kaplama-tezgah-montaji-icin-360-doner-baslik-pm-HBC00003MW9NI
artema marin s lavabo bataryası	40	2	https://www.hepsiburada.com/artema-marin-s-a42458-doner-borulu-lavabo-bataryasi-krom-pm-HB00000DSLVX
artema split dual flow	40	4	https://www.hepsiburada.com/artema-split-dual-flow-eviye-bataryasi-a42144-360-donebilen-krom-cift-fonksiyonlu-baslik-tezgah-ustu-montaj-pm-HB000002RRDV
artema tekli musluk	40	1	https://www.hepsiburada.com/artema-a41585-musluk-kisa-pm-hremod586
artema juno lavabo bataryası	40	7	https://www.hepsiburada.com/artema-juno-lavabo-bataryasi-yuksek-altin-pm-HB000002RR7V
artema nora s	30	8	https://www.hepsiburada.com/artema-nora-s-eviye-bataryasi-a42871-pm-HBC00004O53ME
artema a45200 filtreli ara musluk	30	5	https://www.hepsiburada.com/artema-filitreli-ara-musluk-a45200-pm-HBC00000WYH9L
artema tuvalet fırçası	30	6	https://www.hepsiburada.com/artema-klozet-fircalari-xc-18021940-b27496
artema maestro pro	30	10	https://www.hepsiburada.com/artema-maestro-pro-a42152-eviye-bataryasi-krom-pm-HB00000EK9UM
artema punto duş seti	30	1	https://www.hepsiburada.com/
artema solid s batarya seti	30	1	https://www.hepsiburada.com/artema-solid-s-krom-lavabo-banyo-batarya-seti-ac-kapa-ozellikli-modern-tasarim-pm-HB000007REDZ
artema x line lavabo bataryası	30	7	https://www.hepsiburada.com/artema-x-line-yuksek-tip-lavabo-bataryasi-pm-HB000007F8XD
artema flo s a42103	20	7	https://www.hepsiburada.com/artema-flo-s-a42103-eviye-bataryasi-krom-pm-HB00000T6D6K
artema ankastre banyo bataryası (sıva altı)	20	2	https://www.hepsiburada.com/artema-ankastre-banyo-bataryasi-siva-alti-grubu-pm-HB000007F8T9
artema x line banyo bataryası	20	3	https://www.hepsiburada.com/artema-x-line-a42324-banyo-bataryasi-krom-pm-hrecza42324
artema minimax s eviye bataryası	20	6	https://www.hepsiburada.com/artema-a42091-minimax-s-eviye-bataryasi-pm-HB00000VFA6Q
artema q line lavabo bataryası	20	7	https://www.hepsiburada.com/artema-banyo-bataryasi-q-line-a40778-pm-HBC000036K6P3
artema duş sistemleri	20	6	https://www.hepsiburada.com/
artema system rain ls25 duş kolonu	20	7	https://www.hepsiburada.com/artema-system-rain-ls25-dus-kolonu-krom-renk-ve-celik-malzeme-ile-sik-tasarim-sunuyor-a45597-pm-hrecza45597
eca oda termostatı fiyatı	100	6	https://www.hepsiburada.com/oda-termostati-c-60005482
eca kombi su akış türbini değişimi	100	3	https://www.hepsiburada.com/e-c-a-kombi-su-akis-turbini-pm-HB000004D5YX
eca kombi eşanjör fiyatları	100	3	https://www.hepsiburada.com/e-c-a-kombi-plakali-esanjor-pm-HB000004D5W9
eca salmastra	100	1	https://www.hepsiburada.com/eca-salmastra-1-2-pm-HBC000001BP9T
eca gaz valfi fiyatı	100	1	https://www.hepsiburada.com/honeywell-eca-buderus-baymak-baxi-gaz-valfi-pm-HBC00006ASS2P
eca confeo plus ntc sensörü	100	3	https://www.hepsiburada.com/e-c-a-confeo-kombi-ntc-sensor-yuksek-performansli-isi-algilayici-parca-kombi-icin-pm-HBC000006UOKO
eca kısa musluk	100	5	https://www.hepsiburada.com/eca-pinar-kisa-musluk-102109274-pm-HBC000010LNF7-yorumlari
eca 24000 btu klima	100	1	https://www.hepsiburada.com/e-c-a-ecotech-a-24000-btu-h-inverter-duvar-tipi-klima-pm-HBC00001P6W59
eca luna banyo bataryası	100	4	https://www.hepsiburada.com/eca-luna-banyo-bataryasi-pm-HB000007EV9L
eca köşe radyatör vanası	100	3	https://www.hepsiburada.com/kose-radyator-vanasi-x-s37534
eca stop valf	100	1	https://www.hepsiburada.com/eca-3-4-stop-valf-601005032-pm-HB000012FB87
eca batarya seti	100	3	https://www.hepsiburada.com/eca-tiera-serisi-batarya-set-ec000005-evye-lavabo-banyo-pm-HB0000055G8M
kombi eca fiyatları	100	2	https://www.hepsiburada.com/e.c.a-kombiler-xc-17723-b11531
eca yoğuşmalı kombi yorumları	100	6	https://www.hepsiburada.com/e-c-a-proteus-premix-24-kw-yogusmali-kombi-baca-dahil-pm-HB00000BFX19-yorumlari
eca confeo plus fiyat	100	3	https://www.hepsiburada.com/eca-confeo-plus-x-s62338
eca petek metre fiyatı	100	6	https://www.hepsiburada.com/e-c-a-400x400-pkkp-tip-22-panel-radyator-enerji-verimliligi-ve-modern-tasarim-ile-pm-HBC0000246RXY
eca proteus premix 24 kw özellikleri	90	8	https://www.hepsiburada.com/e-c-a-proteus-premix-24-kw-yogusmali-kombi-baca-dahil-pm-HB00000BFX19
eca delta banyo bataryası	90	4	https://www.hepsiburada.com/eca-delta-banyo-bataryasi-pm-HB00000OS35H
eca arıtmalı musluk	90	2	https://www.hepsiburada.com/eca-aritmali-musluk-x-s25208
eca tekli musluk	90	3	https://www.hepsiburada.com/3-adet-eca-camasir-musluk-pm-HBC0000JHWQP6
eca confeo plus kombi yedek parça fiyatları	90	9	https://www.hepsiburada.com/e.c.a-isitma-sogutma-yedek-parcalari-xc-80419094-b11531
eca 24 kw tam yoğuşmalı kombi	90	11	https://www.hepsiburada.com/eca-bacali-kombi-x-s17541
eca termostatik banyo bataryası	90	3	https://www.hepsiburada.com/eca-termostatik-banyo-bataryasi-x-s20499
eca ankastre taharet musluğu salmastrası	90	4	https://www.hepsiburada.com/eca-ara-taharet-muslugu-salmastrasi-pm-HBC000001BP9X
petek suluğu eca	90	2	https://www.hepsiburada.com/kalorifer-petek-sulugu-x-s54891
eca batarya kartuşu	90	1	https://www.hepsiburada.com/eca-35-lik-ayakli-kartus-pm-HBC000001BQVZ
termostatik vana eca	90	1	https://www.hepsiburada.com/eca-termostatik-vana-x-s56789
eca genleşme tankı	90	1	https://www.hepsiburada.com/e-c-a-eca-proteus-premix-genlesme-tanki-pm-HBC00005Z619V
eca kalorifer peteği	90	8	https://www.hepsiburada.com/e-c-a-eca-panel-radyator-600-1100-pm-HBC00001AXYOP
eca mutfak bataryası gold	90	6	https://www.hepsiburada.com/gold-mutfak-bataryasi-x-s53125
eca kombi yedek parça satış	90	10	https://www.hepsiburada.com/e.c.a-isitma-sogutma-yedek-parcalari-xc-80419094-b11531
eca kombi pompa fiyatları	90	1	https://www.hepsiburada.com/grundfos-pompa-kombi-15-60-baymak-eca-demirdokum-uyumlu-pm-HBC00006ASTA1
eca proteus premix 28 kw yoğuşmalı kombi fiyatları	90	1	https://www.hepsiburada.com/e-c-a-proteus-premix-28-kw-yogusmali-kombi-hermetik-baca-tipi-ile-yuksek-kapasite-pm-HB00000BFX1B
eca proteus premix yorumları	80	1	https://www.hepsiburada.com/e-c-a-proteus-premix-24-kw-yogusmali-kombi-baca-dahil-pm-HB00000BFX19-yorumlari
eca proteus genleşme tankı	80	1	https://www.hepsiburada.com/e-c-a-eca-proteus-premix-genlesme-tanki-pm-HBC00005Z619V
eca proteus kombi yedek parça fiyatları	80	9	https://www.hepsiburada.com/e.c.a-isitma-sogutma-yedek-parcalari-xc-80419094-b11531
eca 28 kw tam yoğuşmalı kombi fiyatları	80	1	https://www.hepsiburada.com/e-c-a-proteus-premix-28-kw-yogusmali-kombi-hermetik-baca-tipi-ile-yuksek-kapasite-pm-HB00000BFX1B
eca 3/4 küresel vana fiyatı	80	2	https://www.hepsiburada.com/ennalbur-eca-3-4-icme-suyu-kuresel-vana-pm-HB0000048B93
eca spylos pro 18000	80	10	https://www.hepsiburada.com/e-c-a-spylos-pro-esa1518a100-a-18000-btu-inverter-duvar-tipi-klima-pm-HBC00006HPO7H
eca sensörlü musluk fiyatları	80	3	https://www.hepsiburada.com/fotoselli-bataryalar-c-18021950
eca kombi 35 kw	80	8	https://www.hepsiburada.com/e.c.a-kombiler-xc-17723-b11531
eca çeşme fiyatları	80	4	https://www.hepsiburada.com/eca-uzun-musluk-085-pm-HB0000055G50
eca serel gömme rezervuar	80	10	https://www.hepsiburada.com/Ev
eca confeo plus anakart fiyatı	80	6	https://www.hepsiburada.com/eca-confeo-plus-kombi-uc-yollu-vana-motoru-siyah-pm-HBC0000G6M54D
eca fotoselli batarya	80	8	https://www.hepsiburada.com/eca-luna-fotoselli-lavabo-bataryasi-108108054-pm-HB00000R93HP
eca citius premix 24 kw özellikleri	80	5	https://www.hepsiburada.com/e-c-a-citius-premix-24-24-kw-20-000-kcal-hermetik-baca-ile-yuksek-verimli-tam-yogusmali-kombi-pm-HB00000WCOQX
eca premix	80	9	https://www.hepsiburada.com/e.c.a-kombiler-xc-17723-b11531
eca citius premix yorumları	80	10	https://www.hepsiburada.com/
eca kombi üç yollu vana fiyatı	80	1	https://www.hepsiburada.com/e-c-a-proteus-uc-yollu-vana-tamir-takimi-kombi-icin-uyumlu-yedek-parca-pm-HB000004D5XB
eca confeo plus yoğuşmalı mı	80	1	https://www.hepsiburada.com/eca-kombi-confeo-plus-x-s29378
eca kombi baca borusu fiyatları	80	4	https://www.hepsiburada.com/ak-tek-eca-her-baca-uzatmasi-1-mt-yogusmali-degildir-pm-HBC00004KOH2B
eca lavabo batarya fiyatları	70	10	https://www.hepsiburada.com/e-c-a-nita-banyo-lavabo-bataryasi-102188034-pm-HBC00004Z5R2G
eca dalia duş seti	70	3	https://www.hepsiburada.com/e-c-a-dalia-teleskopik-kolonlu-dus-seti-102158031-pm-HBC000000B27B
eca phoenix	70	9	https://www.hepsiburada.com/e-c-a-phoenix-ph-hm-11-hermetik-sofben-19-kw-11-lt-dk-low-nox-enerji-tasarruflu-ve-hizli-isitma-teknolojisi-pm-HB00000RTYXR
eca cıtıus premix 24 kw	70	8	https://www.hepsiburada.com/e-c-a-citius-premix-24-24-kw-20-000-kcal-hermetik-baca-ile-yuksek-verimli-tam-yogusmali-kombi-pm-HB00000WCOQX
eca proteus 3 yollu vana motoru	70	2	https://www.hepsiburada.com/e-c-a-eca-kombi-uc-yollu-vana-motoru-pm-HBC00006QWBK0
eca küresel vana	70	1	https://www.hepsiburada.com/ennalbur-eca-1-2-icme-suyu-kuresel-vana-pm-HB0000048B90
eca su akış türbini	70	1	https://www.hepsiburada.com/
eca petek fiyatı	70	10	https://www.hepsiburada.com/e.c.a-panel-radyatorler-xc-60005350-b11531
eca phoenix şofben	70	6	https://www.hepsiburada.com/e-c-a-phoenix-ph-hm-11-hermetik-sofben-19-kw-11-lt-dk-low-nox-enerji-tasarruflu-ve-hizli-isitma-teknolojisi-pm-HB00000RTYXR
eca proteus premix 24 kw yorumları	70	1	https://www.hepsiburada.com/e-c-a-proteus-premix-24-kw-yogusmali-kombi-baca-dahil-pm-HB00000BFX19-yorumlari
eca proteus premix fiyat	70	9	https://www.hepsiburada.com/e-c-a-proteus-premix-24-kw-yogusmali-kombi-baca-dahil-pm-HB00000BFX19
eca petek yorumları	70	1	https://www.hepsiburada.com/eca-panel-radyator-600x400-pm-HB00000I1VDX-yorumlari
eca evye bataryası	70	8	https://www.hepsiburada.com/eca-luna-eviye-bataryasi-el-duslu-pm-HB00000BKF42
eca serel klozet fiyatları	70	2	https://www.hepsiburada.com/e-c-a-serel-etna-duvara-sifir-klozet-ve-37-cm-rezervuar-en02-en04-pm-HBC00002J8VDP
eca banyo aksesuarları	70	6	https://www.hepsiburada.com/
eca kombi kaç para	60	6	https://www.hepsiburada.com/kombiler-c-17723
eca baca uzatması	60	3	https://www.hepsiburada.com/e-c-a-e-c-a-yogusmali-kombi-i-lave-baca-uzatmasi-100-cm-uyumlu-kombi-modelleri-icin-yedek-parca-pm-HB00000KTZWW
eca klozet takımı fiyatları	60	5	https://www.hepsiburada.com/e-c-a-serel-etna-duvara-sifir-klozet-ve-37-cm-rezervuar-en02-en04-pm-HBC00002J8VDP
eca termostatik vana kafası çıktı	60	7	https://www.hepsiburada.com/eca-termostatik-vana-x-s56789
eca ara kesme valfi	60	6	https://www.hepsiburada.com/eca-ankastre-ara-kesme-valfi-102151017-pm-HBC000005NZAR
eca proteus premix 24 kw yoğuşmalı kombi	60	6	https://www.hepsiburada.com/e-c-a-proteus-premix-24-kw-yogusmali-kombi-baca-dahil-pm-HB00000BFX19
eca yoğuşmalı-kombi yorumları	60	5	https://www.hepsiburada.com/e-c-a-proteus-premix-24-kw-yogusmali-kombi-baca-dahil-pm-HB00000BFX19-yorumlari
eca spylos pro 12000	60	3	https://www.hepsiburada.com/e-c-a-spylos-pro-esa1512a100-a-12000-btu-inverter-duvar-tipi-klima-pm-HBC00004LDLPW
eca soba	60	9	https://www.hepsiburada.com/
eca 42 kw kombi	60	9	https://www.hepsiburada.com/e-c-a-eca-proteus-premix-42-kw-yogusmali-kombi-baca-dahil-pm-HBC00001P99DO
eca kombi genleşme tankı fiyatı	60	1	https://www.hepsiburada.com/
eca banyo bataryaları	60	5	https://www.hepsiburada.com/eca-delta-banyo-bataryasi-pm-HB00000OS35H
eca kombi bacası	60	4	https://www.hepsiburada.com/e-c-a-yogusmali-kombi-i-lave-baca-uzatmasi-50-cm-pm-HB00000KTZX4
eca flex hortum	60	1	https://www.hepsiburada.com/e-c-a-eca-batarya-alt-baglanti-fleksi-hortumu-45cm-pm-HBC000001C8KV
eca nita	60	2	https://www.hepsiburada.com/eca-nita-eviye-bataryasi-102118080-pm-HB000009GIQY
eca kombi genleşme tankı	50	1	https://www.hepsiburada.com/kombi-genlesme-tanki-fiyati-x-s8909
eca batarya rozeti	50	6	https://www.hepsiburada.com/eca-batarya-rozet-pm-HBC000001C8HP
eca batarya borusu	50	1	https://www.hepsiburada.com/krom-mutfak-evye-batarya-icin-koseli-su-borusu-paslanmaz-ve-eca-uyumlu-25x25-lisinya-pm-HBC0000IAGOUT
arıtma çıkışlı batarya eca	50	1	https://www.hepsiburada.com/eca-aritmali-batarya-x-s46210
eca pınar uzun musluk	50	7	https://www.hepsiburada.com/eca-pinar-uzun-musluk-275-pm-HB0000055G58
eca berber bataryası	50	1	https://www.hepsiburada.com/eca-eviye-ve-berber-batarya-el-dusu-grubu-pm-HBC000001C4FP
eca armatür fiyatları	50	6	https://www.hepsiburada.com/eca-niobe-3-lu-batarya-seti-modamix-moskow-tepedus-seti-pm-HB00000BSZYZ
eca lavabo batarya modelleri	50	9	https://www.hepsiburada.com/
eca petek fiyatları 1 metre	50	7	https://www.hepsiburada.com/e-c-a-eca-panel-radyator-600-1100-pm-HBC00001AXYOP
eca duvardan lavabo bataryası	50	1	https://www.hepsiburada.com/eca-niobe-ankastre-lavabo-bataryasi-siva-ustu-102167613-k-pm-HBC00002LDMCS
eca kartuş fiyatları	50	6	https://www.hepsiburada.com/eca-40-lik-ayakli-kartus-pm-HBC000001BQVX
eca klima 18000 fiyatları	50	9	https://www.hepsiburada.com/klimalar-c-17453
eca kombi türbin fiyatı	50	1	https://www.hepsiburada.com/
eca proteus premix 35 kw fiyat	50	9	https://www.hepsiburada.com/e-c-a-proteus-premix-35-kw-yogusmali-kombi-hermetik-baca-ile-yuksek-verimlilik-saglar-pm-HB00000BFX1F
eca proteus premix 28 kw fiyat	50	8	https://www.hepsiburada.com/e-c-a-proteus-premix-28-kw-yogusmali-kombi-hermetik-baca-tipi-ile-yuksek-kapasite-pm-HB00000BFX1B
eca kombi 30 kw	50	5	https://www.hepsiburada.com/e-c-a-proteus-premix-30-kw-yogusmali-kombi-hermetik-baca-ile-yuksek-verimlilik-saglar-pm-HB00000BFX1D
basınç düşürücü eca	50	2	https://www.hepsiburada.com/eca-1-2-su-basinc-regulatoru-basinc-dusurucu-rakorsuz-pm-HB00000I7J2L
eca çift çıkışlı taharet musluğu	50	7	https://www.hepsiburada.com/eca-cift-cikisli-ara-musluk-102111116-pm-HB000012FB93
eca 30 kw kombi fiyatları	50	8	https://www.hepsiburada.com/e-c-a-proteus-premix-30-kw-yogusmali-kombi-hermetik-baca-ile-yuksek-verimlilik-saglar-pm-HB00000BFX1D
eca pınar kısa musluk	50	3	https://www.hepsiburada.com/eca-pinar-kisa-musluk-274-pm-HB0000055G56
eca dual flow	40	1	https://www.hepsiburada.com/e-c-a-dual-flow-cift-akisli-eviye-bataryasi-102118137-pm-HBC00000M7WD4
eca genleşme tankı fiyatları	40	1	https://www.hepsiburada.com/kombi-genlesme-tanki-fiyati-x-s8909
eca kombi su doldurma vanası	40	8	https://www.hepsiburada.com/eca-novastar-kombi-su-doldurma-muslugu-pm-HBC0000A15IXQ
eca akıllı oda termostatı	40	1	https://www.hepsiburada.com/e-c-a-poly-smart-kablosuz-akilli-oda-termostati-7006903011-beyaz-renk-mekanik-kontrol-paneli-pm-HBC00006NX5P1
eca tiera ankastre banyo bataryası	40	2	https://www.hepsiburada.com/eca-tiera-ankastre-banyo-bataryasi-siva-ustu-grubu-mat-siyah-2-yollu-102167205c1-kde-pm-HB000014Q6NJ
eca confeo plus sıcak su sensörü fiyatları	40	1	https://www.hepsiburada.com/
eca kablolu oda termostatı	40	5	https://www.hepsiburada.com/
eca 3 yollu musluk	40	1	https://www.hepsiburada.com/e-c-a-eca-nita-3-akisli-aritici-mutfak-eviye-bataryasi-su-aritma-baglantili-102118350-pm-HBC000068AEBV
eca taharet musluğu fiyatları	40	3	https://www.hepsiburada.com/e-c-a-10-adet-eca-filtreli-klozet-taharet-ara-muslugu-rozetli-102111128-pm-HBC00005YNFJR
eca kombi confeo plus	40	2	https://www.hepsiburada.com/eca-kombi-confeo-plus-x-s29378
eca kablosuz termostat	40	7	https://www.hepsiburada.com/
eca spil lavabo bataryası	40	1	https://www.hepsiburada.com/eca-nita-lavabo-bataryasi-102188034-pm-HB000009GIQU
eca 24 kw tam yoğuşmalı kombi fiyatları	40	6	https://www.hepsiburada.com/
eca radyatör vanası fiyatları	40	9	https://www.hepsiburada.com/kose-radyator-vanasi-x-s37534
eca kombi sıcak su sensörü arızası	40	5	https://www.hepsiburada.com/e-c-a-kombi-ntc-sensoru-pm-HB000004D5VJ
eca ntc sensör	40	3	https://www.hepsiburada.com/e-c-a-kombi-ntc-sensoru-pm-HB000004D5VJ
eca proteus premix 24 kw yorum	40	1	https://www.hepsiburada.com/e-c-a-proteus-premix-24-kw-yogusmali-kombi-baca-dahil-pm-HB00000BFX19-yorumlari
eca kombi anakart fiyatları	40	4	https://www.hepsiburada.com/
eca proteus premix 30 kw yoğuşmalı kombi yorumları	40	1	https://www.hepsiburada.com/e-c-a-proteus-premix-30-kw-yogusmali-kombi-hermetik-baca-ile-yuksek-verimlilik-saglar-pm-HB00000BFX1D
eca confeo premix fan motoru fiyatı	40	1	https://www.hepsiburada.com/e-c-a-eca-confeo-premix-fan-motoru-pm-HBC00008IURGC
eca citius kombi fiyatları	40	10	https://www.hepsiburada.com/
eca termostat kablosuz	40	4	https://www.hepsiburada.com/e-c-a-ert-176-rf-7006907522-dijital-kablosuz-oda-termostati-pm-HB00000VN2UI
eca kombi oda termostatı	40	5	https://www.hepsiburada.com/oda-termostati-c-60005482
eca eşanjör fiyatları	40	3	https://www.hepsiburada.com/e-c-a-kombi-plakali-esanjor-pm-HB000004D5W9
eca kombi ntc sensörü	30	4	https://www.hepsiburada.com/e-c-a-kombi-ntc-sensoru-pm-HB000004D5VJ
eca proteus premix 35 kw yorum	30	1	https://www.hepsiburada.com/e-c-a-proteus-premix-35-kw-yogusmali-kombi-hermetik-baca-ile-yuksek-verimlilik-saglar-pm-HB00000BFX1F
eca aç kapa salmastra	30	1	https://www.hepsiburada.com/stecell-eca-artema-grohe-uyumlu-seramik-salmastra-pm-HBC00006SHFQL
eca radyatör vanası başlığı	30	1	https://www.hepsiburada.com/bemy-ticaret-eca-trv4-termostatik-vana-kafasi-p-HBCV0000IMYUZU
petek fiyatları eca	30	10	https://www.hepsiburada.com/e.c.a-panel-radyatorler-xc-60005350-b11531
eca sıcak su sensörü	30	2	https://www.hepsiburada.com/e-c-a-kombi-ntc-sensoru-pm-HB000004D5VJ
eca citius 28 kw	30	5	https://www.hepsiburada.com/e-c-a-citius-premix-28-hm-28-kw-bacali-yogusmali-kombi-sessiz-calisma-ve-dusuk-yakit-tuketimi-pm-HBC00000CAJUY
eca confeo premix 24 kw	30	9	https://www.hepsiburada.com/e-c-a-confeo-premix-24-24-kw-20-000-kcal-tam-yogusmali-siyah-kombi-hermetik-baca-ile-yuksek-verim-pm-HB00000WCOR1
eca akıllı oda termostatı wifi kablosuz	30	7	https://www.hepsiburada.com/oda-termostati-c-60005482
eca türbin	30	1	https://www.hepsiburada.com/fullyedek-eca-proteus-premix-turbin-e-c-a-kombi-sicak-su-akis-turbin-1-adet-pm-HBC00005M8CB0
eca 35 lik kartuş	30	9	https://www.hepsiburada.com/eca-35-lik-ayaksiz-kartus-pm-HBC000001BQW1
eca eşanjör	30	4	https://www.hepsiburada.com/e-c-a-proteus-plus-kombi-plakali-esanjor-pm-HB000004D5WD
eca banyo dolabı	30	8	https://www.hepsiburada.com/e.c.a-banyolar-xc-455418-b11531
eca 3 yollu vana fiyatı	30	1	https://www.hepsiburada.com/e-c-a-proteus-uc-yollu-vana-tamir-takimi-kombi-icin-uyumlu-yedek-parca-pm-HB000004D5XB
eca proteus akış türbini	30	1	https://www.hepsiburada.com/
eca confeo kombi	30	4	https://www.hepsiburada.com/eca-kombi-confeo-plus-x-s29378
eca radyatör vanası koçtaş	30	9	https://www.hepsiburada.com/Eca
eca zafir lavabo bataryası	30	6	https://www.hepsiburada.com/eca-zafir-lavabo-bataryasi-102108950-pm-HB000009GIR2
eca musluk kartuşu	30	2	https://www.hepsiburada.com/eca-35-lik-ayakli-kartus-pm-HBC000001BQVZ
eca kombi sıcak su sensörü	20	3	https://www.hepsiburada.com/e-c-a-kombi-ntc-sensoru-pm-HB000004D5VJ
eca spylos pro	20	10	https://www.hepsiburada.com/e-c-a-spylos-pro-esa1518a100-a-18000-btu-inverter-duvar-tipi-klima-pm-HBC00006HPO7H
eca taharet musluğu en ucuz	20	8	https://www.hepsiburada.com/e.c.a-ara-musluklar-xc-18021954-b11531
eca kombi eşanjör	20	3	https://www.hepsiburada.com/e-c-a-kombi-plakali-esanjor-pm-HB000004D5W9
eca delta eviye bataryası yedek parça	20	7	https://www.hepsiburada.com/e-c-a-delta-banyo-bataryasi-102102346-pm-HBC00000LNFXI
eca niobe 3'lü batarya seti	20	7	https://www.hepsiburada.com/eca-niobe-3-lu-batarya-seti-modamix-arjantin-tepedus-seti-pm-HB00000BT00K
oda termostatı eca	20	6	https://www.hepsiburada.com/e-c-a-ert-176-rf-7006907522-dijital-kablosuz-oda-termostati-pm-HB00000VN2UI
eca kartuş modelleri	20	10	https://www.hepsiburada.com/eca-zafir-kartus-pm-HBC000001BQVP
eca duş spirali	20	4	https://www.hepsiburada.com/eca-spil-banyo-dus-ust-takimi-pm-HB000002SAVL
eca kablosuz oda termostatı on/off	20	6	https://www.hepsiburada.com/oda-termostati-c-60005482
eca poly touch 400w kablosuz oda termostatı	20	5	https://www.hepsiburada.com/e-c-a-eca-poly-touch-400w-kablosuz-oda-termostati-beyaz-dijital-kontrol-paneli-ile-yuksek-performans-pm-HBC0000316P2K
eca vera banyo bataryası	20	1	https://www.hepsiburada.com/eca-2102102386-vera-banyo-bataryasi-pm-HB000003L4G9
eca 28 kw yoğuşmalı kombi yorum	20	1	https://www.hepsiburada.com/e-c-a-proteus-premix-28-kw-yogusmali-kombi-hermetik-baca-tipi-ile-yuksek-kapasite-pm-HB00000BFX1B
eca doğalgaz sobası fiyatları	20	2	https://www.hepsiburada.com/fujiyama-fhs-1100-hermetik-dogalgaz-sobasi-pm-HB00000PBD1Q
en ucuz eca proteus premix 24 kw	20	9	https://www.hepsiburada.com/kombiler-c-17723
eca gömme rezervuar seti	20	1	https://www.hepsiburada.com/e-c-a-serel-smooth-gomme-rezervuar-3-lu-set-t020111bk5824-t020111-p58-024-pm-HBC000075VACW
eca üç yollu vana motoru	20	1	https://www.hepsiburada.com/e-c-a-eca-kombi-uc-yollu-vana-motoru-pm-HBC00006QWBK0
eca demirdöküm soba fiyatları	20	2	https://www.hepsiburada.com/dokum-soba-x-s1972
eca havlupan 50*100	20	10	https://www.hepsiburada.com/xpan-eca-krom-50-110-havlupan-pm-HBC00004NAY0R
eca proteus premix 30 kw fiyat	20	2	https://www.hepsiburada.com/e-c-a-proteus-premix-30-kw-yogusmali-kombi-hermetik-baca-ile-yuksek-verimlilik-saglar-pm-HB00000BFX1D
eca citius premix fiyat	20	3	https://www.hepsiburada.com/e.c.a-kombiler-xc-17723-b11531
eca termostatik vana fiyatları koçtaş	20	9	https://www.hepsiburada.com/Termostatik
eca salmastra fiyatları	20	4	https://www.hepsiburada.com/eca-salmastra-1-2-pm-HBC000001BP9T
eca confeo plus sıcak su sensörü	20	3	https://www.hepsiburada.com/e-c-a-confeo-kombi-ntc-sensor-yuksek-performansli-isi-algilayici-parca-kombi-icin-pm-HBC000006UOKO
eca kombi 28 kw fiyat	20	4	https://www.hepsiburada.com/e-c-a-proteus-premix-28-kw-yogusmali-kombi-hermetik-baca-tipi-ile-yuksek-kapasite-pm-HB00000BFX1B
eca batarya flex hortum	20	1	https://www.hepsiburada.com/e-c-a-eca-batarya-alt-baglanti-fleksi-hortumu-45cm-soguk-pm-HBC000001C8KX
eca banyo bataryası yön değiştirici	20	4	https://www.hepsiburada.com/eca-mix-banyo-batarya-yon-degistirici-pm-HBC000001BP9D
eca kombi motor fiyatları	20	1	https://www.hepsiburada.com/e-c-a-eca-kombi-uc-yollu-vana-motoru-pm-HBC00006QWBK0
creavit çanak lavabo	100	11	https://www.hepsiburada.com/creavit-lavabolar-xc-60004458-b6688
creavit klozet iç takımı	90	5	https://www.hepsiburada.com/creavit-it5112-start-stop-ic-takim-pm-HB00000W2VU3
creavit elegant asma klozet	90	2	https://www.hepsiburada.com/creavit-elegant-rim-off-asma-klozet-eg321-kapak-haric-pm-HBC00000LU1XI
creavit tp325	90	2	https://www.hepsiburada.com/creavit-tp325-terra-asma-klozet-creavit-yavas-kapanir-kapak-pm-HB00000W7VR1
creavit tezgah üstü lavabo	80	2	https://www.hepsiburada.com/creavit-lavabolar-xc-60004458-b6688
creavit klozet modelleri	80	11	https://www.hepsiburada.com/creavit-klozetler-xc-18021930-b6688
creavit gömme rezervuar seti	70	4	https://www.hepsiburada.com/creavit-gomme-rezervuar-seti-8-cm-pm-HB000007F1OD
creavit tezgah altı lavabo	70	11	https://www.hepsiburada.com/creavit-lavabolar-xc-60004458-b6688
creavit lara	70	4	https://www.hepsiburada.com/creavit-lara-duvara-dayali-klozet-seti-4-parca-pp-yavas-kapak-pm-HBC00001XPQHO
creavit gömme rezervuar boşaltma grubu	70	2	https://www.hepsiburada.com/creavit-yetkili-servisten-gomme-rezervuar-bosaltma-grubu-pm-HBC000048FGPE
creavit gömme rezervuar yedek parça	60	8	https://www.hepsiburada.com/creavit-ic-takim-aksesuarlari-xc-60001261-b6688
creavit kumanda paneli	60	5	https://www.hepsiburada.com/creavit-kumanda-paneli-xc-80298256-b6688
creavit musluk	60	4	https://www.hepsiburada.com/creavit-batarya-musluklari-xc-18021927-b6688
creavit lara klozet kapağı	60	4	https://www.hepsiburada.com/creavit-lara-duroplast-metal-menteseli-klozet-kapagi-pm-HB000001J4L0
creavit tp325 asma klozet	50	2	https://www.hepsiburada.com/creavit-tp325-terra-asma-klozet-creavit-yavas-kapanir-kapak-pm-HB00000W7VR1
creavit hela taşı	40	1	https://www.hepsiburada.com/creavit-cevre-yikamali-hela-tasi-beyaz-50x60-pm-HBC00009M8WME
creavit gömme rezervuar contası	40	8	https://www.hepsiburada.com/creavit-rezervuar-5-6-ic-takim-cravit-contasi-klozet-siyah-conta-pm-HB00000VSLFF
creavit ankastre duş seti	40	3	https://www.hepsiburada.com/creavit-ultimate-ankastre-dus-seti-pm-HBC00006ZUNOB
creavit klozet yorumları	40	3	https://www.hepsiburada.com/creavit-asma-klozet-beyaz-pm-HB000001J3MD-yorumlari
creavit gömme rezervuar iç takımı fiyatları	40	8	https://www.hepsiburada.com/creavit-rezervuar-ic-takimlar-xc-18021929-b6688
creavit lavabo fiyatları	40	9	https://www.hepsiburada.com/creavit-lavabolar-xc-60004458-b6688
creavit seramik	40	2	https://www.hepsiburada.com/creavit
creavit banyo dolabı fiyatları	40	6	https://www.hepsiburada.com/colorit-kapakli-lavabo-dolabi-60-cm-ocean-pm-HBC0000986J6K
creavit gömme rezervuar kapağı	30	7	https://www.hepsiburada.com/creavit-kumanda-paneli-xc-80298256-b6688
creavit gömme rezervuar şamandıra	30	1	https://www.hepsiburada.com/creavit-gomme-rezervuar-flotoru-samadira-pirinc-girisli-g-3-8-pm-HB00000R2Y1O
creavit basma butonu	30	6	https://www.hepsiburada.com/creavit-gp3004-ore-parlak-krom-kumanda-paneli-pm-HBC000012UZQ2
creavit iç takım	30	8	https://www.hepsiburada.com/creavit-rezervuar-ic-takimlar-xc-18021929-b6688
creavit amasra klozet kapağı	30	5	https://www.hepsiburada.com/creavi-t-amasra-yavas-kapanan-klozet-kapagi-pm-HB00000GTWRG
creavit klozet kapağı montaj vidası	30	2	https://www.hepsiburada.com/klozet-kapagi-vidasi-x-s44549
creavit lara klozet fiyat	20	4	https://www.hepsiburada.com/creavit-lara-duvara-dayali-klozet-set-lr360-lr410-rez-kc1603-03-ykk-it1060-pm-HBC00000TULZQ
creavit evye bataryası	20	5	https://www.hepsiburada.com/creavit-mutfak-evye-bataryalari-xc-18021949-b6688
creavit gömme rezervuar parçaları	20	1	https://www.hepsiburada.com/creavit-gomme-rezervuar-doldurma-flator-samandra-contasi-pm-HB000012BRHA
creavit klozet kapağı fiyatları	20	5	https://www.hepsiburada.com/creavit-elegant-yavas-kapanan-klozet-kapagi-kc1103-01-pm-HB00000W2VUL
creavit boşaltma grubu	20	1	https://www.hepsiburada.com/creavit-bosaltma-grubu-yeni-model-pm-HBC000048FHB8
creavit taharet çubuğu	20	1	https://www.hepsiburada.com/genel-gomme-asma-klozet-taharet-cubugu-14-cm-pm-HBC0000AWXU69
creavit rezervuar basma butonu	20	7	https://www.hepsiburada.com/
creavit rezervuar kapağı	20	2	https://www.hepsiburada.com/creavit-mat-basalt-rezervuar-kumanda-paneli-butonu-gp9002-05-pm-HBC00000A96V1
creavit gömme rezervuar tamiri	20	3	https://www.hepsiburada.com/creavit-rezervuar-ic-takimlar-xc-18021929-b6688
serel asma klozet fiyatları	100	4	https://www.hepsiburada.com/serel-asma-klozet-x-s23011
serel zeta klozet kapağı	90	8	https://www.hepsiburada.com/serel-klozet-kapak-kompenantli-mentese-seti-orca-kapak-pm-HBC0000GGOLQT
serel gömme rezervuar şamandıra	80	1	https://www.hepsiburada.com/serel-gomme-rezervuar-samandira-x-s62980
serel banyo dolabı	80	7	https://www.hepsiburada.com/serel-lavabolar-xc-60004458-b25936
serel lavabo modelleri ve fiyatları	70	9	https://www.hepsiburada.com/serel-lavabolar-xc-60004458-b25936
serel boşaltma grubu	70	9	https://www.hepsiburada.com/serel-gomme-rezervuar-x-s20021
serel klozet iç takım	60	4	https://www.hepsiburada.com/serel-gomme-rezarvuar-ictakimi-komple-set-40cm-pm-HBC0000H8A3Q8
serel lavabo fiyatları	60	8	https://www.hepsiburada.com/serel-lavabolar-xc-60004458-b25936
serel gömme rezervuar boşaltma grubu	60	1	https://www.hepsiburada.com/e-c-a-serel-gomme-rezervuar-40cm-bosaltma-grubu-40cm-pm-HBC000048A7LD
serel pia klozet + rezervuar + kapak + iç takım	50	8	https://www.hepsiburada.com/
serel buton	50	6	https://www.hepsiburada.com/serel-kumanda-paneli-xc-80298256-b25936
serel gömme rezervuar parçaları	50	7	https://www.hepsiburada.com/serel-rezervuar-ic-takimlar-xc-18021929-b25936
serel kibele rezervuar iç takımı	50	8	https://www.hepsiburada.com/serel-kibele-alttan-doldurmali-ic-takim-cift-basma-butonlu-pm-HB000014Q6OA
serel nita klozet	50	1	https://www.hepsiburada.com/serel-nita-yuvarlak-btw-klozet-nt02gds110h-pm-HBC0000I0TCQ4
serel rezervuar basma butonu	50	1	https://www.hepsiburada.com/e-c-a-serel-gomme-rezervuar-basma-butonu-kumanda-paneli-siyah-p400190-pm-HBC00002LOJJD
serel klozet kapağı montaj vidası	40	2	https://www.hepsiburada.com/e-c-a-serel-klozet-kapak-dubeli-beyaz-renk-slim-model-icin-sik-ve-modern-montaj-seti-pm-HBC000048A70B
serel gömme rezervuar ölçüleri	40	10	https://www.hepsiburada.com/serel-eca-serel-gomme-rezervuar-seti-pm-HBC00001CIJMH
serel klozet kapağı amortisörü	40	2	https://www.hepsiburada.com/
serel klozet kapağı fiyatları	40	10	https://www.hepsiburada.com/
serel gömme rezervuar takımı	30	6	https://www.hepsiburada.com/kale-eca-serel-gomme-rezervuar-bosaltma-grubu-pm-HBC0000HRULWM
serel sifon	20	4	https://www.hepsiburada.com/serel-rezervuar-ic-takimlar-xc-18021929-b25936
serel vega klozet kapağı	20	5	https://www.hepsiburada.com/serel-verda-tek-klozet-btw-vega-standart-klozet-kapagi-outlet-8911ats002-pm-HBC0000HSICK1
serel hygiene klozet kapağı menteşesi	20	9	https://www.hepsiburada.com/serel-yavas-kapanan-klozet-kapak-mentese-damperi-cift-olarak-gonderilir-pm-HBC0000CFLRUJ
kale kanalsız klozet	100	9	https://www.hepsiburada.com/kale-klozetler-xc-18021930-b28914
kale 164 cec	100	4	https://www.hepsiburada.com/kale-kilit-kale-164-cec-90-mm-35-10-45-tupten-sifreli-yuksek-guvenlikli-kilit-gobegi-pm-HBC0000041W6S
kale cam kapı hidroliği	100	3	https://www.hepsiburada.com/kale-kd070-20-101-cam-kapi-yer-hidroligi-pm-HB000002BGG1
kale çelik kapı kilit göbeği	100	1	https://www.hepsiburada.com/celik-kapi-gobegi-x-s36480
kale kilit göbeği (5 anahtarlı)	100	11	https://www.hepsiburada.com/silindirler-kilitler-c-60002991
kale narenciye sıkacağı	100	3	https://www.hepsiburada.com/
kale meyve sıkacağı	100	3	https://www.hepsiburada.com/kale-meyve-sikacaklari-xc-22020-b28914
kale balata fiyat	100	5	https://www.hepsiburada.com/kale-fren-balatalari-xc-60001488-b28914
kale seramik 60x120	100	7	https://www.hepsiburada.com/60x120-seramik-x-s67476
kale klozet iç takımı	100	2	https://www.hepsiburada.com/kale-pro-fotoselli-ic-takim-anti-dirty-2-5-4l-pm-HBC0000771QSS
kale duş başlığı	100	2	https://www.hepsiburada.com/kale-dus-basliklari-xc-18021972-b28914
kale su termosu	100	11	https://www.hepsiburada.com/kale-termos-2-li-musluklu-soguk-su-termos-piknik-termosu-15-6-litre-pm-HBC00006LIC1H
kale balata nasıl	100	10	https://www.hepsiburada.com/kale-balata-kale-on-fren-balatasi-renault-clio-symbol-dacia-logan-sandero-smart-forfour-fortwo-uyumlu-pm-HBC000014P3BG-yorumlari
minyatür kale filesi	100	4	https://www.hepsiburada.com/attiba-beyaz-renk-mini-kale-filesi-minyatur-kale-agi-kale-filesi-3mm-filos-ip-1-cift-2-adet-uzunluk-1-60-m-yukseklik-1-00-m-derinlik-85-cm-goz-araligi-12-cm-pm-HBC00002G6FPV
kale banyo aksesuarları	100	2	https://www.hepsiburada.com/
kale tuvalet	90	9	https://www.hepsiburada.com/kale-klozetler-xc-18021930-b28914
kale versus gömme rezervuar	90	3	https://www.hepsiburada.com/versus-gomme-rezervuar-seti-mat-krom-capsule-panel-v200-stop-valf-pm-HBC000004QNZ3
kale termos 10 lt	90	1	https://www.hepsiburada.com/kale-termos-buzluk-sogutucular-xc-367286-b43152?sayfa=4
son kale çanakkale	90	9	https://www.hepsiburada.com/
kale kapı kilit mekanizması içi	90	2	https://www.hepsiburada.com/kale-kilit-gomme-kilitler-xc-60002993-b66606
kale termos 32 lt	90	5	https://www.hepsiburada.com/kale-oto-termos-x-s48567
kale panik bar	90	8	https://www.hepsiburada.com/kale-kilit-kale-panik-bar-acil-cikis-kapisi-gumus-bronz-renkli-1-5-mm-sac-malzeme-ile-sik-gorunum-pm-HB00000K9XLA
kale çift açılım takım fiyatları	90	2	https://www.hepsiburada.com/kale-cift-acilim-ispanyolet-pm-HBC00003V04Z1
kale kırtasiye	90	2	https://www.hepsiburada.com/magaza/kale-ofis-kirtasiye
kale armatür	90	8	https://www.hepsiburada.com/kale-batarya-musluklari-xc-18021927-b28914
kale traktör radyatör fiyatları	90	5	https://www.hepsiburada.com/kale-radyator-xc-60006931-b28914
kale biberi kurusu	90	14	https://www.hepsiburada.com/denizli-tatli-kale-biberi-balon-biber-10-adet-kizart-sisir-citirdat-pm-HBC0000AZ4O1D
kale ağı	80	1	https://www.hepsiburada.com/guclu-file-3-metre-futbol-kale-filesi-agi-6mm-1-cift-pm-HBC00002RYJZ8
kale çelik kapı kilit göbeği değiştirme	80	6	https://www.hepsiburada.com/celik-kapi-gobegi-x-s36480
kale çift açılım pencere mekanizması	80	3	https://www.hepsiburada.com/
kale radyatör kapağı	80	2	https://www.hepsiburada.com/kale-0-8-tofas-kirmizi-conta-orjinal-otomobil-radyator-kare-tip-kapak-pm-HBC00006L7LT4
kale kilit barel	80	5	https://www.hepsiburada.com/kale-barel-x-s42056
kale marka klozet	80	7	https://www.hepsiburada.com/kale-klozetler-xc-18021930-b28914
kale lotus banyo dolabı	80	1	https://www.hepsiburada.com/kale-lotus-80-cm-mat-siyah-antrasit-banyo-dolabi-takimi-610100201418-pm-HBC00006G0P5P
renault 19 kale radyatör fiyatları	80	4	https://www.hepsiburada.com/kale-0509042pa-motor-radyator-r19-1-4-gtd-r19-1-6-karburatorlu-2-sira-cu-pl-pm-HB000004C89D
kale barel fiyatları	80	1	https://www.hepsiburada.com/kale-barel-x-s42056
kale kare klozet kapağı	80	1	https://www.hepsiburada.com/kale-basics-smart-klozet-kapagi-7012272900-pm-HB00000UXB0X
kale marka klozet kapağı	80	8	https://www.hepsiburada.com/kale-klozet-kapaklari-xc-18021958-b28914
kale gömme rezervuar şamandıra	80	1	https://www.hepsiburada.com/kale-rezervuar-ic-takimlar-xc-18021929-b28914
kale klozet kapağı yavaş kapanan	70	8	https://www.hepsiburada.com/kale-klozet-kapaklari-xc-18021958-b28914
futbol kale direği	70	1	https://www.hepsiburada.com/adelinspor-7-32-2-44-aluminyum-sabit-mapali-kale-diregi-nizami-olcu-pm-HB000002WRDZ
kale stil klozet kapağı	70	1	https://www.hepsiburada.com/kale-stil-mondeo-yavas-kapanan-klozet-kapagi-pm-HBC000024M2MD
kale tuvalet taşı fiyatları	70	6	https://www.hepsiburada.com/
kale kaynak makinesi	70	8	https://www.hepsiburada.com/kaynak-makineleri-c-13003124
kale seramik lavabo	70	9	https://www.hepsiburada.com/kale-lavabolar-xc-60004458-b28914
hentbol kale filesi	70	3	https://www.hepsiburada.com/kale-filesi-x-s51300
kale fren balatası	70	6	https://www.hepsiburada.com/kale-fren-balatalari-xc-60001488-b28914
kale trajlı kilit	70	3	https://www.hepsiburada.com/kale-kilit-157c-60-mm-silindirli-trajli-kilit-157c0000100-pm-HBC00006W6NV8
kale lavabo fiyatları	70	7	https://www.hepsiburada.com/kale-lavabolar-xc-60004458-b28914
kale balata yorum	70	10	https://www.hepsiburada.com/
kale babel klozet kapağı	70	1	https://www.hepsiburada.com/kale-babel-mood-2-0-ultra-slim-smart-klozet-kapagi-duroplast-pm-HBC0000033F2H
kale klozet takımı	70	7	https://www.hepsiburada.com/kale-klozetler-xc-18021930-b28914
kale gömme rezervuar kumanda paneli	70	1	https://www.hepsiburada.com/kale-start-kalin-gomme-rezervuar-paneli-12-cm-mat-krom-pm-HBC00000GAD68
kale 25 lt termos	70	4	https://www.hepsiburada.com/kale-termos-25-lt-oto-ice-box-1022-pm-HBC00000BYTBU
kale 152 r	70	3	https://www.hepsiburada.com/kale-152-r-35-mm-dis-kapi-kilit-saten-tse-pm-HB0000011DM3
kale 157 el	70	11	https://www.hepsiburada.com/kale-157-el-elektrikli-tirajli-kapi-kilidi-pm-HB00000H7TZU
kale batarya fiyatları	70	9	https://www.hepsiburada.com/kale-batarya-musluklari-xc-18021927-b28914
kapı hidroliği kale	70	6	https://www.hepsiburada.com/kale-kilit-hidrolikler-xc-60002992-b66606
kale yağ soğutucu	60	2	https://www.hepsiburada.com/kale-353275-motor-yag-sogutucusu-a2741880101-pm-HBC0000AM9VUV
kale cam kapı motoru fiyatı	60	5	https://www.hepsiburada.com/kale-kd070-20-101-cam-kapi-yer-hidroligi-pm-HB000002BGG1
kale buzluk 32 lt	60	4	https://www.hepsiburada.com/Kale
kale hidrolik	60	3	https://www.hepsiburada.com/kale-kilit-hidrolikler-xc-60002992-b66606
kale topuzlu kilit	60	1	https://www.hepsiburada.com/kale-kilit-topuzlu-kilitler-xc-60002994-b66606
kale tezgah üstü lavabo	60	7	https://www.hepsiburada.com/kale-lavabolar-xc-60004458-b28914
minik kale	60	6	https://www.hepsiburada.com/kale-filesi-x-s51300
kale gömme rezervuar paneli	60	9	https://www.hepsiburada.com/
kale yedek parça fiyat listesi	60	7	https://www.hepsiburada.com/kale-rezervuar-ic-takimlar-xc-18021929-b28914
kale termos 60 lt	60	6	https://www.hepsiburada.com/kale-oto-termos-buzluk-60-lt-icecek-saklama-pm-HB000007SXW4
kale oda kapı kilidi	60	1	https://www.hepsiburada.com/kale-kilit-gomme-kilitler-xc-60002993-b66606
kale sifon	60	2	https://www.hepsiburada.com/kale-capsule-gomme-rezervuar-paneli-mat-krom-pm-HB000007EXWQ
kale lokum	60	5	https://www.hepsiburada.com/kale-lokumlar-xc-28002348-b28914
kale bakır radyatör tofaş	60	1	https://www.hepsiburada.com/kale-bakir-radyator-dogan-sahin-kartal-3-sira-30-kn-85008077-0101083pn-pm-HBC00003WU3SW
kale 357 m	60	8	https://www.hepsiburada.com/kale-elektrikli-357m-52-mm-siyah-kapi-otomat-kilidi-dayanikli-tasarim-ve-yuksek-guvenlik-1-adet-pm-HB000005CVS9
kale klozet kapağı menteşesi	60	1	https://www.hepsiburada.com/klozet-kapak-vidasi-mentese-pm-HBC0000JCRLZR
kale gömme rezervuar seti	60	4	https://www.hepsiburada.com/versus-gomme-rezervuar-seti-mat-krom-capsule-panel-v200-stop-valf-pm-HBC000004QNZ3
kale kapı hidroliği ayarı	60	6	https://www.hepsiburada.com/kale-kapi-hidroligi-guc-ve-carpma-ayarli-2-5-numara-pm-HBC000014D8G9
kale 4 numara kapı hidroliği	60	1	https://www.hepsiburada.com/kale-kapi-hidroligi-no-4-pm-HB00000DHFSA
kale etajerli lavabo	60	8	https://www.hepsiburada.com/
renault 12 kale radyatör fiyatları	60	4	https://www.hepsiburada.com/
kale şifreli asma kilit	60	5	https://www.hepsiburada.com/sifreli-asma-kilit-x-s46860
son kale oyunu	60	2	https://www.hepsiburada.com/redka-son-kale-pm-HB00000DHVCH
kale kapı hidroliği 4 numara	50	10	https://www.hepsiburada.com/kale-kilit-kale-kapi-hidroligi-4-numara-gumus-60-85-kg-cift-yonlu-hiz-ayari-ile-kapi-hidrolikleri-pm-hrkktbykl3k0003
kale yedek parça	50	9	https://www.hepsiburada.com/kale-oto-yedek-parcalar-xc-20003812-b28914
kale ayakkabı	50	7	https://www.hepsiburada.com/kale-304-deri-40-46-anatomik-gunluk-erkek-ayakkabi-bot-pm-HB000014LK8I
kale vitrifiye	50	8	https://www.hepsiburada.com/kale-vitrifiyeler-xc-60000509-b28914
kale kilit çeşitleri	50	8	https://www.hepsiburada.com/kalekilit
küçük kale fiyatları	50	4	https://www.hepsiburada.com/scucs-mini-futbol-kalesi-agirlik-dolgulu-scx-1330-pm-sporbr10920
kale kilit 264	50	11	https://www.hepsiburada.com/kale-264-bts-bilyali-tuzakli-silindir-2-li-set-ortak-anahtar-pm-HBC00007E3P6B
linea 1.3 su radyatörü kale	50	3	https://www.hepsiburada.com/bsg-fiat-linea-1-3-d-multijet-su-radyatoru-pm-HBC00006OTPWJ
kale alarm fiyat	50	8	https://www.hepsiburada.com/kale-alarm-x-s19565
kale banyo dolabı 100 cm	50	9	https://www.hepsiburada.com/kale-banyo-mobilyalari-xc-457065-b28914
kale ikiz barel	50	5	https://www.hepsiburada.com/kale-kilit-kale-264-ikiz-barel-ortak-anahtarli-celik-kapi-kilit-pm-hryamauzakli
kale kilit göbeği (3 anahtarlı)	50	1	https://www.hepsiburada.com/kale-kilit-164-snc-68mm-barel-3-anahtarli-gobek-pm-HBC00006JDPTV
kale kapı kolu modelleri ve fiyatları	50	1	https://www.hepsiburada.com/kale-kapi-kollari-xc-13003369-b28914
kale termos 20 lt	50	7	https://www.hepsiburada.com/kaletermos
kale diregi	50	7	https://www.hepsiburada.com/adelinspor-gold-metal-futbol-kale-diregi-2-20-3-5-0-60-m-pm-HBC00004LRIQG
kale 164 gnc	50	3	https://www.hepsiburada.com/kale-164-gnc-68-mm-barel-pm-HBC0000067J1C
kale maketi	50	8	https://www.hepsiburada.com/3d-sergi-ahsap-uyuyan-guzel-kalesi-maketi-81-parca-pm-HB00000THNGL
kale gömme kilit	50	3	https://www.hepsiburada.com/kale-kilit-gomme-kilitler-xc-60002993-b66606
kale barel kilit	50	3	https://www.hepsiburada.com/kale-kilit-164gmc-standart-mandalli-barel-saten-68mm-26-10-32-pm-HB00000J1YL2
kale ankastre taharet musluğu	50	3	https://www.hepsiburada.com/
futbol minyatür kale	50	9	https://www.hepsiburada.com/masal-oyuncak-ahsap-mini-cocuk-futbol-kalesi-p-HBCV0000FU5710
kale basics klozet kapağı	50	3	https://www.hepsiburada.com/kale-basics-smart-klozet-kapagi-7012272900-pm-HB00000UXB0X
kale çorum kaloriferi	50	2	https://www.hepsiburada.com/corum-kaloriferi-x-s1690
kale dolap	50	4	https://www.hepsiburada.com/kale-banyo-mobilyalari-xc-457065-b28914
kale banyo bataryası fiyatları	50	5	https://www.hepsiburada.com/kale-banyo-nova-banyo-bataryasi-pm-HBC00001QOKUQ
kale kapı kolu fiyatları	50	1	https://www.hepsiburada.com/kale-kapi-kollari-xc-13003369-b28914
kale iç kapı kilidi	50	1	https://www.hepsiburada.com/kale-kilit-gomme-kilitler-xc-60002993-b66606
153 u kale kilit	50	1	https://www.hepsiburada.com/kale-153-u-20-mm-dilli-silindirli-kilit-pm-HB00000GQ7E7
minar kale	50	9	https://www.hepsiburada.com/minar-kapili-gardiroplar-xc-18021422-b7727
kale 164 ktbs	50	6	https://www.hepsiburada.com/kale-164-ktbs-tuzakli-barel-68mm-pm-HB00000L45AD
kale kilit anahtar	50	11	https://www.hepsiburada.com/kalekilit
kale evye bataryası	50	4	https://www.hepsiburada.com/kale-mutfak-evye-bataryalari-xc-18021949-b28914
kale ofis kırtasiye	50	1	https://www.hepsiburada.com/magaza/kale-ofis-kirtasiye
kale cam kapı kilidi	50	2	https://www.hepsiburada.com/kale-kd070-20-123-cam-kapi-kilidi-pm-HB000002BGFY
kale iç takım	50	3	https://www.hepsiburada.com/kale-klozet-rezervuar-ic-takim-3-6-lt-410200700044-pm-HBC000001IFG8
kale banyo lavabo modelleri	50	3	https://www.hepsiburada.com/kale-banyo-vale-65x50cm-lavabo-delikli-pm-HB00000CLZVP
kale mutfak bataryası fiyatları	50	9	https://www.hepsiburada.com/
kale monoblok kilit	50	3	https://www.hepsiburada.com/kale-252-rsn-monoblok-celik-kapi-kilidi-pm-HBC00004IW3FD
kale elektronik	40	11	https://www.hepsiburada.com/kale-kilit-kale-kd050-50-400-elektronik-akilli-kapi-kilidi-parmak-izi-sifre-kart-ve-mobil-uyumlu-pm-HBC0000B07ET4
152 r kale kilit	40	3	https://www.hepsiburada.com/kale-152-r-35-mm-dis-kapi-kilit-saten-tse-pm-HB0000011DM3
kale kilit alarm	40	11	https://www.hepsiburada.com/kale-alarm-x-s19565
kale 60 lt termos	40	4	https://www.hepsiburada.com/kale-oto-termos-buzluk-60-lt-icecek-saklama-pm-HB000007SXW4
kale barelli kilit	40	1	https://www.hepsiburada.com/kale-kilit-barelli-gomme-kilit-pm-HB00001ARED0
kale banyo dolabı 80 cm	40	8	https://www.hepsiburada.com/
kale pvc balkon kapı kilitli ispanyolet kale 180 cm	40	1	https://www.hepsiburada.com/kale-pvc-balkon-kapi-kilitli-ispanyolet-180-cm-dayanikli-materyal-ile-guvenli-kullanim-pm-HB00000EL7LN
kale termos 5 lt	40	8	https://www.hepsiburada.com/kale-termos-kamp-termoslari-xc-367284-b43152
kale kapı otomatiği iç yapısı	40	6	https://www.hepsiburada.com/kale-kapi-otomatigi-x-s37274
renault 12 toros orjinal kale radyatör	40	2	https://www.hepsiburada.com/
164 bne kale kilit	40	8	https://www.hepsiburada.com/kale-kilit-164-bne-68-mm-bilyali-barel-gri-renkli-emniyet-kartli-dayanikli-tasarim-pm-HB000001HW2O
kale su termosu 10 lt	40	9	https://www.hepsiburada.com/
focus 1 radyatör kale	40	1	https://www.hepsiburada.com/kale-ford-focus-1998-2002-2-0-benzinli-su-radyatoru-kale-marka-me98ab8005mf-pm-HBC00006O24J6
cansuyu kale döküm gözleme tavası	40	8	https://www.hepsiburada.com/cansuyu-dokum-tavalar-xc-60000268-b129132
tofaş radyatör kapağı kale	40	1	https://www.hepsiburada.com/kale-0-8-tofas-kirmizi-conta-orjinal-otomobil-radyator-kare-tip-kapak-pm-HBC00006L7LT4
kale lavabo bataryası fiyatları	40	6	https://www.hepsiburada.com/kale-banyo-lavabo-bataryalari-xc-18021983-b28914
164 snc kale kilit	40	7	https://www.hepsiburada.com/kale-kilit-kale-164-snc-bilyali-barel-68mm-pirinc-govde-ile-yuksek-guvenlikli-celik-pimler-pm-HB00000L45AH
kale asma kilit fiyatları	40	2	https://www.hepsiburada.com/kale-asma-kilitler-xc-60003706-b28914
kale kapı kilidi göbeği	40	2	https://www.hepsiburada.com/kale-kilit-kale-164-gnc-68-mm-nikel-kapi-kilit-gobegi-kale-barel-pm-HBC00000679FJ
kale şarjlı matkap	40	4	https://www.hepsiburada.com/kale-pro-klpro-18v-5-0-ah-sarjli-darbeli-vidalama-komursuz-kldv18bh-50-pm-HBC00005KH4TP
164 bme kale kilit	40	11	https://www.hepsiburada.com/kale-kilit-kale-164-bme-bilyali-mandalli-barel-kapi-kilidi-68-mm-nikel-pm-HB000014QUWT
kale kapı hidroliği 5 numara	40	8	https://www.hepsiburada.com/kale-kd002-50-550-kapi-hidroligi-5-numara-80-120-kg-050-pm-HBC000048HO6Z
kale lavabo 80 cm	40	7	https://www.hepsiburada.com/kale-zero-2-0-80x50-cm-etajerli-lavabo-pm-HBC00002W2K67
kale gömme rezervuar fiyatları	40	7	https://www.hepsiburada.com/kale-rezervuar-ic-takimlar-xc-18021929-b28914
kale kilit iç mekanizması	40	7	https://www.hepsiburada.com/kale-kilit-gomme-kilitler-xc-60002993-b66606
kale 252 rsn	40	6	https://www.hepsiburada.com/kale-kilit-kale-252-rsn-monoblok-celik-kapi-kilidi-celik-govde-ile-yuksek-guvenlik-saglayan-dayanikli-tasarim-pm-HB000003AH61
kale ankastre banyo bataryası	40	1	https://www.hepsiburada.com/kale-zero-pro-ankastre-banyo-bataryasi-siva-ustu-pm-HBC000002UL1M
kale otomatik kapı kilidi fiyatları	40	1	https://www.hepsiburada.com/kale-kapi-otomatigi-x-s37274
kale hırdavat	40	5	https://www.hepsiburada.com/kale-hirdavat-urunleri-xc-13003347-b28914
kale elektrikli kapı karşılığı	40	4	https://www.hepsiburada.com/kale-90-mm-elektrikli-kapi-karsiligi-kd01220-222-hirsizliga-karsi-koruma-ve-kolay-montaj-pm-HB00000E86KT
kale ispanyolet	40	5	https://www.hepsiburada.com/kale-pvc-balkon-kapi-kilitli-ispanyolet-180-cm-dayanikli-materyal-ile-guvenli-kullanim-pm-HB00000EL7LN
kale 151 r	40	2	https://www.hepsiburada.com/kale-kilit-kale-151-r-35-mm-nikel-oval-oda-kapi-kilidi-pm-HBC000000D4BH
kale 164 ygs se	40	9	https://www.hepsiburada.com/kale-kilit-164-ygs-se-68mm-barel-celik-takviyeli-3-anahtarli-gobek-pm-HBC00006JDPCM
kale sifon takımı	40	3	https://www.hepsiburada.com/kale-rezervuar-ic-takimlar-xc-18021929-b28914
kale 3 numara kapı hidroliği	40	3	https://www.hepsiburada.com/kale-kapi-hidroligi-no-3-pm-HB00000L45BJ
kale mutfak	40	4	https://www.hepsiburada.com/kale-teknoloji-professional-spiralli-mutfak-bataryasi-pm-HBC00000DA5OJ
kale balata fiyatları	40	6	https://www.hepsiburada.com/kale-fren-balatalari-xc-60001488-b28914
kale kapı kilit	30	5	https://www.hepsiburada.com/kale-kapi-hirdavatlari-xc-13003348-b28914
kale hidrolik 4 numara	30	8	https://www.hepsiburada.com/kale-kilit-kale-kapi-hidroligi-4-numara-gumus-60-85-kg-cift-yonlu-hiz-ayari-ile-kapi-hidrolikleri-pm-hrkktbykl3k0003
şişme kale	30	1	https://www.hepsiburada.com/intex-48259-sisme-ziplama-oyun-havuzu-jump-o-lene-kale-fedaisi-oyun-kalesi-pm-HBC000030K6X4
kale göbek	30	10	https://www.hepsiburada.com/kale-164-bne-silindir-bilyali-barel-gobek-68-mm-standart-boy-pm-HBC00002MOFEI
otomatik kapı kilidi kale	30	4	https://www.hepsiburada.com/kale-kapi-otomatigi-x-s37274
kale 157a	30	9	https://www.hepsiburada.com/kale-157-a-14-cm-silindirli-trajli-daire-kilidi-pm-HB000003L9DE
kumdan kale oyuncakları	30	2	https://www.hepsiburada.com/plaj-oyuncaklari-c-296872
kale silindirli gömme kilit	30	4	https://www.hepsiburada.com/kale-kilit-152-r-silindirli-gomme-kilit-kapi-kilidi-pm-HB000011BW52
futbol kale fiyatları	30	1	https://www.hepsiburada.com/attack-sport-aff175-5-metre-futbol-kale-filesi-2-5-mm-12x12-cm-pm-HBC000003V48R
kale kapı hidroliği fiyatları	30	3	https://www.hepsiburada.com/kale-kapi-hidroligi-pm-HBC00000WYTFH
kale rezervuar iç takım değişimi	30	7	https://www.hepsiburada.com/kale-rezervuar-ic-takimlar-xc-18021929-b28914
kale merkezi kilit	30	9	https://www.hepsiburada.com/kale-256-g-multi-sistem-celik-kapi-kilidi-pm-HB000003AH63
kale 32 lt termos	30	6	https://www.hepsiburada.com/kale-32-lt-buzluk-termos-mavi-poliuretan-malzeme-ile-uzun-sure-soguk-tutma-ozelligi-pm-HBC00000AP74X
kale pure su arıtma çıkışlı mutfak bataryası	30	8	https://www.hepsiburada.com/kale-pure-su-aritma-cikisli-mutfak-bataryasi-pm-HBC00007BD7HR
kale kilit çelik kapı	30	11	https://www.hepsiburada.com/kalekilit
kumdan kale yayınları	30	6	https://www.hepsiburada.com/kumdankaleyayinlari
kale izolasyonlu mini çanta	30	7	https://www.hepsiburada.com/kale-izolasyonlu-mini-canta-2-adet-pm-HBC0000EQ361R
kale termos 60 lt migros	30	6	https://www.hepsiburada.com/kale-oto-termos-buzluk-60-lt-icecek-saklama-pm-HB000007SXW4
kale 153 p 35 mm silindirli gömme gövde kilit	30	1	https://www.hepsiburada.com/kale-kilit-kale-153p-35mm-govde-dilli-barelsiz-pm-HB000003AH6L
kale motorlu otomat	30	3	https://www.hepsiburada.com/kale-kilit-kale-motorlu-otomat-trafo-set-otomat-kumanda-damla-anahtar-pm-HBC000046CVUK
kale marka balata	30	8	https://www.hepsiburada.com/kale-fren-balatalari-xc-60001488-b28914
kale 153 u	30	1	https://www.hepsiburada.com/kale-153-u-20-mm-dilli-silindirli-kilit-pm-HB00000GQ7E7
kale soğutucu	30	3	https://www.hepsiburada.com/kale-buzluk-sogutucular-xc-367286-b28914
kale klozet iç takım	30	3	https://www.hepsiburada.com/kale-rezervuar-ic-takimlar-xc-18021929-b28914
kale gömme rezervuar iç takım	30	3	https://www.hepsiburada.com/kale-rezervuar-ic-takimlar-xc-18021929-b28914
kale kilit 164 bne	30	9	https://www.hepsiburada.com/kale-kilit-164-bne-68-mm-bilyali-barel-gri-renkli-emniyet-kartli-dayanikli-tasarim-pm-HB000001HW2O
kale sifon iç takımı	30	3	https://www.hepsiburada.com/kale-rezervuar-ic-takimlar-xc-18021929-b28914
kale şifreli dolap kilidi	30	1	https://www.hepsiburada.com/kale-kilit-kale-elektronik-kabin-kilidi-gumus-mandalli-kd050-45-115-pm-HBC00001CLCKN
kale kapı hidroliği 3 numara	30	6	https://www.hepsiburada.com/kale-kapi-hidroligi-no-3-pm-HB00000L45BJ
kale idea asma klozet	30	2	https://www.hepsiburada.com/kale-idea-2-0-smart-asma-klozet-pm-HBC000004XFK8
kale şifreli kapı kilidi	30	1	https://www.hepsiburada.com/kale-sifreli-kilit-46mm-saten-kd04087-244-pm-HB00000E86KL
kale tirajlı kilit	30	2	https://www.hepsiburada.com/
kale 152r	20	7	https://www.hepsiburada.com/kale-152-r-35-mm-dis-kapi-kilit-saten-tse-pm-HB0000011DM3
kale döküm gözleme tavası	20	4	https://www.hepsiburada.com/cansuyu-kale-dokum-gozleme-tavasi-pm-HB000013YA6H
kale 357m	20	7	https://www.hepsiburada.com/kale-elektrikli-357m-52-mm-siyah-kapi-otomat-kilidi-dayanikli-tasarim-ve-yuksek-guvenlik-1-adet-pm-HB000005CVS9
kale banyo lavabo	20	3	https://www.hepsiburada.com/kale-banyo-vale-65x50cm-lavabo-delikli-pm-HB00000CLZVP
kale akıllı kilit	20	9	https://www.hepsiburada.com/kale-kilit-kale-kd050-50-400-elektronik-akilli-kapi-kilidi-parmak-izi-sifre-kart-ve-mobil-uyumlu-pm-HBC0000B07ET4
minar kale gardırop	20	9	https://www.hepsiburada.com/minar-kale-190-4-cam-kapakli-2-c-dlp-antrasit-siyah-pm-HBC000077G3GR
kale idea klozet kapağı	20	1	https://www.hepsiburada.com/kale-basics-smart-klozet-kapagi-7012272900-pm-HB00000UXB0X
kilit kale	20	7	https://www.hepsiburada.com/kalekilit
kale hidrolik 3 numara	20	3	https://www.hepsiburada.com/kale-kapi-hidroligi-no-3-pm-HB00000L45BJ
kale buzluk 60 lt	20	9	https://www.hepsiburada.com/kale-oto-termos-buzluk-60-lt-icecek-saklama-pm-HB000007SXW4-yorumlari
kale naturel	20	4	https://www.hepsiburada.com/kalenaturelsabun
kale bilyalı barel	20	2	https://www.hepsiburada.com/kale-barel-x-s42056
kale ofis mobilya	20	4	https://www.hepsiburada.com/kale-ofis-mobilyalari-xc-15312-b28914
kale duşakabin modelleri	20	1	https://www.hepsiburada.com/kale-rain-dus-bari-yuvarlak-pm-HBC00000DA5OL
kale 157 a eco	20	2	https://www.hepsiburada.com/kale-kilit-157a-eco-tirajli-kilit-pm-HB00000QB1D3
kale çelik kapı rozeti	20	2	https://www.hepsiburada.com/kale-kilit-500-stn-celik-kapi-barel-rozeti-saten-modern-tasarim-ve-dayanikli-yapi-ile-pm-HBC000003SK4U
kale emniyet kelepçesi	20	2	https://www.hepsiburada.com/kale-kilit-190-p-emniyet-kelepcesi-pm-HB00000OHKO1
kale 264 2'li set tuzaklı mandallı saten ortak anahtar	20	8	https://www.hepsiburada.com/kale-kilit-kale-264-snc-smc-ikiz-set-barel-68-mm-gri-renk-yuksek-guvenlik-ozellikli-anahtar-dahil-pm-HBC00002LT375
kale 3	20	2	https://www.hepsiburada.com/kale-kapi-hidroligi-no-3-pm-HB00000L45BJ
kale x10	20	2	https://www.hepsiburada.com/kale-x10-akilli-kiliti-parmak-izi-okuyucu-unite-kd049-30-100-pm-HBC0000092Q5C
kale göbek kilit fiyatı	20	3	https://www.hepsiburada.com/silindirler-kilitler-c-60002991
kale 2000	20	3	https://www.hepsiburada.com/kale-2000-silindirli-daire-kilidi-45mm-pm-HB00000L45B1
kale piknik termos	20	3	https://www.hepsiburada.com/kale-termos-x-s34412
kale 189 3mf	20	2	https://www.hepsiburada.com/kale-189-3mf-fiam-emniyet-kilidi-3-pm-HB000003AH65
kale su termosu modelleri	20	2	https://www.hepsiburada.com/kale-termos-x-s34412
uçlu kale	20	2	https://www.hepsiburada.com/serve-deep-uclu-kalem-doga-temasi-6-li-set-pm-HBC000030JZLZ
çelik kapı kilidi kale	20	7	https://www.hepsiburada.com/kalekilit
asma kilit kale	20	2	https://www.hepsiburada.com/kale-kilit-kale-sari-asma-kilit-32-mm-pm-HB000013WVC6
kale kilit 164 snc	20	6	https://www.hepsiburada.com/kale-kilit-kale-164-snc-bilyali-barel-68mm-pirinc-govde-ile-yuksek-guvenlikli-celik-pimler-pm-HB00000L45AH
151 r kale kilit	20	3	https://www.hepsiburada.com/kale-151-r-35-mm-nikel-oda-kapi-kilidi-pm-HBC0000JZ3QT6
kale 164 gnc 90 mm	20	8	https://www.hepsiburada.com/kale-kilit-164-gmc-cerman-mandalli-90-mm-pm-HB00001ARECS
kale kancalı kilit	20	5	https://www.hepsiburada.com/kale-kilit-kale-kancali-monoblok-kilit-292r0000001-pm-HBC00005WQMIJ
kale 153 u 20 mm	20	8	https://www.hepsiburada.com/kale-153-u-20-mm-dilli-silindirli-kilit-pm-HB00000GQ7E7
kale kol	20	4	https://www.hepsiburada.com/kale-kapi-kollari-xc-13003369-b28914
kale oto termos 25 lt 12v	20	2	https://www.hepsiburada.com/kale-termos-oto-buzdolaplari-xc-252831-b43152
fosforlu kale	20	1	https://www.hepsiburada.com/faber-castell-faber-castell-fosforlu-kalem-8-li-set-pm-HBC000007A52K
kale parmak izi kapı kilidi	20	5	https://www.hepsiburada.com/kale-x10-akilli-kiliti-parmak-izi-okuyucu-unite-kd049-30-100-pm-HBC0000092Q5C
kale sürgülü kapı kilidi	20	1	https://www.hepsiburada.com/kale-kalekale-kilit-201f-emniyet-kapi-kilidi-kanca-surme-kapi-kilidi-pm-HBC00003N6VWM
kale kilit mekanizması	20	4	https://www.hepsiburada.com/kalekilit
kale fren balatası yorum	20	2	https://www.hepsiburada.com/kale-balata-kale-on-fren-balatasi-renault-clio-symbol-dacia-logan-sandero-smart-forfour-fortwo-uyumlu-pm-HBC000014P3BG-yorumlari
kale gömme rezervuar boşaltma - iç takım	20	7	https://www.hepsiburada.com/kale-integra-gomme-rezervuar-ic-takim-bosaltma-grubu-pm-HB00000QX43O
kale 5 numara kapı hidroliği	20	4	https://www.hepsiburada.com/kale-kapi-hidroligi-no-5-80-120-kg-kapi-hidrolikleri-yerli-uretim-ile-guclu-performans-pm-HB000003L9ED
kale marka kapı hidroliği	20	6	https://www.hepsiburada.com/kale-kilit-hidrolikler-xc-60002992-b66606
kale silindir kilit	20	3	https://www.hepsiburada.com/kale-kilit-silindirler-kilitler-xc-60002991-b66606
klozet fiyatları kale	20	6	https://www.hepsiburada.com/kale-klozetler-xc-18021930-b28914
kale otomatik kapı kilidi tamiri	20	9	https://www.hepsiburada.com/kale-kapi-otomatigi-x-s37274
tofaş kale radyatör kapağı	20	1	https://www.hepsiburada.com/kale-0-8-tofas-kirmizi-conta-orjinal-otomobil-radyator-kare-tip-kapak-pm-HBC00006L7LT4
kale kilit karşılığı	20	6	https://www.hepsiburada.com/kale-90-mm-elektrikli-kapi-karsiligi-kd01220-222-hirsizliga-karsi-koruma-ve-kolay-montaj-pm-HB00000E86KT
kale buzluk 20 lt	20	6	https://www.hepsiburada.com/kaletermos
kale soğuk su termosu	20	7	https://www.hepsiburada.com/kale-termos-2-li-musluklu-soguk-su-termos-piknik-termosu-15-6-litre-pm-HBC00006LIC1H
kale elektrikli kapı otomatiği	20	1	https://www.hepsiburada.com/kale-kilit-357-m-trajli-elektrikli-otomat-siyah-70-mm-pm-HB000018T40Y
kale termos musluğu	20	3	https://www.hepsiburada.com/Markalar/Kale%20Termos/
kale manyetik kapı kilidi	20	3	https://www.hepsiburada.com/elektromanyetik-kilit-x-s37746
kale vista banyo dolabı	20	1	https://www.hepsiburada.com/kale-vista-100-cm-koyu-mese-banyo-dolabi-takimi-610100201224-pm-HBC00006FZWWD
kale çift basmalı rezervuar iç takım 3/6 litre	20	2	https://www.hepsiburada.com/kale-rezervuar-ic-takim-3-6-lt-cift-kademeli-klozet-ic-takim-pm-HBC0000053XCK
kale oto termos	20	3	https://www.hepsiburada.com/kale-oto-termos-x-s48567
357 m kale kilit	20	7	https://www.hepsiburada.com/kale-elektrikli-357m-52-mm-siyah-kapi-otomat-kilidi-dayanikli-tasarim-ve-yuksek-guvenlik-1-adet-pm-HB000005CVS9
kale marka radyatör	20	1	https://www.hepsiburada.com/kale-radyator-oto-yedek-parcalar-xc-20003812-b91824?sayfa=3
kalebodur kaplama	100	5	https://www.hepsiburada.com/fayans-kaplama-x-s33378
çakıl taşı kalebodur	100	1	https://www.hepsiburada.com/tink-kendinden-yapiskanli-cakil-tasi-desenli-pvc-karo-30x30-cm-4-lu-0-36-m2-pm-HBC00000UHDHT
taş desenli kalebodur	100	6	https://www.hepsiburada.com/tas-desenli-fayans-x-s34327
kalebodur yapıştırıcısı	90	1	https://www.hepsiburada.com/kalekim-yapistiricilar-xc-60005252-b92250
kalebodur m2 fiyatı	90	9	https://www.hepsiburada.com/
dere taşı kalebodur fiyatları	80	3	https://www.hepsiburada.com/stonelegant-dere-tasi-kombin-kultur-tasi-1-kg-pm-HB00000VVERW
kalebodur görünümlü parke	80	8	https://www.hepsiburada.com/parke-desen-fayans-x-s26077
60x60 kalebodur fiyatları	80	1	https://www.hepsiburada.com/60x60-seramik-fiyatlari-x-s35364
kalebodur fiyatı	80	7	https://www.hepsiburada.com/60x120-seramik-x-s67476
kaymaz kalebodur fiyatları	80	8	https://www.hepsiburada.com/60x120-seramik-x-s67476
mermer desenli kalebodur	60	1	https://www.hepsiburada.com/d-c-fix-346-5312-kendinden-yapiskanli-mermer-desen-folyo-pm-HB00000R0XK9
60 60 kalebodur fiyatları	60	1	https://www.hepsiburada.com/60x60-seramik-fiyatlari-x-s35364
fayans kalebodur fiyatları	50	10	https://www.hepsiburada.com/60x120-seramik-x-s67476
kalebodur seramik fiyatları	50	6	https://www.hepsiburada.com/60x120-seramik-x-s67476
60x60 kalebodur	50	5	https://www.hepsiburada.com/60x60-seramik-fiyatlari-x-s35364
büyük kalebodur	50	3	https://www.hepsiburada.com/
balkon kalebodur fiyatları	50	4	https://www.hepsiburada.com/kalebodur-yapi-market-bahce-oto-xc-60002705-b106465
kalebodur üstüne kaplama	40	6	https://www.hepsiburada.com/fayans-kaplama-x-s33378
tezgah arası kalebodur	40	8	https://www.hepsiburada.com/mutfak-tezgah-arasi-fayans-kaplama-folyosu-siyah-beyaz-tugla-duvar-60x100-cm-pm-HBC0000KCIOB3
kalebodur üzerine kaplama	40	4	https://www.hepsiburada.com/fayans-kaplama-x-s33378
30 60 kalebodur fiyatları	40	2	https://www.hepsiburada.com/30-60-fayans-x-s24442
60'a 120 kalebodur fiyatları	30	3	https://www.hepsiburada.com/60x120-seramik-x-s67476
kalebodur temizleyici	30	4	https://www.hepsiburada.com/fayans-temizleyici-x-s48785
taş desen kalebodur	30	9	https://www.hepsiburada.com/
taban kalebodur fiyatları	30	9	https://www.hepsiburada.com/
kalebodur boyası fiyatları	30	2	https://www.hepsiburada.com/fayans-boyasi-x-s21631
laminat desenli kalebodur	20	3	https://www.hepsiburada.com/parke-desen-fayans-x-s26077
kalebodur fayans boyası	20	3	https://www.hepsiburada.com/bianca-ceramica-fayans-boyasi-kullanima-hazir-1-kg-siyah-rulo-pm-HBC0000043SVC
40x40 kalebodur fiyatları	20	9	https://www.hepsiburada.com/seramikler-yer-dosemeleri-c-13003325
en uygun kalebodur fiyatları	20	11	https://www.hepsiburada.com/60x120-seramik-x-s67476
flormar turkuaz oje	100	8	https://www.hepsiburada.com/turkuaz-mavi-oje-71-yuksek-pigmentli-uzun-sureli-kalicilik-hizli-kuruma-nail-lacquer-71-pm-HBC0000EVUECR
turkuaz parfüm	100	1	https://www.hepsiburada.com/versace-dylan-turquoise-edt-100-ml-kadin-parfum-pm-HBC000004BOGT
turkuaz city asma klozet	100	9	https://www.hepsiburada.com/
turkuaz duru klozet	100	7	https://www.hepsiburada.com/turkuaz-seramik-duru-klozet-set-slim-pp-yavas-kapanir-klozet-kapagi-pm-HB00000BAJC0
turkuaz rengi elbise	100	3	https://www.hepsiburada.com/turkuaz-elbise-x-s13612
turkuaz gömme rezervuar	100	3	https://www.hepsiburada.com/turkuaz-ova-gomme-rezervuar-3-lu-set-kumanda-paneli-stop-valf-pm-HBC00002LSX3V
nike turkuaz krampon	90	7	https://www.hepsiburada.com/
turkuaz boya rengi	90	1	https://www.hepsiburada.com/cadence-turkuaz-metalik-boya-120-ml-pm-HB000001I890
turkuaz tuvalet taşı fiyatları	90	1	https://www.hepsiburada.com/turkuaz-seramik-cerastyle-noura-duvara-sifir-klozet-takimi-pm-HBC00000AAB3A
turkuaz sprey boya	90	2	https://www.hepsiburada.com/akcali-turkuaz-solvent-bazli-akrilik-sprey-boya-400-ml-336-pm-HB000004VV2W
turkuaz taşı kolye	90	10	https://www.hepsiburada.com/kolyeler-c-16032932?filtreler=renktipi:Turkuaz
turkuaz fon perde	90	2	https://www.hepsiburada.com/turkuaz-fon-perde-x-s56703
turkuaz okul tişörtü	80	3	https://www.hepsiburada.com/lacivert-yakali-turkuaz-kisa-kol-duz-renk-6-17-yas-cocuk-okul-lakos-tisort-polo-yaka-t-shirt-pm-HBC0000A124KB
turkuaz saç	80	5	https://www.hepsiburada.com/sac-boyalari-beyazlik-giderici-urunler-c-26012284?filtreler=renktipi:Turkuaz
turkuaz bella duvara sıfır klozet	80	7	https://www.hepsiburada.com/turkuaz-serami-k-bella-duvara-sifir-klozet-bella-slim-yavas-kapanan-kapak-cift-kademeli-ic-takim-dahil-pm-HB00000BYVWC
turkuaz koltuk kombinleri	70	6	https://www.hepsiburada.com/koltuk-takimlari-c-60000853?filtreler=renktipi:Turkuaz
turkuaz saç boyası	70	4	https://www.hepsiburada.com/sac-boyalari-beyazlik-giderici-urunler-c-26012284?filtreler=renktipi:Turkuaz
turkuaz taşlı küpe	70	10	https://www.hepsiburada.com/ose-shop-turkuaz-tasli-gumus-bayan-kupe-pm-HB00000WFH5R
turkuaz cerastyle lavabo	70	2	https://www.hepsiburada.com/turkuaz-seramik-cerastyle-sharp-80-cm-etajerli-lavabo-pm-HBC000008H8ZN
turkuaz taşı fiyatı	70	4	https://www.hepsiburada.com/firuze-tasi-x-s61960
turkuaz duvara sıfır klozet	70	9	https://www.hepsiburada.com/turkuaz-serami-k-bella-duvara-sifir-klozet-bella-slim-yavas-kapanan-kapak-cift-kademeli-ic-takim-dahil-pm-HB00000BYVWC
turkuaz doğal taş bileklik	60	8	https://www.hepsiburada.com/firuze-tasi-x-s61960
turkuaz petrol mavisi koltuk	60	3	https://www.hepsiburada.com/turkuaz-mavi-koltuk-x-s67351
turkuaz aqua asma klozet	60	8	https://www.hepsiburada.com/turkuaz-seramik-aqua-rimless-asma-klozet-slim-pp-melamin-klozet-kapagi-pm-HBC00003MS2MS
turkuaz çanak lavabo	60	3	https://www.hepsiburada.com/turkuaz-lavabolar-xc-60004458-b21921
turkuaz akü	60	4	https://www.hepsiburada.com/12v-75-ah-turkuaz-aku-yigit-aku-guvencesiyle-pm-HBC0000BIUB5Z
turkuaz taşlı erkek yüzük	60	1	https://www.hepsiburada.com/takilingo-925-ayar-gumus-akuamarin-tasli-turkuaz-detayli-usta-isi-erkek-yuzuk-pm-HBC00004NSAMH
açık turkuaz duvar boyası	60	8	https://www.hepsiburada.com/Turkuaz
turkuaz yüzük erkek	60	1	https://www.hepsiburada.com/fumeyabi-gumus-turkuaz-tasli-erkek-yuzuk-p-HBCV0000CCY9TD
iphone 11 turkuaz	50	3	https://www.hepsiburada.com/iphone-11-yesil-128-gb-x-s16614
turkuaz kolye ucu	50	8	https://www.hepsiburada.com/kolyeler-c-16032932?filtreler=renktipi:Turkuaz
turkuaz firuze taşı faydaları	50	9	https://www.hepsiburada.com/firuze-tasi-x-s61960
turkuaz duvar kağıdı telefon	50	7	https://www.hepsiburada.com/ozel-duvarlar-turkuaz-renkli-tropikal-yapraklar-duvar-kagidi-pm-HB00001B9RCD
turkuaz doğal taş kolye	50	10	https://www.hepsiburada.com/kolyeler-c-16032932?filtreler=renktipi:Turkuaz
turkuaz noura klozet	50	1	https://www.hepsiburada.com/turkuaz-seramik-cerastyle-noura-duvara-sifir-klozet-takimi-pm-HBC00000AAB3A
turkuaz taşlı bileklik	50	1	https://www.hepsiburada.com/seven-art-jewelry-dogal-tas-bileklik-turkuaz-bileklik-firuze-tasi-bileklik-kadin-bileklik-erkek-bileklik-ayarlanabilir-bileklik-pm-HBC000034D1CK
turkuaz çiçek	50	1	https://www.hepsiburada.com/tohum-dunyam-10-adet-turkuaz-renkli-gul-cicegi-tohumu-pm-HBC00000OU8LC
turkuaz lila asma klozet	50	7	https://www.hepsiburada.com/turkuaz-lila-asma-klozet-ve-pp-yavas-kapanan-kapak-pm-HBC000002NUM5
turkuaz taş kolye	50	11	https://www.hepsiburada.com/kolyeler-c-16032932?filtreler=renktipi:Turkuaz
turkuaz koltuk örtüsü	50	2	https://www.hepsiburada.com/turkuaz-sungerli-koltuk-ortusu-pm-HBC000053B9LT
nike turkuaz ayakkabı	50	5	https://www.hepsiburada.com/
firuze turkuaz taşı	50	6	https://www.hepsiburada.com/firuze-tasi-x-s61960
tofaş turkuaz renk kodu	50	9	https://www.hepsiburada.com/replax-fiat-tofas-slx-turkuaz-yesil-kod-468-rotus-boyasi-ve-vernik-pm-HBC00000T1TWM
turkuaz rengi halı	50	8	https://www.hepsiburada.com/turkuaz-hali-x-s49337
turkuaz kanepe	40	1	https://www.hepsiburada.com/retro-turkuaz-yatakli-kanepe-pm-HB00000LG0TG
turkuaz mutfak	40	5	https://www.hepsiburada.com/magaza/turkuaz-mutfak
turkuaz rengi tişört	40	1	https://www.hepsiburada.com/baran-isik-lakos-tisort-unisex-polo-yaka-yumusak-dokulu-basic-model-turkuaz-l-pm-HBC000066KAT4
turkuaz mona klozet	40	10	https://www.hepsiburada.com/turkuaz-seramik-cerastyle-mona-asma-klozet-yavas-kapanir-kapak-pm-HBC00000AAB36
gri turkuaz salon dekorasyonu	40	8	https://www.hepsiburada.com/turkuaz-ve-gri-tonlarda-modern-desenli-salon-halisi-yikanabilir-toz-tutmaz-kaymaz-tabanli-sm-100-pm-HBC0000CERCQD
turkuaz kırlent	40	3	https://www.hepsiburada.com/turkuaz-kirlent-x-s36035
turkuaz taş bileklik	40	8	https://www.hepsiburada.com/Firuze
turkuaz boya renkleri	40	1	https://www.hepsiburada.com/cadence-turkuaz-metalik-boya-120-ml-pm-HB000001I890
metalik turkuaz	40	6	https://www.hepsiburada.com/cadence-turkuaz-metalik-boya-120-ml-pm-HB000001I890
turkuaz sandalye	40	4	https://www.hepsiburada.com/turkuaz-sandalye-ortusu-kare-likrali-esnek-sandalye-kilifi-pm-HBC00004W7AOG
turkuaz renk elbise	40	2	https://www.hepsiburada.com/Moda
turkuaz yatak	40	9	https://www.hepsiburada.com/
turkuaz rengi boya	40	5	https://www.hepsiburada.com/Turkuaz
turkuaz fon	40	1	https://www.hepsiburada.com/tac-pileli-fon-perde-turkuaz-70-x-260-cm-pm-HB00000RVROO
turkuaz asma klozet fiyatları	40	10	https://www.hepsiburada.com/turkuaz-klozetler-xc-18021930-b21921
turkuaz mavisi duvar boyası	40	1	https://www.hepsiburada.com/premier-home-permolit-0-5-lt-akrilik-boya-turkuaz-mavi-multi-surface-permolit-pm-HBC000068KX7A
turkuaz rengi dış cephe boyası	40	10	https://www.hepsiburada.com/Turkuaz
turkuaz kırlent kılıfı	40	4	https://www.hepsiburada.com/tanem-home-nakisli-bohem-desen-keten-kumas-turkuaz-kirlent-kilifi-pm-HBC000020LO3X
nike mercurial turkuaz	40	1	https://www.hepsiburada.com/nike-mercurial-superfly-8-elite-sg-pro-anti-clog-cim-saha-krampon-dj2840-484-pm-HBC00003LNKOH
turkuaz mavisi elbise	40	6	https://www.hepsiburada.com/turkuaz-elbise-x-s13612
turkuaz tablo	40	4	https://www.hepsiburada.com/evine-moda-turkuaz-agaclar-kanvas-canvas-tablo-pm-HBC00000DGCTT
turkuaz bella	40	5	https://www.hepsiburada.com/
crocs turkuaz	40	9	https://www.hepsiburada.com/crocs-10001-classic-turkuaz-unisex-terlik-pm-HBC0000I5IBRY
turkuaz ayaklı lavabo fiyatları	40	7	https://www.hepsiburada.com/
turkuaz renk halı	40	8	https://www.hepsiburada.com/213-x-305-cm-turkuaz-renkli-patchwork-hali-otantik-renkli-hali-renkli-pecvork-pm-HBC00008P8EVC
turkuaz seramik lavabo	40	4	https://www.hepsiburada.com/turkuaz-seramik-cerastyle-sharp-80-cm-etajerli-lavabo-pm-HBC000008H8ZN
turkuaz masa örtüsü	30	4	https://www.hepsiburada.com/turkuaz-kalin-masa-ortusu-p-HBCV00008OKCIO
turkuaz rengi kodu	30	2	https://www.hepsiburada.com/pamukkale-rapid-boya-15-kg-turkuaz-ral-5018-pm-HBC00001V5OJ0
468 turkuaz boya	30	1	https://www.hepsiburada.com/motip-fiat-468-turkuaz-sprey-boya-400ml-pm-HBC000023P6TG
turkuaz tezgah üstü lavabo	30	2	https://www.hepsiburada.com/turkuaz-lavabolar-xc-60004458-b21921
turkuaz ev boyası	30	5	https://www.hepsiburada.com/turkuaz-boya-x-s40563
turkuaz fayans	30	1	https://www.hepsiburada.com/can-seramik-20-20-cm-turkuaz-kabartmali-selcuklu-yildizi-cini-karo-5-li-1-paket-pm-HBC0000094APK
turkuaz saç rengi	30	4	https://www.hepsiburada.com/sac-boyalari-beyazlik-giderici-urunler-c-26012284?filtreler=renktipi:Turkuaz
turkuaz cerastyle	30	5	https://www.hepsiburada.com/cerastyle-x-s38772
turkuaz klozet kapağı parçaları	30	1	https://www.hepsiburada.com/universal-klozet-kapaklari-xc-18021958-b542
turkuaz yolluk	30	2	https://www.hepsiburada.com/turkuaz-hali-x-s49337
mavi turkuaz taşı	30	10	https://www.hepsiburada.com/firuze-tasi-x-s61960
turkuaz taşlı altın kolye	30	1	https://www.hepsiburada.com/demasgold-pirlanta-14-ayar-altin-dorikali-turkuaz-renkli-damla-tasli-kolye-pm-HBC00001CYISQ
turkuaz klozet kapağı fiyatları	30	5	https://www.hepsiburada.com/turkuaz-klozet-kapaklari-xc-18021958-b21921
doğal turkuaz taşı	30	9	https://www.hepsiburada.com/firuze-tasi-x-s61960
turkuaz bella klozet kapağı	30	3	https://www.hepsiburada.com/turkuaz-seramik-bella-slim-yavas-kapanir-klozet-kapagi-pm-HB00000OTQL6
turkuaz boncuk kolye	30	4	https://www.hepsiburada.com/kolyeler-c-16032932?filtreler=renktipi:Turkuaz
turkuaz lavabo fiyatları	20	4	https://www.hepsiburada.com/turkuaz-seramik-cerastyle-sharp-80-cm-etajerli-lavabo-pm-HBC000008H8ZN
turkuaz mavi elbise	20	8	https://www.hepsiburada.com/turkuaz-elbise-x-s13612
turkuaz mavi lakos okul forması	20	3	https://www.hepsiburada.com/lacivert-yakali-turkuaz-kisa-kol-duz-renk-6-17-yas-cocuk-okul-lakos-tisort-polo-yaka-t-shirt-pm-HBC0000A124KB
turkuaz duru duvara sıfır klozet	20	3	https://www.hepsiburada.com/turkuaz-seramik-duru-btw-duv-sifir-klzt-set-damla-ic-tk-pp-soft-kapak-pm-HBC000042QM3Z
turkuaz mona asma klozet	20	5	https://www.hepsiburada.com/turkuaz-seramik-cerastyle-mona-asma-klozet-yavas-kapanir-kapak-pm-HBC00000AAB36
turkuaz nevresim takımı	20	8	https://www.hepsiburada.com/linens-sc-seine-nevresim-takimi-cift-kisilik-turkuaz-pm-HBC0000A673WL
turkuaz yemek takımı	20	4	https://www.hepsiburada.com/tulu-porselen-galaxy-turkuaz-x-s70914
turkuaz mavisi tişört	20	10	https://www.hepsiburada.com/turkuaz-mavi-bisiklet-yaka-loose-fit-modal-tisort-pm-HBC000081Q6NB
turkuaz yarım ayak lavabo	20	1	https://www.hepsiburada.com/turkuaz-bella-yarim-ayak-pm-HBC000073U5LU
turkuaz duru asma klozet	20	3	https://www.hepsiburada.com/
turkuaz duvar saati	20	4	https://www.hepsiburada.com/36-cm-turkuaz-24-saat-gostergeli-ozel-tasarim-duvar-saati-pm-HBC0000CT1F6P
turkuaz fayans modelleri	20	5	https://www.hepsiburada.com/turkuaz-seramik-lavabolar-xc-60004458-b117062
turkuaz lila klozet	20	1	https://www.hepsiburada.com/turkuaz-seramik-lila-asma-klozet-7t018406-pm-HB000014792F
turkuaz kumaş boyası	20	8	https://www.hepsiburada.com/cadence-619-turkuaz-kumas-boyasi-59-ml-cc-pm-HBC00000EOOX9
turkuaz yatak örtüsü	20	5	https://www.hepsiburada.com/turkuaz-yatak-ortusu-x-s52042
uçak camı tesbih turkuaz	20	3	https://www.hepsiburada.com/bilek-burokrat-boy-ucak-cami-tesbih-usta-yapimi-pm-HBC0000FU67AM
turkuaz iphone 11	20	3	https://www.hepsiburada.com/iphone-11-yesil-128-gb-x-s16614
